wd22cd,2021,2022,2023,2024,2025,2026,2027,2028,2029,2030,2031,2032,2033,2034,2035,2036,2037,2038,2039,2040,2041,2042,2043,2044,2045,2046,2047,2048,2049,2050,wd22nm,lad22nm,geometry
E05009317,7701,69.9982367368955,69.9982367368955,69.9982367368955,74.2565097963521,89.96722899441667,89.96722899441667,89.96722899441667,89.96722899441667,30.86833017119686,30.86833017119686,30.86833017119686,30.86833017119686,30.86833017119686,47.81932809702127,47.81932809702127,47.81932809702127,47.81932809702127,47.81932809702127,47.81932809702127,47.81932809702127,0,0,0,0,0,0,0,0,0,Bethnal Green,Tower Hamlets,"POLYGON ((-0.0370382095409806 51.5242483891472, -0.0500128985354715 51.5210699869631, -0.0563480409444522 51.5198341177604, -0.0561783309427876 51.5209646157823, -0.0558309543165325 51.5293192639133, -0.0490393631095416 51.5336541468905, -0.0370382095409806 51.5242483891472))"
E05009318,11443,740.6865530807237,740.6865530807237,740.6865530807237,634.215536320136,768.3988184256609,768.3988184256609,768.3988184256609,768.3988184256609,221.11357072984984,221.11357072984984,221.11357072984984,221.11357072984984,221.11357072984984,64.23865265616854,64.23865265616854,64.23865265616854,64.23865265616854,64.23865265616854,64.23865265616854,64.23865265616854,0,0,0,0,0,0,0,0,0,Blackwall & Cubitt Town,Tower Hamlets,"POLYGON ((0.005987909675438 51.5101639670448, 0.009835717622707 51.5084290698702, 0.0094262262291154 51.5078980423496, 0.0083758879380308 51.5086801911617, 0.0087838595146993 51.5073176147725, 0.0075573138094619 51.5073205024844, -0.002045856153879 51.5073426695626, -0.0079152847556881 51.5020081092981, -0.0086410683611925 51.5013483522813, -0.0032362578299086 51.4912702447847, -0.0173279255127327 51.4935155653209, -0.0154326968025927 51.5041401404893, -0.0106443987539201 51.5073485830484, 0.0022350553900027 51.5110094219231, 0.0070605627709964 51.5143010584472, 0.005987909675438 51.5101639670448))"
E05009319,8991,358.44283808417754,358.44283808417754,358.44283808417754,253.8563745250705,307.5656887352305,307.5656887352305,307.5656887352305,307.5656887352305,147.55499670487006,147.55499670487006,147.55499670487006,147.55499670487006,147.55499670487006,42.81534346947163,42.81534346947163,42.81534346947163,42.81534346947163,42.81534346947163,42.81534346947163,42.81534346947163,0,0,0,0,0,0,0,0,0,Bow East,Tower Hamlets,"POLYGON ((-0.016549676137034 51.5433298677014, -0.0212678337033492 51.5370074023034, -0.0180093218229161 51.5322241499022, -0.0136792559594497 51.5298450317844, -0.0210107899170071 51.5279297049697, -0.0227921068748026 51.5303751838392, -0.0298770848699528 51.5294044197698, -0.0349378411674446 51.5366302341712, -0.0407400510468822 51.5381166370861, -0.0374213185800631 51.5412814857388, -0.0331824559442432 51.5446861073386, -0.0289910688237788 51.5422729765039, -0.016549676137034 51.5433298677014))"
E05009320,5581,18.021979536618968,18.021979536618968,18.021979536618968,21.63052382458526,26.206972230887803,26.206972230887803,26.206972230887803,26.206972230887803,28.898011224099186,28.898011224099186,28.898011224099186,28.898011224099186,28.898011224099186,28.898011224099186,28.898011224099186,28.898011224099186,28.898011224099186,28.898011224099186,28.898011224099186,28.898011224099186,0,0,0,0,0,0,0,0,0,Bow West,Tower Hamlets,"POLYGON ((-0.0210107899170071 51.5279297049697, -0.0301668167030409 51.5260999423946, -0.0370382095409806 51.5242483891472, -0.0490393631095416 51.5336541468905, -0.0528561264090513 51.5349397023752, -0.0407400510468822 51.5381166370861, -0.0349378411674446 51.5366302341712, -0.0298770848699528 51.5294044197698, -0.0227921068748026 51.5303751838392, -0.0210107899170071 51.5279297049697))"
E05009321,4804,130.66439833260662,130.66439833260662,130.66439833260662,190.07508771428223,230.28996366005805,230.28996366005805,230.28996366005805,230.28996366005805,152.15240758143133,152.15240758143133,152.15240758143133,152.15240758143133,152.15240758143133,37.02948624386735,37.02948624386735,37.02948624386735,37.02948624386735,37.02948624386735,37.02948624386735,37.02948624386735,0,0,0,0,0,0,0,0,0,Bromley North,Tower Hamlets,"POLYGON ((-0.007811644691899 51.5253320137567, -0.023938744655182 51.5231751527776, -0.0301668167030409 51.5260999423946, -0.0210107899170071 51.5279297049697, -0.0136792559594497 51.5298450317844, -0.007811644691899 51.5253320137567))"
E05009322,5388,16.948725359699154,16.948725359699154,16.948725359699154,65.15453335746618,78.93951437619928,78.93951437619928,78.93951437619928,78.93951437619928,170.54205108767627,170.54205108767627,170.54205108767627,170.54205108767627,170.54205108767627,44.379088665580895,44.379088665580895,44.379088665580895,44.379088665580895,44.379088665580895,44.379088665580895,44.379088665580895,0,0,0,0,0,0,0,0,0,Bromley South,Tower Hamlets,"POLYGON ((-0.0080903401132746 51.5238353119479, -0.0216115686658594 51.5165712317886, -0.027313657581791 51.5207355465151, -0.023938744655182 51.5231751527776, -0.007811644691899 51.5253320137567, -0.0080903401132746 51.5238353119479))"
E05009323,10721,697.8342985836152,697.8342985836152,697.8342985836152,683.0682479795087,827.587475540177,827.587475540177,827.587475540177,827.587475540177,309.5589990217897,309.5589990217897,309.5589990217897,309.5589990217897,309.5589990217897,75.96674162698802,75.96674162698802,75.96674162698802,75.96674162698802,75.96674162698802,75.96674162698802,75.96674162698802,0,0,0,0,0,0,0,0,0,Canary Wharf,Tower Hamlets,"POLYGON ((-0.0106443987539201 51.5073485830484, -0.0154326968025927 51.5041401404893, -0.0173279255127327 51.4935155653209, -0.0261924911944529 51.4939160563371, -0.0262117616628073 51.4939649696022, -0.0288667316290014 51.5023620207148, -0.0303737550450365 51.5071941458296, -0.0254904733157021 51.5097372008637, -0.0106443987539201 51.5073485830484))"
E05009324,6700,20.50719000643495,20.50719000643495,20.50719000643495,39.7916612425157,48.21052738529777,48.21052738529777,48.21052738529777,48.21052738529777,28.898011224099186,28.898011224099186,28.898011224099186,28.898011224099186,28.898011224099186,31.400003537874007,31.400003537874007,31.400003537874007,31.400003537874007,31.400003537874007,31.400003537874007,31.400003537874007,0,0,0,0,0,0,0,0,0,Island Gardens,Tower Hamlets,"POLYGON ((-0.0173279255127327 51.4935155653209, -0.0032362578299086 51.4912702447847, -0.0030244991102893 51.4908752961792, -0.0065000193329938 51.4871241922925, -0.0163816641307183 51.4861488176913, -0.0244033449161679 51.489374231405, -0.0261924911944529 51.4939160563371, -0.0173279255127327 51.4935155653209))"
E05009325,8200,339.2133524027764,339.2133524027764,339.2133524027764,379.8492803498456,460.2153707778729,460.2153707778729,460.2153707778729,460.2153707778729,204.91317049815788,204.91317049815788,204.91317049815788,204.91317049815788,204.91317049815788,62.8312819796702,62.8312819796702,62.8312819796702,62.8312819796702,62.8312819796702,62.8312819796702,62.8312819796702,0,0,0,0,0,0,0,0,0,Lansbury,Tower Hamlets,"POLYGON ((0.0041220976305709 51.5146596095557, -0.0209781872873114 51.5108095738685, -0.0244997126091207 51.5137835271499, -0.0216115686658594 51.5165712317886, -0.0080903401132746 51.5238353119479, -0.0056638402112066 51.5167641466106, -0.0022163233441921 51.5179991227225, 0.0041220976305709 51.5146596095557))"
E05009326,3346,16.257079563710636,16.257079563710636,16.257079563710636,19.51223760444867,23.6405125095058,23.6405125095058,23.6405125095058,23.6405125095058,57.358173793287776,57.358173793287776,57.358173793287776,57.358173793287776,57.358173793287776,29.836258341764744,29.836258341764744,29.836258341764744,29.836258341764744,29.836258341764744,29.836258341764744,29.836258341764744,0,0,0,0,0,0,0,0,0,Limehouse,Tower Hamlets,"POLYGON ((-0.0364699720187851 51.5125969460205, -0.0281061923329761 51.5118720905344, -0.0254904733157021 51.5097372008637, -0.0303737550450365 51.5071941458296, -0.041881876537095 51.5097198471731, -0.0418953835703518 51.5106003928849, -0.038924331487091 51.5126982402087, -0.0364699720187851 51.5125969460205))"
E05009327,8270,45.91127421095619,45.91127421095619,45.91127421095619,92.32710231068224,111.86108233145296,111.86108233145296,111.86108233145296,111.86108233145296,41.3766978890511,41.3766978890511,41.3766978890511,41.3766978890511,41.3766978890511,59.07829350900796,59.07829350900796,59.07829350900796,59.07829350900796,59.07829350900796,59.07829350900796,59.07829350900796,0,0,0,0,0,0,0,0,0,Mile End,Tower Hamlets,"POLYGON ((-0.023938744655182 51.5231751527776, -0.027313657581791 51.5207355465151, -0.0216115686658594 51.5165712317886, -0.0244997126091207 51.5137835271499, -0.0209781872873114 51.5108095738685, -0.0281061923329761 51.5118720905344, -0.0364699720187851 51.5125969460205, -0.0337584000279185 51.5167610231055, -0.0370382095409806 51.5242483891472, -0.0301668167030409 51.5260999423946, -0.023938744655182 51.5231751527776))"
E05009328,3180,160.8096718703266,160.8096718703266,160.8096718703266,130.3077347525723,157.87741498192932,157.87741498192932,157.87741498192932,157.87741498192932,289.1990365684471,289.1990365684471,289.1990365684471,289.1990365684471,289.1990365684471,67.83526660721984,67.83526660721984,67.83526660721984,67.83526660721984,67.83526660721984,67.83526660721984,67.83526660721984,0,0,0,0,0,0,0,0,0,Poplar,Tower Hamlets,"POLYGON ((0.0022350553900027 51.5110094219231, -0.0106443987539201 51.5073485830484, -0.0254904733157021 51.5097372008637, -0.0281061923329761 51.5118720905344, -0.0209781872873114 51.5108095738685, 0.0041220976305709 51.5146596095557, 0.0022350553900027 51.5110094219231))"
E05009329,5052,18.73162090758771,18.73162090758771,18.73162090758771,24.650587217800812,29.86600139372124,29.86600139372124,29.86600139372124,29.86600139372124,45.97410876561234,45.97410876561234,45.97410876561234,45.97410876561234,45.97410876561234,46.255582900912,46.255582900912,46.255582900912,46.255582900912,46.255582900912,46.255582900912,46.255582900912,0,0,0,0,0,0,0,0,0,St Dunstan's,Tower Hamlets,"POLYGON ((-0.0364699720187851 51.5125969460205, -0.038924331487091 51.5126982402087, -0.0418120033399898 51.5129479546367, -0.0426850959256503 51.5177592199401, -0.0500128985354715 51.5210699869631, -0.0370382095409806 51.5242483891472, -0.0337584000279185 51.5167610231055, -0.0364699720187851 51.5125969460205))"
E05009330,6811,130.1706293622466,130.1706293622466,130.1706293622466,159.66790829741527,193.44942696941524,193.44942696941524,193.44942696941524,193.44942696941524,210.82412733945088,210.82412733945088,210.82412733945088,210.82412733945088,210.82412733945088,57.04542475406593,57.04542475406593,57.04542475406593,57.04542475406593,57.04542475406593,57.04542475406593,57.04542475406593,0,0,0,0,0,0,0,0,0,St Katharine's & Wapping,Tower Hamlets,"POLYGON ((-0.041881876537095 51.5097198471731, -0.0420983428656718 51.5097665256598, -0.0597656797868999 51.502874151523, -0.0598090373301032 51.5028788555077, -0.0787023512418595 51.5076784373144, -0.0745446293087759 51.5099541991881, -0.0604865061131403 51.509444426717, -0.0418953835703518 51.5106003928849, -0.041881876537095 51.5097198471731))"
E05009331,7972,50.64707030951235,50.64707030951235,50.64707030951235,52.29551514437339,63.35986702415626,63.35986702415626,63.35986702415626,63.35986702415626,102.23766092162364,102.23766092162364,102.23766092162364,102.23766092162364,102.23766092162364,71.43188055827115,71.43188055827115,71.43188055827115,71.43188055827115,71.43188055827115,71.43188055827115,71.43188055827115,0,0,0,0,0,0,0,0,0,St Peter's,Tower Hamlets,"POLYGON ((-0.0573018977658269 51.5344159680718, -0.0528561264090513 51.5349397023752, -0.0490393631095416 51.5336541468905, -0.0558309543165325 51.5293192639133, -0.0561783309427876 51.5209646157823, -0.0639899218850409 51.5235834485096, -0.0662526233576393 51.5312257039046, -0.0624325362095428 51.5355320712099, -0.0573018977658269 51.5344159680718))"
E05009332,4896,33.55111060197142,33.55111060197142,33.55111060197142,32.13781667004111,38.93733114663854,38.93733114663854,38.93733114663854,38.93733114663854,47.068730402888825,47.068730402888825,47.068730402888825,47.068730402888825,47.068730402888825,36.716737204645504,36.716737204645504,36.716737204645504,36.716737204645504,36.716737204645504,36.716737204645504,36.716737204645504,0,0,0,0,0,0,0,0,0,Shadwell,Tower Hamlets,"POLYGON ((-0.0556964403630103 51.5143452453374, -0.0418120033399898 51.5129479546367, -0.038924331487091 51.5126982402087, -0.0418953835703518 51.5106003928849, -0.0604865061131403 51.509444426717, -0.0618835809077793 51.5147588470217, -0.0556964403630103 51.5143452453374))"
E05009333,5884,44.437099032861546,44.437099032861546,44.437099032861546,141.8749055551386,171.89189407966813,171.89189407966813,171.89189407966813,171.89189407966813,61.95558466984901,61.95558466984901,61.95558466984901,61.95558466984901,61.95558466984901,63.14403101889205,63.14403101889205,63.14403101889205,63.14403101889205,63.14403101889205,63.14403101889205,63.14403101889205,0,0,0,0,0,0,0,0,0,Spitalfields & Banglatown,Tower Hamlets,"POLYGON ((-0.0561783309427876 51.5209646157823, -0.0563480409444522 51.5198341177604, -0.0740032846027966 51.514478466161, -0.0768768736580461 51.5166298632941, -0.0785337820564326 51.5215053445643, -0.076119965722006 51.5223689791196, -0.0639899218850409 51.5235834485096, -0.0561783309427876 51.5209646157823))"
E05009334,4505,17.181006038332388,17.181006038332388,17.181006038332388,45.91835004286569,55.633461964236105,55.633461964236105,55.633461964236105,55.633461964236105,33.27649777320512,33.27649777320512,33.27649777320512,33.27649777320512,33.27649777320512,38.74960595958754,38.74960595958754,38.74960595958754,38.74960595958754,38.74960595958754,38.74960595958754,38.74960595958754,0,0,0,0,0,0,0,0,0,Stepney Green,Tower Hamlets,"POLYGON ((-0.0418120033399898 51.5129479546367, -0.0556964403630103 51.5143452453374, -0.0563480409444522 51.5198341177604, -0.0500128985354715 51.5210699869631, -0.0426850959256503 51.5177592199401, -0.0418120033399898 51.5129479546367))"
E05009335,6082,18.347861227607737,18.347861227607737,18.347861227607737,128.63123484689353,155.84621190846184,155.84621190846184,155.84621190846184,155.84621190846184,28.898011224099186,28.898011224099186,28.898011224099186,28.898011224099186,28.898011224099186,42.97171798908255,42.97171798908255,42.97171798908255,42.97171798908255,42.97171798908255,42.97171798908255,42.97171798908255,0,0,0,0,0,0,0,0,0,Weavers,Tower Hamlets,"POLYGON ((-0.0639899218850409 51.5235834485096, -0.076119965722006 51.5223689791196, -0.0757153095558964 51.5283581951982, -0.0662526233576393 51.5312257039046, -0.0639899218850409 51.5235834485096))"
E05009336,8947,243.36786162212263,243.36786162212263,243.36786162212263,122.42559969156729,148.32762800778858,148.32762800778858,148.32762800778858,148.32762800778858,106.17829881581898,106.17829881581898,106.17829881581898,106.17829881581898,106.17829881581898,48.13207713624313,48.13207713624313,48.13207713624313,48.13207713624313,48.13207713624313,48.13207713624313,48.13207713624313,0,0,0,0,0,0,0,0,0,Whitechapel,Tower Hamlets,"POLYGON ((-0.0556964403630103 51.5143452453374, -0.0618835809077793 51.5147588470217, -0.0604865061131403 51.509444426717, -0.0745446293087759 51.5099541991881, -0.0730520769526355 51.511808326193, -0.0740032846027966 51.514478466161, -0.0563480409444522 51.5198341177604, -0.0556964403630103 51.5143452453374))"
E05009367,4431,45.89916294893578,45.89916294893578,45.89916294893578,19.673497621921992,23.835890893966024,23.835890893966024,23.835890893966024,23.835890893966024,34.298144634663174,34.298144634663174,34.298144634663174,34.298144634663174,34.298144634663174,34.298144634663174,34.298144634663174,34.298144634663174,34.298144634663174,34.298144634663174,34.298144634663174,34.298144634663174,0,0,0,0,0,0,0,0,0,Brownswood,Hackney,"POLYGON ((-0.092435360054862 51.5639164592538, -0.0917208658954034 51.5602294857003, -0.0985613418320497 51.5608398450544, -0.0995655142792235 51.5615627979077, -0.104370616733993 51.5647782736229, -0.104034742251588 51.5649679882959, -0.0980737731247675 51.5691053885655, -0.092435360054862 51.5639164592538))"
E05009368,5707,28.136357004032835,28.136357004032835,28.136357004032835,31.24038615903673,37.85002800632755,37.85002800632755,37.85002800632755,37.85002800632755,34.298144634663174,34.298144634663174,34.298144634663174,34.298144634663174,34.298144634663174,34.298144634663174,34.298144634663174,34.298144634663174,34.298144634663174,34.298144634663174,34.298144634663174,34.298144634663174,0,0,0,0,0,0,0,0,0,Cazenove,Hackney,"POLYGON ((-0.0581510498674144 51.563013138836, -0.0715986588488782 51.5628488178789, -0.0730810546601441 51.5653938427535, -0.0728370952445815 51.57028177397, -0.065287416248901 51.5710926369985, -0.0581510498674144 51.563013138836))"
E05009369,5843,39.121355087362744,39.121355087362744,39.121355087362744,22.7416084395297,27.553133049097852,27.553133049097852,27.553133049097852,27.553133049097852,34.298144634663174,34.298144634663174,34.298144634663174,34.298144634663174,34.298144634663174,34.298144634663174,34.298144634663174,34.298144634663174,34.298144634663174,34.298144634663174,34.298144634663174,34.298144634663174,0,0,0,0,0,0,0,0,0,Clissold,Hackney,"POLYGON ((-0.0792036019809902 51.5551357387769, -0.0794131992919227 51.551653660736, -0.0903769291555827 51.5541520244099, -0.0903892852395189 51.5575769993214, -0.0917208658954034 51.5602294857003, -0.092435360054862 51.5639164592538, -0.0917719742061208 51.5640828522367, -0.084707353990364 51.5658479540943, -0.0792036019809902 51.5551357387769))"
E05009370,4408,51.61127985489945,51.61127985489945,51.61127985489945,42.7918307469255,51.845453637091005,51.845453637091005,51.845453637091005,51.845453637091005,34.298144634663174,34.298144634663174,34.298144634663174,34.298144634663174,34.298144634663174,74.17364713544939,74.17364713544939,74.17364713544939,74.17364713544939,74.17364713544939,74.17364713544939,74.17364713544939,0,0,0,0,0,0,0,0,0,Dalston,Hackney,"POLYGON ((-0.0644904189011219 51.544069128907, -0.0760619709853172 51.5441482642466, -0.0768126392849643 51.5460813997276, -0.0777229404119908 51.5494658731379, -0.0685066541480414 51.5511613834782, -0.0644904189011219 51.544069128907))"
E05009371,4383,26.880134892170076,26.880134892170076,26.880134892170076,32.262349261452464,39.08821155024894,39.08821155024894,39.08821155024894,39.08821155024894,34.298144634663174,34.298144634663174,34.298144634663174,34.298144634663174,34.298144634663174,34.298144634663174,34.298144634663174,34.298144634663174,34.298144634663174,34.298144634663174,34.298144634663174,34.298144634663174,0,0,0,0,0,0,0,0,0,De Beauvoir,Hackney,"POLYGON ((-0.0768126392849643 51.5460813997276, -0.0760619709853172 51.5441482642466, -0.0767151252810623 51.5390215922086, -0.0781532047111421 51.5366513602116, -0.0865907957638547 51.5372571635935, -0.0865582719666779 51.5373667814732, -0.0838093677597725 51.5465901347409, -0.0768126392849643 51.5460813997276))"
E05009372,6144,60.64347452555258,60.64347452555258,60.64347452555258,25.80563662823821,31.265428798721523,31.265428798721523,31.265428798721523,31.265428798721523,34.95491761702907,34.95491761702907,34.95491761702907,34.95491761702907,34.95491761702907,57.441573537080274,57.441573537080274,57.441573537080274,57.441573537080274,57.441573537080274,57.441573537080274,57.441573537080274,0,0,0,0,0,0,0,0,0,Hackney Central,Hackney,"POLYGON ((-0.0553620300232874 51.5436356850534, -0.0644904189011219 51.544069128907, -0.0685066541480414 51.5511613834782, -0.0639097378455011 51.5519051885955, -0.0560093856792051 51.5521742508787, -0.05128760203843 51.5473224872587, -0.0553620300232874 51.5436356850534))"
E05009373,5799,56.440473556284715,56.440473556284715,56.440473556284715,35.03590979672075,42.448584351107634,42.448584351107634,42.448584351107634,42.448584351107634,34.298144634663174,34.298144634663174,34.298144634663174,34.298144634663174,34.298144634663174,40.24037637987837,40.24037637987837,40.24037637987837,40.24037637987837,40.24037637987837,40.24037637987837,40.24037637987837,0,0,0,0,0,0,0,0,0,Hackney Downs,Hackney,"POLYGON ((-0.0573356313832331 51.5618258853802, -0.0529253296638644 51.5527849266557, -0.0560093856792051 51.5521742508787, -0.0639097378455011 51.5519051885955, -0.0681258654493313 51.5555893831463, -0.0715986588488782 51.5628488178789, -0.0581510498674144 51.563013138836, -0.0573356313832331 51.5618258853802))"
E05009374,5265,122.6633020678524,122.6633020678524,122.6633020678524,190.2294172662916,230.47694527533065,230.47694527533065,230.47694527533065,230.47694527533065,67.355718080413,67.355718080413,67.355718080413,67.355718080413,67.355718080413,51.34296727225415,51.34296727225415,51.34296727225415,51.34296727225415,51.34296727225415,51.34296727225415,51.34296727225415,0,0,0,0,0,0,0,0,0,Hackney Wick,Hackney,"POLYGON ((-0.0171400329819697 51.5515773128463, -0.016549676137034 51.5433298677014, -0.0289910688237788 51.5422729765039, -0.0331824559442432 51.5446861073386, -0.0374213185800631 51.5412814857388, -0.0483659893721372 51.5428576668018, -0.0416709412301208 51.5452533772244, -0.040970474373793 51.5487353432101, -0.0171649974466452 51.5516761847925, -0.0171400329819697 51.5515773128463))"
E05009375,6757,30.073260588136517,30.073260588136517,30.073260588136517,64.46382449943783,78.10266973902027,78.10266973902027,78.10266973902027,78.10266973902027,34.298144634663174,34.298144634663174,34.298144634663174,34.298144634663174,34.298144634663174,34.298144634663174,34.298144634663174,34.298144634663174,34.298144634663174,34.298144634663174,34.298144634663174,34.298144634663174,0,0,0,0,0,0,0,0,0,Haggerston,Hackney,"POLYGON ((-0.0624325362095428 51.5355320712099, -0.0662526233576393 51.5312257039046, -0.0757153095558964 51.5283581951982, -0.0781532047111421 51.5366513602116, -0.0767151252810623 51.5390215922086, -0.0657283325512948 51.5388469645448, -0.0624325362095428 51.5355320712099))"
E05009376,5883,69.94641638102766,69.94641638102766,69.94641638102766,47.45157184603332,57.491073067196815,57.491073067196815,57.491073067196815,57.491073067196815,50.49854486635515,50.49854486635515,50.49854486635515,50.49854486635515,50.49854486635515,45.7134845662608,45.7134845662608,45.7134845662608,45.7134845662608,45.7134845662608,45.7134845662608,45.7134845662608,0,0,0,0,0,0,0,0,0,Homerton,Hackney,"POLYGON ((-0.0440393790467671 51.5520113400161, -0.040970474373793 51.5487353432101, -0.0416709412301208 51.5452533772244, -0.0483659893721372 51.5428576668018, -0.0552544831701937 51.5422328827605, -0.0553620300232874 51.5436356850534, -0.05128760203843 51.5473224872587, -0.0560093856792051 51.5521742508787, -0.0529253296638644 51.5527849266557, -0.0440393790467671 51.5520113400161))"
E05009377,6197,243.11803066796543,243.11803066796543,243.11803066796543,61.7738822505688,74.84360664880155,74.84360664880155,74.84360664880155,74.84360664880155,43.71189071524094,43.71189071524094,43.71189071524094,43.71189071524094,43.71189071524094,34.298144634663174,34.298144634663174,34.298144634663174,34.298144634663174,34.298144634663174,34.298144634663174,34.298144634663174,0,0,0,0,0,0,0,0,0,Hoxton East & Shoreditch,Hackney,"POLYGON ((-0.0781532047111421 51.5366513602116, -0.0757153095558964 51.5283581951982, -0.076119965722006 51.5223689791196, -0.0785337820564326 51.5215053445643, -0.0851915950746035 51.520336203493, -0.0849960244072782 51.5262047436291, -0.0830064075811121 51.5332004457925, -0.0896640268378087 51.5360095892947, -0.0865907957638547 51.5372571635935, -0.0781532047111421 51.5366513602116))"
E05009378,7188,89.7174278530608,89.7174278530608,89.7174278530608,19.14140700284957,23.1912239320639,23.1912239320639,23.1912239320639,23.1912239320639,35.173841944484366,35.173841944484366,35.173841944484366,35.173841944484366,35.173841944484366,37.73838406610355,37.73838406610355,37.73838406610355,37.73838406610355,37.73838406610355,37.73838406610355,37.73838406610355,0,0,0,0,0,0,0,0,0,Hoxton West,Hackney,"POLYGON ((-0.0849960244072782 51.5262047436291, -0.0914896770890562 51.5281974727228, -0.0970072775126515 51.53298432942, -0.0931413182455204 51.5343941301494, -0.0896640268378087 51.5360095892947, -0.0830064075811121 51.5332004457925, -0.0849960244072782 51.5262047436291))"
E05009379,5229,19.992569900137873,19.992569900137873,19.992569900137873,24.176380060164053,29.291464507205816,29.291464507205816,29.291464507205816,29.291464507205816,34.51706896211847,34.51706896211847,34.51706896211847,34.51706896211847,34.51706896211847,34.298144634663174,34.298144634663174,34.298144634663174,34.298144634663174,34.298144634663174,34.298144634663174,34.298144634663174,0,0,0,0,0,0,0,0,0,King's Park,Hackney,"POLYGON ((-0.03003074788377 51.5613653171739, -0.0171649974466452 51.5516761847925, -0.040970474373793 51.5487353432101, -0.0440393790467671 51.5520113400161, -0.0451268451536833 51.5617915487147, -0.03003074788377 51.5613653171739))"
E05009380,5965,32.24178433048601,32.24178433048601,32.24178433048601,26.229662958429454,31.77916791806069,31.77916791806069,31.77916791806069,31.77916791806069,34.298144634663174,34.298144634663174,34.298144634663174,34.298144634663174,34.298144634663174,34.298144634663174,34.298144634663174,34.298144634663174,34.298144634663174,34.298144634663174,34.298144634663174,34.298144634663174,0,0,0,0,0,0,0,0,0,Lea Bridge,Hackney,"POLYGON ((-0.0451268451536833 51.5617915487147, -0.0440393790467671 51.5520113400161, -0.0529253296638644 51.5527849266557, -0.0573356313832331 51.5618258853802, -0.0511512761908931 51.5677252078935, -0.0451268451536833 51.5617915487147))"
E05009381,6064,32.246500702322166,32.246500702322166,32.246500702322166,31.656149689261945,38.35375613513244,38.35375613513244,38.35375613513244,38.35375613513244,35.173841944484366,35.173841944484366,35.173841944484366,35.173841944484366,35.173841944484366,34.92364271310688,34.92364271310688,34.92364271310688,34.92364271310688,34.92364271310688,34.92364271310688,34.92364271310688,0,0,0,0,0,0,0,0,0,London Fields,Hackney,"POLYGON ((-0.0553620300232874 51.5436356850534, -0.0552544831701937 51.5422328827605, -0.0573018977658269 51.5344159680718, -0.0624325362095428 51.5355320712099, -0.0657283325512948 51.5388469645448, -0.0767151252810623 51.5390215922086, -0.0760619709853172 51.5441482642466, -0.0644904189011219 51.544069128907, -0.0553620300232874 51.5436356850534))"
E05009382,4123,17.447824711712606,17.447824711712606,17.447824711712606,22.025571072945635,26.685601058910073,26.685601058910073,26.685601058910073,26.685601058910073,35.83061492685025,35.83061492685025,35.83061492685025,35.83061492685025,35.83061492685025,35.549140791550585,35.549140791550585,35.549140791550585,35.549140791550585,35.549140791550585,35.549140791550585,35.549140791550585,0,0,0,0,0,0,0,0,0,Shacklewell,Hackney,"POLYGON ((-0.0639097378455011 51.5519051885955, -0.0685066541480414 51.5511613834782, -0.0777229404119908 51.5494658731379, -0.0794131992919227 51.551653660736, -0.0792036019809902 51.5551357387769, -0.0681258654493313 51.5555893831463, -0.0639097378455011 51.5519051885955))"
E05009383,5962,89.15714691214829,89.15714691214829,89.15714691214829,41.95918690139497,50.83664431212976,50.83664431212976,50.83664431212976,50.83664431212976,36.70631223667144,36.70631223667144,36.70631223667144,36.70631223667144,36.70631223667144,36.01826435038337,36.01826435038337,36.01826435038337,36.01826435038337,36.01826435038337,36.01826435038337,36.01826435038337,0,0,0,0,0,0,0,0,0,Springfield,Hackney,"POLYGON ((-0.0511512761908931 51.5677252078935, -0.0573356313832331 51.5618258853802, -0.0581510498674144 51.563013138836, -0.065287416248901 51.5710926369985, -0.0728370952445815 51.57028177397, -0.0767823219237451 51.5743213564942, -0.076241569267745 51.5749362539641, -0.0723910763081699 51.5756305607206, -0.0611585749892377 51.5777860362647, -0.0511512761908931 51.5677252078935))"
E05009384,3718,18.30280092030204,18.30280092030204,18.30280092030204,22.32896252567221,27.053182142067055,27.053182142067055,27.053182142067055,27.053182142067055,34.73599328957377,34.73599328957377,34.73599328957377,34.73599328957377,34.73599328957377,87.3091067827672,87.3091067827672,87.3091067827672,87.3091067827672,87.3091067827672,87.3091067827672,87.3091067827672,0,0,0,0,0,0,0,0,0,Stamford Hill West,Hackney,"POLYGON ((-0.0728370952445815 51.57028177397, -0.0730810546601441 51.5653938427535, -0.084707353990364 51.5658479540943, -0.0917719742061208 51.5640828522367, -0.0877846474247927 51.5695401592927, -0.0797228053494725 51.5705306494992, -0.0767823219237451 51.5743213564942, -0.0728370952445815 51.57028177397))"
E05009385,6065,28.20478533431711,28.20478533431711,28.20478533431711,32.04529270638576,38.82523155229346,38.82523155229346,38.82523155229346,38.82523155229346,43.05511773287505,43.05511773287505,43.05511773287505,43.05511773287505,43.05511773287505,34.76726819349595,34.76726819349595,34.76726819349595,34.76726819349595,34.76726819349595,34.76726819349595,34.76726819349595,0,0,0,0,0,0,0,0,0,Stoke Newington,Hackney,"POLYGON ((-0.0730810546601441 51.5653938427535, -0.0715986588488782 51.5628488178789, -0.0681258654493313 51.5555893831463, -0.0792036019809902 51.5551357387769, -0.084707353990364 51.5658479540943, -0.0730810546601441 51.5653938427535))"
E05009386,5538,26.42030307992056,26.42030307992056,26.42030307992056,29.361420641025976,35.57352293633312,35.57352293633312,35.57352293633312,35.57352293633312,36.70631223667144,36.70631223667144,36.70631223667144,36.70631223667144,36.70631223667144,35.861889830772434,35.861889830772434,35.861889830772434,35.861889830772434,35.861889830772434,35.861889830772434,35.861889830772434,0,0,0,0,0,0,0,0,0,Victoria,Hackney,"POLYGON ((-0.0374213185800631 51.5412814857388, -0.0407400510468822 51.5381166370861, -0.0528561264090513 51.5349397023752, -0.0573018977658269 51.5344159680718, -0.0552544831701937 51.5422328827605, -0.0483659893721372 51.5428576668018, -0.0374213185800631 51.5412814857388))"
E05009387,5670,89.44698212328858,89.44698212328858,89.44698212328858,93.98559706074438,113.870470833203,113.870470833203,113.870470833203,113.870470833203,124.71389187370076,124.71389187370076,124.71389187370076,124.71389187370076,124.71389187370076,99.03719575358669,99.03719575358669,99.03719575358669,99.03719575358669,99.03719575358669,99.03719575358669,99.03719575358669,0,0,0,0,0,0,0,0,0,Woodberry Down,Hackney,"POLYGON ((-0.0767823219237451 51.5743213564942, -0.0797228053494725 51.5705306494992, -0.0877846474247927 51.5695401592927, -0.0917719742061208 51.5640828522367, -0.092435360054862 51.5639164592538, -0.0980737731247675 51.5691053885655, -0.0976377322755438 51.5736548617879, -0.085661658737207 51.5750398010949, -0.076241569267745 51.5749362539641, -0.0767823219237451 51.5743213564942))"
E05009388,5162,49.45808618200941,49.45808618200941,49.45808618200941,48.158047506136896,58.34702034597187,58.34702034597187,58.34702034597187,58.34702034597187,7.175852955479175,7.175852955479175,7.175852955479175,7.175852955479175,7.175852955479175,7.175852955479175,7.175852955479175,7.175852955479175,7.175852955479175,7.175852955479175,7.175852955479175,7.175852955479175,0,0,0,0,0,0,0,0,0,Abingdon,Kensington and Chelsea,"POLYGON ((-0.189480689127471 51.4946833735118, -0.191102271815383 51.4947317694565, -0.201811499301514 51.491852408748, -0.203083347764152 51.4933725212104, -0.20583673488165 51.4966477809787, -0.198490748661585 51.4990935759988, -0.19311360384684 51.5010270683741, -0.189480689127471 51.4946833735118))"
E05009389,7377,19.88454296652032,19.88454296652032,19.88454296652032,7.784244876715506,9.431185808392016,9.431185808392016,9.431185808392016,9.431185808392016,7.175852955479175,7.175852955479175,7.175852955479175,7.175852955479175,7.175852955479175,7.175852955479175,7.175852955479175,7.175852955479175,7.175852955479175,7.175852955479175,7.175852955479175,7.175852955479175,0,0,0,0,0,0,0,0,0,Brompton & Hans Town,Kensington and Chelsea,"POLYGON ((-0.155816826032337 51.4947324152021, -0.166327639845282 51.4908210339719, -0.171653953669417 51.4918834809411, -0.179032508389729 51.4953138272485, -0.179546548954858 51.4977795217552, -0.165481234843845 51.4986979728123, -0.158448217525237 51.5022504177161, -0.155816826032337 51.4947324152021))"
E05009390,5358,20.331232857161027,20.331232857161027,20.331232857161027,7.416904566748547,8.986125976246488,8.986125976246488,8.986125976246488,8.986125976246488,7.175852955479175,7.175852955479175,7.175852955479175,7.175852955479175,7.175852955479175,7.175852955479175,7.175852955479175,7.175852955479175,7.175852955479175,7.175852955479175,7.175852955479175,7.175852955479175,0,0,0,0,0,0,0,0,0,Campden,Kensington and Chelsea,"POLYGON ((-0.184234923274109 51.5017946276641, -0.19311360384684 51.5010270683741, -0.198490748661585 51.4990935759988, -0.203784687890067 51.5076854922465, -0.203080497170899 51.5078931647682, -0.192121606468868 51.5098744443778, -0.189079283257286 51.5101220258654, -0.184234923274109 51.5017946276641))"
E05009391,4796,50.189232181622685,50.189232181622685,50.189232181622685,8.379396011711053,10.152255228369816,10.152255228369816,10.152255228369816,10.152255228369816,8.92724757512155,8.92724757512155,8.92724757512155,8.92724757512155,8.92724757512155,8.27047459275566,8.27047459275566,8.27047459275566,8.27047459275566,8.27047459275566,8.27047459275566,8.27047459275566,0,0,0,0,0,0,0,0,0,Chelsea Riverside,Kensington and Chelsea,"MULTIPOLYGON (((-0.179438042764162 51.4775199243473, -0.1828807609735 51.4774579943931, -0.179399746723382 51.4775950547796, -0.179438042764162 51.4775199243473)), ((-0.183785340372622 51.4774417050437, -0.183883900110734 51.4774399302466, -0.186523906968959 51.4798711622544, -0.170109654028659 51.4869565586809, -0.164339602964177 51.4834826457732, -0.170615013391759 51.4815336822333, -0.172562502054764 51.4811808782926, -0.173218830005105 51.4807248611592, -0.181663969506671 51.4781009590509, -0.183785340372622 51.4774417050437)))"
E05009392,5269,5.725073951427991,5.725073951427991,5.725073951427991,6.87140656509191,8.325214983181603,8.325214983181603,8.325214983181603,8.325214983181603,7.175852955479175,7.175852955479175,7.175852955479175,7.175852955479175,7.175852955479175,7.175852955479175,7.175852955479175,7.175852955479175,7.175852955479175,7.175852955479175,7.175852955479175,7.175852955479175,0,0,0,0,0,0,0,0,0,Colville,Kensington and Chelsea,"POLYGON ((-0.199916228771765 51.5168480352109, -0.199178343182813 51.5145533565738, -0.205194601508087 51.5107842832035, -0.209007107916751 51.5160205589113, -0.210236843621863 51.5177379975999, -0.203742319568994 51.52062432557, -0.199916228771765 51.5168480352109))"
E05009393,6249,5.823913149554997,5.823913149554997,5.823913149554997,8.254895753862442,10.00141399925134,10.00141399925134,10.00141399925134,10.00141399925134,28.41151271864297,28.41151271864297,28.41151271864297,28.41151271864297,28.41151271864297,8.426849112366584,8.426849112366584,8.426849112366584,8.426849112366584,8.426849112366584,8.426849112366584,8.426849112366584,0,0,0,0,0,0,0,0,0,Courtfield,Kensington and Chelsea,"POLYGON ((-0.171653953669417 51.4918834809411, -0.179100505429893 51.487101892155, -0.183918487918973 51.4921810173634, -0.188540239988331 51.4916239071372, -0.191102271815383 51.4947317694565, -0.189480689127471 51.4946833735118, -0.179032508389729 51.4953138272485, -0.171653953669417 51.4918834809411))"
E05009394,3002,5.79152931067172,5.79152931067172,5.79152931067172,199.3904912574427,241.57626092936607,241.57626092936607,241.57626092936607,241.57626092936607,394.23406389644407,394.23406389644407,394.23406389644407,394.23406389644407,394.23406389644407,119.14000899690244,119.14000899690244,119.14000899690244,119.14000899690244,119.14000899690244,119.14000899690244,119.14000899690244,0,0,0,0,0,0,0,0,0,Dalgarno,Kensington and Chelsea,"POLYGON ((-0.216004504140691 51.5279299344382, -0.215546934485741 51.5267216493086, -0.212874154576667 51.5223105361061, -0.218626259648294 51.5212631220705, -0.217278277451052 51.5189450610559, -0.226539154579125 51.5195790558103, -0.228478855909725 51.5303545050421, -0.216004504140691 51.5279299344382))"
E05009395,5955,5.530484011274909,5.530484011274909,5.530484011274909,6.63785384531696,8.042248667098512,8.042248667098512,8.042248667098512,8.042248667098512,7.175852955479175,7.175852955479175,7.175852955479175,7.175852955479175,7.175852955479175,7.175852955479175,7.175852955479175,7.175852955479175,7.175852955479175,7.175852955479175,7.175852955479175,7.175852955479175,0,0,0,0,0,0,0,0,0,Earl's Court,Kensington and Chelsea,"POLYGON ((-0.188540239988331 51.4916239071372, -0.195964004161259 51.4873733014086, -0.196424370653639 51.4872068691094, -0.202360692961491 51.491665492437, -0.201811499301514 51.491852408748, -0.191102271815383 51.4947317694565, -0.188540239988331 51.4916239071372))"
E05009396,4320,53.38630138679581,53.38630138679581,53.38630138679581,7.69925997458627,9.328220342173664,9.328220342173664,9.328220342173664,9.328220342173664,7.832625937845065,7.832625937845065,7.832625937845065,7.832625937845065,7.832625937845065,7.644976514311955,7.644976514311955,7.644976514311955,7.644976514311955,7.644976514311955,7.644976514311955,7.644976514311955,0,0,0,0,0,0,0,0,0,Golborne,Kensington and Chelsea,"POLYGON ((-0.207295433042116 51.5262405492271, -0.201614842679578 51.5227436735689, -0.203742319568994 51.52062432557, -0.210236843621863 51.5177379975999, -0.212874154576667 51.5223105361061, -0.215546934485741 51.5267216493086, -0.207295433042116 51.5262405492271))"
E05009397,5300,81.27673180108944,81.27673180108944,81.27673180108944,37.92170081757707,45.944932648589386,45.944932648589386,45.944932648589386,45.944932648589386,9.365096230032144,9.365096230032144,9.365096230032144,9.365096230032144,9.365096230032144,8.739598151588439,8.739598151588439,8.739598151588439,8.739598151588439,8.739598151588439,8.739598151588439,8.739598151588439,0,0,0,0,0,0,0,0,0,Holland,Kensington and Chelsea,"POLYGON ((-0.198490748661585 51.4990935759988, -0.20583673488165 51.4966477809787, -0.203083347764152 51.4933725212104, -0.207977648253101 51.4960231558301, -0.215021105449591 51.5021889065966, -0.216986053178403 51.5044655749063, -0.217010788529331 51.5045026471463, -0.203784687890067 51.5076854922465, -0.198490748661585 51.4990935759988))"
E05009398,3227,6.132525667745579,6.132525667745579,6.132525667745579,7.360442413749254,8.917717920678884,8.917717920678884,8.917717920678884,8.917717920678884,7.175852955479175,7.175852955479175,7.175852955479175,7.175852955479175,7.175852955479175,7.175852955479175,7.175852955479175,7.175852955479175,7.175852955479175,7.175852955479175,7.175852955479175,7.175852955479175,0,0,0,0,0,0,0,0,0,Norland,Kensington and Chelsea,"POLYGON ((-0.205194601508087 51.5107842832035, -0.203080497170899 51.5078931647682, -0.203784687890067 51.5076854922465, -0.217010788529331 51.5045026471463, -0.215521628734731 51.5083942416232, -0.209546363501037 51.5105387439342, -0.209007107916751 51.5160205589113, -0.205194601508087 51.5107842832035))"
E05009399,3941,6.386918249559217,6.386918249559217,6.386918249559217,8.749937268957684,10.601193243824785,10.601193243824785,10.601193243824785,10.601193243824785,8.708323247666254,8.708323247666254,8.708323247666254,8.708323247666254,8.708323247666254,8.27047459275566,8.27047459275566,8.27047459275566,8.27047459275566,8.27047459275566,8.27047459275566,8.27047459275566,0,0,0,0,0,0,0,0,0,Notting Dale,Kensington and Chelsea,"POLYGON ((-0.209007107916751 51.5160205589113, -0.209546363501037 51.5105387439342, -0.215521628734731 51.5083942416232, -0.220246973729936 51.5117337451814, -0.222452182381575 51.5154108510613, -0.210236843621863 51.5177379975999, -0.209007107916751 51.5160205589113))"
E05009400,3393,6.973949132360614,6.973949132360614,6.973949132360614,6.744096454242505,8.170969410268134,8.170969410268134,8.170969410268134,8.170969410268134,7.175852955479175,7.175852955479175,7.175852955479175,7.175852955479175,7.175852955479175,7.175852955479175,7.175852955479175,7.175852955479175,7.175852955479175,7.175852955479175,7.175852955479175,7.175852955479175,0,0,0,0,0,0,0,0,0,Pembridge,Kensington and Chelsea,"POLYGON ((-0.192121606468868 51.5098744443778, -0.203080497170899 51.5078931647682, -0.205194601508087 51.5107842832035, -0.199178343182813 51.5145533565738, -0.195049639830061 51.515033034598, -0.192121606468868 51.5098744443778))"
E05009401,5784,9.865188117532323,9.865188117532323,9.865188117532323,11.659802354627436,14.126709043359025,14.126709043359025,14.126709043359025,14.126709043359025,7.175852955479175,7.175852955479175,7.175852955479175,7.175852955479175,7.175852955479175,7.175852955479175,7.175852955479175,7.175852955479175,7.175852955479175,7.175852955479175,7.175852955479175,7.175852955479175,0,0,0,0,0,0,0,0,0,Queen's Gate,Kensington and Chelsea,"POLYGON ((-0.180311745243243 51.5014622351373, -0.179546548954858 51.4977795217552, -0.179032508389729 51.4953138272485, -0.189480689127471 51.4946833735118, -0.19311360384684 51.5010270683741, -0.184234923274109 51.5017946276641, -0.180311745243243 51.5014622351373))"
E05009402,5630,5.823777863088655,5.823777863088655,5.823777863088655,6.98987397919687,8.468746977916977,8.468746977916977,8.468746977916977,8.468746977916977,7.175852955479175,7.175852955479175,7.175852955479175,7.175852955479175,7.175852955479175,7.175852955479175,7.175852955479175,7.175852955479175,7.175852955479175,7.175852955479175,7.175852955479175,7.175852955479175,0,0,0,0,0,0,0,0,0,Redcliffe,Kensington and Chelsea,"POLYGON ((-0.179100505429893 51.487101892155, -0.188260468993328 51.48096480817, -0.190774699191433 51.4831691609101, -0.195964004161259 51.4873733014086, -0.188540239988331 51.4916239071372, -0.183918487918973 51.4921810173634, -0.179100505429893 51.487101892155))"
E05009403,5964,6.639735124300113,6.639735124300113,6.639735124300113,7.969210513378117,9.655285295903086,9.655285295903086,9.655285295903086,9.655285295903086,7.175852955479175,7.175852955479175,7.175852955479175,7.175852955479175,7.175852955479175,7.175852955479175,7.175852955479175,7.175852955479175,7.175852955479175,7.175852955479175,7.175852955479175,7.175852955479175,0,0,0,0,0,0,0,0,0,Royal Hospital,Kensington and Chelsea,"POLYGON ((-0.150332330164787 51.4854382898946, -0.150582216264032 51.4854051108193, -0.163805319798312 51.4836485557559, -0.164339602964177 51.4834826457732, -0.170109654028659 51.4869565586809, -0.166327639845282 51.4908210339719, -0.155816826032337 51.4947324152021, -0.150332330164787 51.4854382898946))"
E05009404,3142,5.784445379093539,5.784445379093539,5.784445379093539,6.942665944673926,8.411550968247928,8.411550968247928,8.411550968247928,8.411550968247928,7.175852955479175,7.175852955479175,7.175852955479175,7.175852955479175,7.175852955479175,7.175852955479175,7.175852955479175,7.175852955479175,7.175852955479175,7.175852955479175,7.175852955479175,7.175852955479175,0,0,0,0,0,0,0,0,0,St. Helen's,Kensington and Chelsea,"POLYGON ((-0.210236843621863 51.5177379975999, -0.222452182381575 51.5154108510613, -0.226539154579125 51.5195790558103, -0.217278277451052 51.5189450610559, -0.218626259648294 51.5212631220705, -0.212874154576667 51.5223105361061, -0.210236843621863 51.5177379975999))"
E05009405,5360,12.662736334541844,12.662736334541844,12.662736334541844,15.378892567254926,18.632660666024552,18.632660666024552,18.632660666024552,18.632660666024552,17.027447690967534,17.027447690967534,17.027447690967534,17.027447690967534,17.027447690967534,23.28242847540459,23.28242847540459,23.28242847540459,23.28242847540459,23.28242847540459,23.28242847540459,23.28242847540459,0,0,0,0,0,0,0,0,0,Stanley,Kensington and Chelsea,"POLYGON ((-0.166327639845282 51.4908210339719, -0.170109654028659 51.4869565586809, -0.186523906968959 51.4798711622544, -0.188260468993328 51.48096480817, -0.179100505429893 51.487101892155, -0.171653953669417 51.4918834809411, -0.166327639845282 51.4908210339719))"
E05011095,5168,201.58949173650063,201.58949173650063,201.58949173650063,208.52536586965604,252.64383410680423,252.64383410680423,252.64383410680423,252.64383410680423,82.67724818594385,82.67724818594385,82.67724818594385,82.67724818594385,82.67724818594385,44.70951482441094,44.70951482441094,44.70951482441094,44.70951482441094,44.70951482441094,44.70951482441094,44.70951482441094,0,0,0,0,0,0,0,0,0,Borough & Bankside,Southwark,"POLYGON ((-0.0885990868724203 51.5068848226538, -0.0917411161881288 51.5032155849448, -0.098815933555683 51.4975426778482, -0.106474237492275 51.5015707886063, -0.108707331712305 51.5084505305689, -0.104676526122011 51.50862492191, -0.0885990868724203 51.5068848226538))"
E05011096,7152,37.53210612817246,37.53210612817246,37.53210612817246,115.8792930503483,140.39629551891426,140.39629551891426,140.39629551891426,140.39629551891426,94.0613132136193,94.0613132136193,94.0613132136193,94.0613132136193,94.0613132136193,163.86689876793682,163.86689876793682,163.86689876793682,163.86689876793682,163.86689876793682,163.86689876793682,163.86689876793682,0,0,0,0,0,0,0,0,0,Camberwell Green,Southwark,"POLYGON ((-0.0903055759771523 51.4804747150428, -0.0857740280599737 51.4771561487317, -0.0922960816348887 51.4755358999318, -0.09301267911526 51.4720296176339, -0.0959751445334567 51.469867430987, -0.0993646867822417 51.4726430175911, -0.103573328409023 51.478357766964, -0.0956677884740487 51.4837534407641, -0.0903055759771523 51.4804747150428))"
E05011097,4022,17.253399465506973,17.253399465506973,17.253399465506973,20.70805082401895,25.089328270638102,25.089328270638102,25.089328270638102,25.089328270638102,28.602939304485524,28.602939304485524,28.602939304485524,28.602939304485524,28.602939304485524,28.602939304485524,28.602939304485524,28.602939304485524,28.602939304485524,28.602939304485524,28.602939304485524,28.602939304485524,0,0,0,0,0,0,0,0,0,Champion Hill,Southwark,"POLYGON ((-0.0788189747324989 51.4638785950192, -0.085679767820356 51.4560484056834, -0.0907276981323179 51.4562566220273, -0.0877874705176454 51.4580351479782, -0.092246296537589 51.4610557144071, -0.0911530591297071 51.4675989911969, -0.074046925686816 51.4689631137673, -0.0788189747324989 51.4638785950192))"
E05011098,6769,24.092224163822756,24.092224163822756,24.092224163822756,69.93379804593611,84.72994543512884,84.72994543512884,84.72994543512884,84.72994543512884,66.69577228170718,66.69577228170718,66.69577228170718,66.69577228170718,66.69577228170718,28.602939304485524,28.602939304485524,28.602939304485524,28.602939304485524,28.602939304485524,28.602939304485524,28.602939304485524,0,0,0,0,0,0,0,0,0,Chaucer,Southwark,"POLYGON ((-0.0852866214607926 51.4939521554195, -0.0998084071740396 51.4950613754799, -0.098815933555683 51.4975426778482, -0.0917411161881288 51.5032155849448, -0.0814035893397275 51.4979444238337, -0.0852866214607926 51.4939521554195))"
E05011099,4114,18.750782682236306,18.750782682236306,18.750782682236306,22.50525535852562,27.266773889200003,27.266773889200003,27.266773889200003,27.266773889200003,28.602939304485524,28.602939304485524,28.602939304485524,28.602939304485524,28.602939304485524,28.602939304485524,28.602939304485524,28.602939304485524,28.602939304485524,28.602939304485524,28.602939304485524,28.602939304485524,0,0,0,0,0,0,0,0,0,Dulwich Hill,Southwark,"POLYGON ((-0.0575543391638315 51.4503292377855, -0.0637179858249008 51.4442252220334, -0.0712146596822128 51.4455394779421, -0.0754795914781389 51.4502059132824, -0.0660090858856905 51.4590365969062, -0.0575543391638315 51.4503292377855))"
E05011100,4015,20.774038407234524,20.774038407234524,20.774038407234524,24.933627950663904,30.20892608137592,30.20892608137592,30.20892608137592,30.20892608137592,28.602939304485524,28.602939304485524,28.602939304485524,28.602939304485524,28.602939304485524,28.602939304485524,28.602939304485524,28.602939304485524,28.602939304485524,28.602939304485524,28.602939304485524,28.602939304485524,0,0,0,0,0,0,0,0,0,Dulwich Village,Southwark,"POLYGON ((-0.085679767820356 51.4560484056834, -0.0754795914781389 51.4502059132824, -0.0712146596822128 51.4455394779421, -0.0928955380286984 51.4410815836354, -0.100762534534072 51.4503361147443, -0.092246296537589 51.4610557144071, -0.0877874705176454 51.4580351479782, -0.0907276981323179 51.4562566220273, -0.085679767820356 51.4560484056834))"
E05011101,4629,23.3604229605928,23.3604229605928,23.3604229605928,28.399273160304112,34.40781042221281,34.40781042221281,34.40781042221281,34.40781042221281,29.259712286851418,29.259712286851418,29.259712286851418,29.259712286851418,29.259712286851418,43.45851866752353,43.45851866752353,43.45851866752353,43.45851866752353,43.45851866752353,43.45851866752353,43.45851866752353,0,0,0,0,0,0,0,0,0,Dulwich Wood,Southwark,"POLYGON ((-0.0637179858249008 51.4442252220334, -0.0634308696972193 51.4375404765048, -0.072838476850157 51.4320839265634, -0.0739190490332792 51.4261512868959, -0.0782944939183187 51.420604880078, -0.0893452361180952 51.4320171662847, -0.0928955380286984 51.4410815836354, -0.0712146596822128 51.4455394779421, -0.0637179858249008 51.4442252220334))"
E05011102,5135,63.889885329297115,63.889885329297115,63.889885329297115,67.28647045925273,81.52251314579061,81.52251314579061,81.52251314579061,81.52251314579061,78.07983730938263,78.07983730938263,78.07983730938263,78.07983730938263,78.07983730938263,53.77923696184467,53.77923696184467,53.77923696184467,53.77923696184467,53.77923696184467,53.77923696184467,53.77923696184467,0,0,0,0,0,0,0,0,0,Faraday,Southwark,"POLYGON ((-0.0779510746291978 51.4888815660279, -0.0739481913934368 51.4826224893677, -0.083794160728061 51.4816520979976, -0.0903055759771523 51.4804747150428, -0.0956677884740487 51.4837534407641, -0.0959929956964748 51.4856624799572, -0.081088602450491 51.4907639125519, -0.0779510746291978 51.4888815660279))"
E05011103,6397,24.674805144231357,24.674805144231357,24.674805144231357,30.518916930996895,36.97591491604771,36.97591491604771,36.97591491604771,36.97591491604771,56.84417754621882,56.84417754621882,56.84417754621882,56.84417754621882,56.84417754621882,29.384811902540157,29.384811902540157,29.384811902540157,29.384811902540157,29.384811902540157,29.384811902540157,29.384811902540157,0,0,0,0,0,0,0,0,0,Goose Green,Southwark,"POLYGON ((-0.0666576990136148 51.4623907974872, -0.0660090858856905 51.4590365969062, -0.0754795914781389 51.4502059132824, -0.085679767820356 51.4560484056834, -0.0788189747324989 51.4638785950192, -0.0666576990136148 51.4623907974872))"
E05011104,8208,76.83751395516275,76.83751395516275,76.83751395516275,65.66065615711179,79.55271941290098,79.55271941290098,79.55271941290098,79.55271941290098,65.82007497188599,65.82007497188599,65.82007497188599,65.82007497188599,65.82007497188599,39.39278115763944,39.39278115763944,39.39278115763944,39.39278115763944,39.39278115763944,39.39278115763944,39.39278115763944,0,0,0,0,0,0,0,0,0,London Bridge & West Bermondsey,Southwark,"POLYGON ((-0.0761229535510434 51.5044031379301, -0.0774922020748562 51.5023533045617, -0.0701194196627833 51.4987663360262, -0.0728307899619234 51.4981212238714, -0.0797932067372294 51.4921787952556, -0.0835492530112266 51.4926800597008, -0.0852866214607926 51.4939521554195, -0.0814035893397275 51.4979444238337, -0.0917411161881288 51.5032155849448, -0.0885990868724203 51.5068848226538, -0.0880998441977707 51.5068307510948, -0.0761229535510434 51.5044031379301))"
E05011105,6167,60.4797742712137,60.4797742712137,60.4797742712137,21.63388624250589,26.211046047767567,26.211046047767567,26.211046047767567,26.211046047767567,29.259712286851418,29.259712286851418,29.259712286851418,29.259712286851418,29.259712286851418,29.0720628633183,29.0720628633183,29.0720628633183,29.0720628633183,29.0720628633183,29.0720628633183,29.0720628633183,0,0,0,0,0,0,0,0,0,Newington,Southwark,"POLYGON ((-0.0959929956964748 51.4856624799572, -0.0956677884740487 51.4837534407641, -0.103573328409023 51.478357766964, -0.108214348827061 51.4802903184263, -0.104036137322092 51.480903935414, -0.108460594138318 51.4858488370339, -0.103270072235539 51.4912554950667, -0.101782842043611 51.4922976694346, -0.0959929956964748 51.4856624799572))"
E05011106,8139,82.17662085971878,82.17662085971878,82.17662085971878,170.5471524040317,206.6304322241788,206.6304322241788,206.6304322241788,206.6304322241788,126.68103800445851,126.68103800445851,126.68103800445851,126.68103800445851,126.68103800445851,31.886804216314975,31.886804216314975,31.886804216314975,31.886804216314975,31.886804216314975,31.886804216314975,31.886804216314975,0,0,0,0,0,0,0,0,0,North Bermondsey,Southwark,"POLYGON ((-0.0577560320946397 51.5008510155389, -0.05894526492266 51.4947860136631, -0.0511388920556408 51.4916339659283, -0.0552913687799933 51.4901615531663, -0.0728307899619234 51.4981212238714, -0.0701194196627833 51.4987663360262, -0.0774922020748562 51.5023533045617, -0.0761229535510434 51.5044031379301, -0.0724306684421993 51.5030869858964, -0.0708325352365456 51.5025172578646, -0.0735138871706862 51.5004645705815, -0.0577560320946397 51.5008510155389))"
E05011107,7770,185.13236000719849,185.13236000719849,185.13236000719849,89.93329223594134,108.96080517388133,108.96080517388133,108.96080517388133,108.96080517388133,236.7999747144728,236.7999747144728,236.7999747144728,236.7999747144728,236.7999747144728,150.731439120619,150.731439120619,150.731439120619,150.731439120619,150.731439120619,150.731439120619,150.731439120619,0,0,0,0,0,0,0,0,0,North Walworth,Southwark,"POLYGON ((-0.0852866214607926 51.4939521554195, -0.0835492530112266 51.4926800597008, -0.081088602450491 51.4907639125519, -0.0959929956964748 51.4856624799572, -0.101782842043611 51.4922976694346, -0.0998084071740396 51.4950613754799, -0.0852866214607926 51.4939521554195))"
E05011108,7136,24.17671514078323,24.17671514078323,24.17671514078323,27.210681274755956,32.967743838942425,32.967743838942425,32.967743838942425,32.967743838942425,33.638198835957354,33.638198835957354,33.638198835957354,33.638198835957354,33.638198835957354,32.19955325553683,32.19955325553683,32.19955325553683,32.19955325553683,32.19955325553683,32.19955325553683,32.19955325553683,0,0,0,0,0,0,0,0,0,Nunhead & Queen's Road,Southwark,"POLYGON ((-0.0526804374178928 51.4780100339098, -0.0522560180093554 51.4692144187744, -0.0474628517195846 51.4651249823354, -0.0506998034272258 51.4659664117339, -0.0473619176502078 51.4612578855196, -0.0501116652840207 51.4594987836091, -0.0604848229229668 51.4643212102422, -0.0646657906927442 51.4739821040039, -0.0609548254261393 51.4766676461218, -0.0542416984283072 51.4785837641013, -0.0526804374178928 51.4780100339098))"
E05011109,7789,314.45291017590614,314.45291017590614,314.45291017590614,461.0772889865808,558.6290839166046,558.6290839166046,558.6290839166046,558.6290839166046,661.0753213228381,661.0753213228381,661.0753213228381,661.0753213228381,661.0753213228381,368.2483958994175,368.2483958994175,368.2483958994175,368.2483958994175,368.2483958994175,368.2483958994175,368.2483958994175,0,0,0,0,0,0,0,0,0,Old Kent Road,Southwark,"POLYGON ((-0.0539604561336417 51.4879385517111, -0.0542416984283072 51.4785837641013, -0.0609548254261393 51.4766676461218, -0.0630192685191732 51.4792651947297, -0.0710303142616384 51.4774683854418, -0.0739481913934368 51.4826224893677, -0.0779510746291978 51.4888815660279, -0.0539604561336417 51.4879385517111))"
E05011110,6058,66.94870017808798,66.94870017808798,66.94870017808798,42.95015137481927,52.03727073465352,52.03727073465352,52.03727073465352,52.03727073465352,40.42485298707156,40.42485298707156,40.42485298707156,40.42485298707156,40.42485298707156,28.759313824096452,28.759313824096452,28.759313824096452,28.759313824096452,28.759313824096452,28.759313824096452,28.759313824096452,0,0,0,0,0,0,0,0,0,Peckham,Southwark,"POLYGON ((-0.0609548254261393 51.4766676461218, -0.0646657906927442 51.4739821040039, -0.0774052580238168 51.4742547414209, -0.083794160728061 51.4816520979976, -0.0739481913934368 51.4826224893677, -0.0710303142616384 51.4774683854418, -0.0630192685191732 51.4792651947297, -0.0609548254261393 51.4766676461218))"
E05011111,4217,17.53517435936775,17.53517435936775,17.53517435936775,21.046245556869536,25.499076090169595,25.499076090169595,25.499076090169595,25.499076090169595,28.602939304485524,28.602939304485524,28.602939304485524,28.602939304485524,28.602939304485524,28.602939304485524,28.602939304485524,28.602939304485524,28.602939304485524,28.602939304485524,28.602939304485524,28.602939304485524,0,0,0,0,0,0,0,0,0,Peckham Rye,Southwark,"POLYGON ((-0.0474628517195846 51.4651249823354, -0.0461306653225442 51.4569620248756, -0.0416228442466288 51.4549902228086, -0.0461250067410523 51.4498729421208, -0.0575543391638315 51.4503292377855, -0.0660090858856905 51.4590365969062, -0.0666576990136148 51.4623907974872, -0.0604848229229668 51.4643212102422, -0.0501116652840207 51.4594987836091, -0.0473619176502078 51.4612578855196, -0.0506998034272258 51.4659664117339, -0.0474628517195846 51.4651249823354))"
E05011112,7450,180.1949338573903,180.1949338573903,180.1949338573903,265.2435269034655,321.36206225764596,321.36206225764596,321.36206225764596,321.36206225764596,170.4659034955179,170.4659034955179,170.4659034955179,170.4659034955179,170.4659034955179,114.92167412971686,114.92167412971686,114.92167412971686,114.92167412971686,114.92167412971686,114.92167412971686,114.92167412971686,0,0,0,0,0,0,0,0,0,Rotherhithe,Southwark,"POLYGON ((-0.0405302460431015 51.4927920373424, -0.0459893718363169 51.4902750304388, -0.0505236106061506 51.4879087457475, -0.0552913687799933 51.4901615531663, -0.0511388920556408 51.4916339659283, -0.05894526492266 51.4947860136631, -0.0577560320946397 51.5008510155389, -0.0572576283645827 51.5008632045881, -0.0520706934768517 51.5027504819044, -0.0479005399988052 51.5042009454976, -0.0478302330659538 51.5042441683806, -0.0475784942796466 51.5035459068264, -0.0417981298570947 51.5044368983758, -0.0385274643240432 51.5019812142759, -0.0461025052402006 51.4981706218574, -0.0441638868340528 51.4924368451291, -0.0405302460431015 51.4927920373424))"
E05011113,6718,25.67193237118215,25.67193237118215,25.67193237118215,190.90728929702405,231.29823715108768,231.29823715108768,231.29823715108768,231.29823715108768,207.46411483546308,207.46411483546308,207.46411483546308,207.46411483546308,207.46411483546308,30.166684500594787,30.166684500594787,30.166684500594787,30.166684500594787,30.166684500594787,30.166684500594787,30.166684500594787,0,0,0,0,0,0,0,0,0,Rye Lane,Southwark,"POLYGON ((-0.0646657906927442 51.4739821040039, -0.0604848229229668 51.4643212102422, -0.0666576990136148 51.4623907974872, -0.0788189747324989 51.4638785950192, -0.074046925686816 51.4689631137673, -0.0774052580238168 51.4742547414209, -0.0646657906927442 51.4739821040039))"
E05011114,4287,14.834358190501344,14.834358190501344,14.834358190501344,49.24543526232776,59.66447067504395,59.66447067504395,59.66447067504395,59.66447067504395,66.47684795425188,66.47684795425188,66.47684795425188,66.47684795425188,66.47684795425188,110.23043854138908,110.23043854138908,110.23043854138908,110.23043854138908,110.23043854138908,110.23043854138908,110.23043854138908,0,0,0,0,0,0,0,0,0,St George's,Southwark,"POLYGON ((-0.098815933555683 51.4975426778482, -0.0998084071740396 51.4950613754799, -0.101782842043611 51.4922976694346, -0.103270072235539 51.4912554950667, -0.111466566638069 51.4964588687304, -0.106474237492275 51.5015707886063, -0.098815933555683 51.4975426778482))"
E05011115,6791,26.494885360243515,26.494885360243515,26.494885360243515,26.017746745737195,31.522415823366213,31.522415823366213,31.522415823366213,31.522415823366213,66.0389992993413,66.0389992993413,66.0389992993413,66.0389992993413,66.0389992993413,53.62286244223374,53.62286244223374,53.62286244223374,53.62286244223374,53.62286244223374,53.62286244223374,53.62286244223374,0,0,0,0,0,0,0,0,0,St Giles,Southwark,"POLYGON ((-0.0774052580238168 51.4742547414209, -0.074046925686816 51.4689631137673, -0.0911530591297071 51.4675989911969, -0.09301267911526 51.4720296176339, -0.0922960816348887 51.4755358999318, -0.0857740280599737 51.4771561487317, -0.0903055759771523 51.4804747150428, -0.083794160728061 51.4816520979976, -0.0774052580238168 51.4742547414209))"
E05011116,7316,48.66759907911168,48.66759907911168,48.66759907911168,53.71427222356022,65.07879568617805,65.07879568617805,65.07879568617805,65.07879568617805,203.08562828635712,203.08562828635712,203.08562828635712,203.08562828635712,203.08562828635712,108.19756978644703,108.19756978644703,108.19756978644703,108.19756978644703,108.19756978644703,108.19756978644703,108.19756978644703,0,0,0,0,0,0,0,0,0,South Bermondsey,Southwark,"POLYGON ((-0.0552913687799933 51.4901615531663, -0.0505236106061506 51.4879087457475, -0.0539604561336417 51.4879385517111, -0.0779510746291978 51.4888815660279, -0.081088602450491 51.4907639125519, -0.0835492530112266 51.4926800597008, -0.0797932067372294 51.4921787952556, -0.0728307899619234 51.4981212238714, -0.0552913687799933 51.4901615531663))"
E05011117,6520,103.62901580198204,103.62901580198204,103.62901580198204,107.9355005603095,130.7718060297711,130.7718060297711,130.7718060297711,130.7718060297711,117.92406490624664,117.92406490624664,117.92406490624664,117.92406490624664,117.92406490624664,92.24736878613254,92.24736878613254,92.24736878613254,92.24736878613254,92.24736878613254,92.24736878613254,92.24736878613254,0,0,0,0,0,0,0,0,0,Surrey Docks,Southwark,"POLYGON ((-0.032422051715732 51.4933701250389, -0.0405302460431015 51.4927920373424, -0.0441638868340528 51.4924368451291, -0.0461025052402006 51.4981706218574, -0.0385274643240432 51.5019812142759, -0.0417981298570947 51.5044368983758, -0.0475784942796466 51.5035459068264, -0.0478302330659538 51.5042441683806, -0.0429930611827129 51.5072176535123, -0.0338695788014832 51.5060830189342, -0.0334546098079645 51.5024392365918, -0.032422051715732 51.4933701250389))"
E05011217,4577,18.37227601858106,18.37227601858106,18.37227601858106,18.437076236437143,22.337875349920427,22.337875349920427,22.337875349920427,22.337875349920427,7.082845888259604,7.082845888259604,7.082845888259604,7.082845888259604,7.082845888259604,8.95934012359072,8.95934012359072,8.95934012359072,8.95934012359072,8.95934012359072,8.95934012359072,8.95934012359072,0,0,0,0,0,0,0,0,0,Barnehurst,Bexley,"POLYGON ((0.180859546903901 51.4707610484417, 0.17788250884566 51.4652656525483, 0.181960754896968 51.4642209225423, 0.170810887085667 51.4581942127796, 0.160519501659736 51.4609302302902, 0.15627062592413 51.4640764561607, 0.157386084974915 51.4700811419852, 0.176681980789478 51.4740551216286, 0.180859546903901 51.4707610484417))"
E05011218,7202,13.59612470755496,13.59612470755496,13.59612470755496,27.88290806430784,33.782196089360035,33.782196089360035,33.782196089360035,33.782196089360035,50.867711379318976,50.867711379318976,50.867711379318976,50.867711379318976,50.867711379318976,27.09878439845817,27.09878439845817,27.09878439845817,27.09878439845817,27.09878439845817,27.09878439845817,27.09878439845817,0,0,0,0,0,0,0,0,0,Belvedere,Bexley,"POLYGON ((0.172307112621799 51.4941275418304, 0.163123602203008 51.4920231497947, 0.168568191290936 51.4873481763709, 0.152830543867238 51.485395121808, 0.153738515135854 51.4811663762429, 0.143145986340793 51.4790455760412, 0.137782703767773 51.4826242544327, 0.122044684672085 51.4829947438895, 0.121298425204924 51.4911056683968, 0.149199715064198 51.4921009197704, 0.153227467525489 51.4962666227196, 0.148837518379939 51.4984361973113, 0.152013469178269 51.5061567090411, 0.166190946323591 51.5036686354597, 0.169380011573712 51.498861965919, 0.172101162872704 51.4947595121121, 0.172147224337253 51.4946181701333, 0.172307112621799 51.4941275418304))"
E05011219,6596,70.91605689639096,70.91605689639096,70.91605689639096,79.87546025489722,96.77500118837786,96.77500118837786,96.77500118837786,96.77500118837786,108.44480950006204,108.44480950006204,108.44480950006204,108.44480950006204,108.44480950006204,195.04501846059307,195.04501846059307,195.04501846059307,195.04501846059307,195.04501846059307,195.04501846059307,195.04501846059307,0,0,0,0,0,0,0,0,0,Bexleyheath,Bexley,"POLYGON ((0.157386084974915 51.4700811419852, 0.15627062592413 51.4640764561607, 0.160519501659736 51.4609302302902, 0.165934778831401 51.4548131154826, 0.152213299451627 51.4538156146665, 0.156176599337608 51.4466853645292, 0.142619039341228 51.4483111011747, 0.132512236617408 51.448249893434, 0.137309688616988 51.4518366809621, 0.136436110301093 51.4609391358275, 0.143275091020191 51.4701508460742, 0.144614536249002 51.4734092927372, 0.157386084974915 51.4700811419852))"
E05011220,6688,8.37124323453478,8.37124323453478,8.37124323453478,21.61184760986901,26.184344621662248,26.184344621662248,26.184344621662248,26.184344621662248,30.726673253431667,30.726673253431667,30.726673253431667,30.726673253431667,30.726673253431667,10.835834358921836,10.835834358921836,10.835834358921836,10.835834358921836,10.835834358921836,10.835834358921836,10.835834358921836,0,0,0,0,0,0,0,0,0,Blackfen & Lamorbey,Bexley,"POLYGON ((0.105202656261373 51.4517042322159, 0.101572652629464 51.4440915272882, 0.103707618994409 51.4413260716092, 0.107616545234719 51.4420576227566, 0.104952922620438 51.4388033145858, 0.110545545725225 51.4387036461336, 0.103103791711874 51.4367042527347, 0.107828976152757 51.4339253629873, 0.0998227153253494 51.4343313714387, 0.0784620062500198 51.4371180866244, 0.0830184511814382 51.4434199937829, 0.0874267523508626 51.4432843442677, 0.0857406501349546 51.4564482952128, 0.105202656261373 51.4517042322159))"
E05011221,6166,11.4466420202431,11.4466420202431,11.4466420202431,13.738605264048468,16.645331826722447,16.645331826722447,16.645331826722447,16.645331826722447,7.082845888259604,7.082845888259604,7.082845888259604,7.082845888259604,7.082845888259604,7.082845888259604,7.082845888259604,7.082845888259604,7.082845888259604,7.082845888259604,7.082845888259604,7.082845888259604,0,0,0,0,0,0,0,0,0,Blendon & Penhill,Bexley,"POLYGON ((0.115645357575277 51.4502970786712, 0.132512236617408 51.448249893434, 0.142619039341228 51.4483111011747, 0.131308089889595 51.4435060586503, 0.131492900007386 51.436142981379, 0.107828976152757 51.4339253629873, 0.103103791711874 51.4367042527347, 0.110545545725225 51.4387036461336, 0.104952922620438 51.4388033145858, 0.107616545234719 51.4420576227566, 0.103707618994409 51.4413260716092, 0.101572652629464 51.4440915272882, 0.105202656261373 51.4517042322159, 0.115645357575277 51.4502970786712))"
E05011222,6810,54.414480963738185,54.414480963738185,54.414480963738185,36.03744213290242,43.66201451745509,43.66201451745509,43.66201451745509,43.66201451745509,70.3519765228404,70.3519765228404,70.3519765228404,70.3519765228404,70.3519765228404,53.3697036930938,53.3697036930938,53.3697036930938,53.3697036930938,53.3697036930938,53.3697036930938,53.3697036930938,0,0,0,0,0,0,0,0,0,Crayford,Bexley,"POLYGON ((0.202880215955973 51.45826549813, 0.20260814849742 51.4562301154661, 0.200233863315772 51.4525964315834, 0.192083488328661 51.4508420336828, 0.191012191202743 51.4487877160226, 0.170898856496104 51.4412023927623, 0.156176599337608 51.4466853645292, 0.152213299451627 51.4538156146665, 0.165934778831401 51.4548131154826, 0.160519501659736 51.4609302302902, 0.170810887085667 51.4581942127796, 0.181960754896968 51.4642209225423, 0.192685807157531 51.463789917998, 0.202880215955973 51.45826549813))"
E05011223,6180,23.416760651805923,23.416760651805923,23.416760651805923,43.46450995503897,52.66045402590676,52.66045402590676,52.66045402590676,52.66045402590676,29.63205161615518,29.63205161615518,29.63205161615518,29.63205161615518,29.63205161615518,11.304957917754614,11.304957917754614,11.304957917754614,11.304957917754614,11.304957917754614,11.304957917754614,11.304957917754614,0,0,0,0,0,0,0,0,0,Crook Log,Bexley,"POLYGON ((0.143275091020191 51.4701508460742, 0.136436110301093 51.4609391358275, 0.137309688616988 51.4518366809621, 0.132512236617408 51.448249893434, 0.115645357575277 51.4502970786712, 0.12288150078228 51.4518723089924, 0.122604194325755 51.4639316687674, 0.123439838965773 51.4663543059642, 0.11711518537003 51.4673230557886, 0.120231883910893 51.4702614219405, 0.129091077999586 51.4683957451967, 0.137866287990952 51.4720332513478, 0.143275091020191 51.4701508460742))"
E05011224,6116,24.497159309930115,24.497159309930115,24.497159309930115,31.570560438280076,38.25005845578199,38.25005845578199,38.25005845578199,38.25005845578199,21.750775827764496,21.750775827764496,21.750775827764496,21.750775827764496,21.750775827764496,15.683444466860552,15.683444466860552,15.683444466860552,15.683444466860552,15.683444466860552,15.683444466860552,15.683444466860552,0,0,0,0,0,0,0,0,0,East Wickham,Bexley,"POLYGON ((0.112484813738233 51.4734178128603, 0.120231883910893 51.4702614219405, 0.11711518537003 51.4673230557886, 0.123439838965773 51.4663543059642, 0.122604194325755 51.4639316687674, 0.102000430676782 51.4648582662054, 0.0829421247825312 51.4598295046051, 0.0823130742496851 51.4666413163448, 0.0870531408704461 51.4699697821688, 0.0982503903001807 51.4754521830986, 0.108189973132749 51.47611680777, 0.112484813738233 51.4734178128603))"
E05011225,5449,90.87879556420924,90.87879556420924,90.87879556420924,125.5186457655969,152.0750810620146,152.0750810620146,152.0750810620146,152.0750810620146,195.5766918272702,195.5766918272702,195.5766918272702,195.5766918272702,195.5766918272702,102.47130285092466,102.47130285092466,102.47130285092466,102.47130285092466,102.47130285092466,102.47130285092466,102.47130285092466,0,0,0,0,0,0,0,0,0,Erith,Bexley,"POLYGON ((0.186499591258576 51.4804808295509, 0.180859546903901 51.4707610484417, 0.176681980789478 51.4740551216286, 0.175313963809422 51.4777881461618, 0.165711002838548 51.476686830599, 0.158904717934866 51.4816933574001, 0.154920120360231 51.4794456222593, 0.153738515135854 51.4811663762429, 0.152830543867238 51.485395121808, 0.168568191290936 51.4873481763709, 0.163123602203008 51.4920231497947, 0.172307112621799 51.4941275418304, 0.175197827350929 51.4852556418723, 0.186499591258576 51.4804808295509))"
E05011226,6420,24.58979613182497,24.58979613182497,24.58979613182497,49.02838914489463,59.40150332305006,59.40150332305006,59.40150332305006,59.40150332305006,25.472489394504542,25.472489394504542,25.472489394504542,25.472489394504542,25.472489394504542,7.395594927481457,7.395594927481457,7.395594927481457,7.395594927481457,7.395594927481457,7.395594927481457,7.395594927481457,0,0,0,0,0,0,0,0,0,Falconwood & Welling,Bexley,"POLYGON ((0.122604194325755 51.4639316687674, 0.12288150078228 51.4518723089924, 0.115645357575277 51.4502970786712, 0.105202656261373 51.4517042322159, 0.0857406501349546 51.4564482952128, 0.0788547966793424 51.4591494486054, 0.0829421247825312 51.4598295046051, 0.102000430676782 51.4648582662054, 0.122604194325755 51.4639316687674))"
E05011227,4463,16.502866954413268,16.502866954413268,16.502866954413268,28.480560648132816,34.50629619877196,34.50629619877196,34.50629619877196,34.50629619877196,10.804559454999652,10.804559454999652,10.804559454999652,10.804559454999652,10.804559454999652,8.021093005925163,8.021093005925163,8.021093005925163,8.021093005925163,8.021093005925163,8.021093005925163,8.021093005925163,0,0,0,0,0,0,0,0,0,Longlands,Bexley,"POLYGON ((0.0998227153253494 51.4343313714387, 0.100402839818283 51.4237190215437, 0.0951282889558978 51.4200833602833, 0.0832131044388571 51.4298686449399, 0.0753673382514103 51.4319850061927, 0.0784620062500198 51.4371180866244, 0.0998227153253494 51.4343313714387))"
E05011228,4194,5.9211434755167645,5.9211434755167645,5.9211434755167645,16.683527724388572,20.213322216882624,20.213322216882624,20.213322216882624,20.213322216882624,18.46691091593504,18.46691091593504,18.46691091593504,18.46691091593504,18.46691091593504,30.382649310287626,30.382649310287626,30.382649310287626,30.382649310287626,30.382649310287626,30.382649310287626,30.382649310287626,0,0,0,0,0,0,0,0,0,Northumberland Heath,Bexley,"POLYGON ((0.176681980789478 51.4740551216286, 0.157386084974915 51.4700811419852, 0.144614536249002 51.4734092927372, 0.143145986340793 51.4790455760412, 0.153738515135854 51.4811663762429, 0.154920120360231 51.4794456222593, 0.158904717934866 51.4816933574001, 0.165711002838548 51.476686830599, 0.175313963809422 51.4777881461618, 0.176681980789478 51.4740551216286))"
E05011229,4496,10.977599854785826,10.977599854785826,10.977599854785826,15.524671298819538,18.809282332746537,18.809282332746537,18.809282332746537,18.809282332746537,30.28882459852107,30.28882459852107,30.28882459852107,30.28882459852107,30.28882459852107,20.374680055188342,20.374680055188342,20.374680055188342,20.374680055188342,20.374680055188342,20.374680055188342,20.374680055188342,0,0,0,0,0,0,0,0,0,St Mary's & St James,Bexley,"POLYGON ((0.156176599337608 51.4466853645292, 0.170898856496104 51.4412023927623, 0.166851115352684 51.4320720363205, 0.164216990841068 51.4285464658246, 0.155875040956964 51.430876583241, 0.153763537931545 51.4275232357254, 0.151158883829316 51.4204304354257, 0.154636645664461 51.4184698766412, 0.149159930322975 51.4124352235141, 0.153770119500224 51.4112651359723, 0.152932433172376 51.4087084822957, 0.148989832047652 51.4086234299371, 0.148869409057703 51.4084291289611, 0.126523294331419 51.4146730331961, 0.116829861438634 51.4254574500201, 0.121206223471534 51.4291386338927, 0.131481563419159 51.4294665642858, 0.134958469373761 51.4341927773676, 0.131492900007386 51.436142981379, 0.131308089889595 51.4435060586503, 0.142619039341228 51.4483111011747, 0.156176599337608 51.4466853645292))"
E05011230,6898,20.75935445458957,20.75935445458957,20.75935445458957,42.624035424183,51.64215724911415,51.64215724911415,51.64215724911415,51.64215724911415,71.22767383266158,71.22767383266158,71.22767383266158,71.22767383266158,71.22767383266158,17.403564182580745,17.403564182580745,17.403564182580745,17.403564182580745,17.403564182580745,17.403564182580745,17.403564182580745,0,0,0,0,0,0,0,0,0,Sidcup,Bexley,"POLYGON ((0.126523294331419 51.4146730331961, 0.11312430922989 51.4129061187317, 0.104491396528712 51.4152210873909, 0.0951282889558978 51.4200833602833, 0.100402839818283 51.4237190215437, 0.0998227153253494 51.4343313714387, 0.107828976152757 51.4339253629873, 0.131492900007386 51.436142981379, 0.134958469373761 51.4341927773676, 0.131481563419159 51.4294665642858, 0.121206223471534 51.4291386338927, 0.116829861438634 51.4254574500201, 0.126523294331419 51.4146730331961))"
E05011231,4876,39.57193811605188,39.57193811605188,39.57193811605188,23.101717591226723,27.989431800581897,27.989431800581897,27.989431800581897,27.989431800581897,7.082845888259604,7.082845888259604,7.082845888259604,7.082845888259604,7.082845888259604,7.082845888259604,7.082845888259604,7.082845888259604,7.082845888259604,7.082845888259604,7.082845888259604,7.082845888259604,0,0,0,0,0,0,0,0,0,Slade Green & Northend,Bexley,"POLYGON ((0.219202439132856 51.4796095648107, 0.2115688339007 51.4750926732563, 0.210612945126035 51.4624813117235, 0.202880215955973 51.45826549813, 0.192685807157531 51.463789917998, 0.181960754896968 51.4642209225423, 0.17788250884566 51.4652656525483, 0.180859546903901 51.4707610484417, 0.186499591258576 51.4804808295509, 0.186537326334579 51.4804648842911, 0.200844593643595 51.4786571127252, 0.211683788803227 51.4827285931034, 0.217644190043408 51.4804485903159, 0.219202439132856 51.4796095648107))"
E05011232,6056,104.15301097940574,104.15301097940574,104.15301097940574,54.35615539886103,65.85648441378356,65.85648441378356,65.85648441378356,65.85648441378356,93.55795523310186,93.55795523310186,93.55795523310186,93.55795523310186,93.55795523310186,105.28604420392134,105.28604420392134,105.28604420392134,105.28604420392134,105.28604420392134,105.28604420392134,105.28604420392134,0,0,0,0,0,0,0,0,0,Thamesmead East,Bexley,"POLYGON ((0.152013469178269 51.5061567090411, 0.148837518379939 51.4984361973113, 0.153227467525489 51.4962666227196, 0.149199715064198 51.4921009197704, 0.121298425204924 51.4911056683968, 0.120975422868598 51.5008002965361, 0.118787744080156 51.5113197929839, 0.120239031684623 51.5114451021843, 0.128620890855794 51.5132941547309, 0.151296375343893 51.5062825014827, 0.152013469178269 51.5061567090411))"
E05011233,6125,3.5327712879455353,3.5327712879455353,3.5327712879455353,4.240138734784774,5.137240271144795,5.137240271144795,5.137240271144795,5.137240271144795,7.082845888259604,7.082845888259604,7.082845888259604,7.082845888259604,7.082845888259604,7.082845888259604,7.082845888259604,7.082845888259604,7.082845888259604,7.082845888259604,7.082845888259604,7.082845888259604,0,0,0,0,0,0,0,0,0,West Heath,Bexley,"POLYGON ((0.143145986340793 51.4790455760412, 0.144614536249002 51.4734092927372, 0.143275091020191 51.4701508460742, 0.137866287990952 51.4720332513478, 0.129091077999586 51.4683957451967, 0.120231883910893 51.4702614219405, 0.112484813738233 51.4734178128603, 0.115537534587286 51.4761953890257, 0.118471347388007 51.4789031355156, 0.124185321945107 51.4768471166998, 0.122044684672085 51.4829947438895, 0.137782703767773 51.4826242544327, 0.143145986340793 51.4790455760412))"
E05011234,5105,115.16405841487328,115.16405841487328,115.16405841487328,67.57194689405001,81.86838886567502,81.86838886567502,81.86838886567502,81.86838886567502,116.86578643795484,116.86578643795484,116.86578643795484,116.86578643795484,116.86578643795484,72.95582133120672,72.95582133120672,72.95582133120672,72.95582133120672,72.95582133120672,72.95582133120672,72.95582133120672,0,0,0,0,0,0,0,0,0,Aldborough,Redbridge,"POLYGON ((0.141935434696006 51.5965591757346, 0.126386612530658 51.586725221955, 0.12775904041602 51.5816363849018, 0.117542763063498 51.5823700142616, 0.109443449569297 51.5820536697448, 0.0941600315237866 51.5757357612125, 0.0793762006798521 51.5742604598117, 0.0745395903446022 51.5751042506629, 0.0821544445888795 51.5825026207077, 0.0794986052450307 51.5862034734436, 0.0808275662039038 51.5880540255265, 0.0888137330355887 51.586657102089, 0.0910364137042984 51.5954300671333, 0.109523304646217 51.6006587236902, 0.129107117961008 51.6084777053304, 0.141935434696006 51.5965591757346))"
E05011235,5046,50.891502127465465,50.891502127465465,50.891502127465465,24.76198279550442,30.0009653379695,30.0009653379695,30.0009653379695,30.0009653379695,10.687487622135857,10.687487622135857,10.687487622135857,10.687487622135857,10.687487622135857,25.574341889096043,25.574341889096043,25.574341889096043,25.574341889096043,25.574341889096043,25.574341889096043,25.574341889096043,0,0,0,0,0,0,0,0,0,Barkingside,Redbridge,"POLYGON ((0.0794986052450307 51.5862034734436, 0.0821544445888795 51.5825026207077, 0.0745395903446022 51.5751042506629, 0.0675054851415484 51.5763129494721, 0.0570464745802242 51.5764428446136, 0.055197112766601 51.5804932208564, 0.0701084898871299 51.5874756876066, 0.0732036773515446 51.5889066708422, 0.0794986052450307 51.5862034734436))"
E05011236,5401,13.985099265457144,13.985099265457144,13.985099265457144,15.881867272026248,19.24205155399736,19.24205155399736,19.24205155399736,19.24205155399736,20.758006685079508,20.758006685079508,20.758006685079508,20.758006685079508,20.758006685079508,10.249638967225264,10.249638967225264,10.249638967225264,10.249638967225264,10.249638967225264,10.249638967225264,10.249638967225264,0,0,0,0,0,0,0,0,0,Bridge,Redbridge,"POLYGON ((0.0625456171524568 51.6070771557351, 0.0728236884365911 51.6046896927684, 0.0762068327620268 51.5971134146462, 0.0565666722244515 51.601073259928, 0.0538915691539038 51.5983998626992, 0.0455590415625625 51.5997611649413, 0.0322254492703588 51.603615817563, 0.0407868651221867 51.6157291361523, 0.0537096427506399 51.6182810257661, 0.0480940979005377 51.6133228726355, 0.0625456171524568 51.6070771557351))"
E05011237,5579,62.992620289742966,62.992620289742966,62.992620289742966,26.81821028258368,32.49223633497726,32.49223633497726,32.49223633497726,32.49223633497726,39.80442317369034,39.80442317369034,39.80442317369034,39.80442317369034,39.80442317369034,12.126133202556378,12.126133202556378,12.126133202556378,12.126133202556378,12.126133202556378,12.126133202556378,12.126133202556378,0,0,0,0,0,0,0,0,0,Chadwell,Redbridge,"POLYGON ((0.12775904041602 51.5816363849018, 0.133563787850144 51.5799532389608, 0.129194484620115 51.5763125215411, 0.130026179761291 51.5707298907394, 0.129659209964429 51.5681112019125, 0.119127511516346 51.5684313560359, 0.119256060617398 51.5717878635633, 0.113275738040452 51.5741213694953, 0.117542763063498 51.5823700142616, 0.12775904041602 51.5816363849018))"
E05011238,6349,33.9553374656964,33.9553374656964,33.9553374656964,21.239247355390173,25.73291197946012,25.73291197946012,25.73291197946012,25.73291197946012,10.249638967225264,10.249638967225264,10.249638967225264,10.249638967225264,10.249638967225264,11.18788608489082,11.18788608489082,11.18788608489082,11.18788608489082,11.18788608489082,11.18788608489082,11.18788608489082,0,0,0,0,0,0,0,0,0,Churchfields,Redbridge,"POLYGON ((0.0322254492703588 51.603615817563, 0.0455590415625625 51.5997611649413, 0.0376297894392398 51.5939153387482, 0.0125543135204849 51.595357882183, 0.0164071044917183 51.6039404967797, 0.0195790105420407 51.6076109417719, 0.0322254492703588 51.603615817563))"
E05011239,4278,20.943252797117207,20.943252797117207,20.943252797117207,20.98075756982738,25.41973257210278,25.41973257210278,25.41973257210278,25.41973257210278,10.249638967225264,10.249638967225264,10.249638967225264,10.249638967225264,10.249638967225264,10.406013486836189,10.406013486836189,10.406013486836189,10.406013486836189,10.406013486836189,10.406013486836189,10.406013486836189,0,0,0,0,0,0,0,0,0,Clayhall,Redbridge,"POLYGON ((0.0701084898871299 51.5874756876066, 0.055197112766601 51.5804932208564, 0.0570464745802242 51.5764428446136, 0.0442844113306705 51.5759393223937, 0.0398996187023529 51.5841881193426, 0.0378045640987811 51.5936604923749, 0.0488628329137377 51.5901047242024, 0.0632507154755139 51.5911242871456, 0.0701084898871299 51.5874756876066))"
E05011240,3803,18.64839200253988,18.64839200253988,18.64839200253988,20.394726774509937,24.70971311515957,24.70971311515957,24.70971311515957,24.70971311515957,13.533503879054717,13.533503879054717,13.533503879054717,13.533503879054717,13.533503879054717,12.595256761389155,12.595256761389155,12.595256761389155,12.595256761389155,12.595256761389155,12.595256761389155,12.595256761389155,0,0,0,0,0,0,0,0,0,Clementswood,Redbridge,"POLYGON ((0.0862087519798825 51.5506871503051, 0.0751892990013633 51.5495921456633, 0.0714395193757076 51.5564511031493, 0.085472244447461 51.5589959670775, 0.0862087519798825 51.5506871503051))"
E05011241,4223,31.038017933632258,31.038017933632258,31.038017933632258,18.27987499502714,22.147414471501456,22.147414471501456,22.147414471501456,22.147414471501456,11.12533627704645,11.12533627704645,11.12533627704645,11.12533627704645,11.12533627704645,10.71876252605804,10.71876252605804,10.71876252605804,10.71876252605804,10.71876252605804,10.71876252605804,10.71876252605804,0,0,0,0,0,0,0,0,0,Cranbrook,Redbridge,"POLYGON ((0.0569051599455127 51.5625381195731, 0.0442844113306705 51.5759393223937, 0.0570464745802242 51.5764428446136, 0.0675054851415484 51.5763129494721, 0.0682271791813091 51.569256242274, 0.0569051599455127 51.5625381195731))"
E05011242,5387,57.06362122021089,57.06362122021089,57.06362122021089,20.966906035127316,25.402950417949533,25.402950417949533,25.402950417949533,25.402950417949533,76.14586153126962,76.14586153126962,76.14586153126962,76.14586153126962,76.14586153126962,63.57335015455115,63.57335015455115,63.57335015455115,63.57335015455115,63.57335015455115,63.57335015455115,63.57335015455115,0,0,0,0,0,0,0,0,0,Fairlop,Redbridge,"POLYGON ((0.109523304646217 51.6006587236902, 0.0910364137042984 51.5954300671333, 0.0888137330355887 51.586657102089, 0.0808275662039038 51.5880540255265, 0.0852453636993161 51.5937031870869, 0.0762068327620268 51.5971134146462, 0.0728236884365911 51.6046896927684, 0.0791702290191413 51.607047420655, 0.0889219704111431 51.6048535716048, 0.094692625571188 51.6107471577656, 0.0936263015578723 51.6040215837147, 0.105104461546104 51.6066482151007, 0.109523304646217 51.6006587236902))"
E05011243,5376,20.601902134455223,20.601902134455223,20.601902134455223,18.764116201331372,22.734108346766863,22.734108346766863,22.734108346766863,22.734108346766863,10.249638967225264,10.249638967225264,10.249638967225264,10.249638967225264,10.249638967225264,10.249638967225264,10.249638967225264,10.249638967225264,10.249638967225264,10.249638967225264,10.249638967225264,10.249638967225264,0,0,0,0,0,0,0,0,0,Fullwell,Redbridge,"POLYGON ((0.0762068327620268 51.5971134146462, 0.0852453636993161 51.5937031870869, 0.0808275662039038 51.5880540255265, 0.0794986052450307 51.5862034734436, 0.0732036773515446 51.5889066708422, 0.0701084898871299 51.5874756876066, 0.0632507154755139 51.5911242871456, 0.0488628329137377 51.5901047242024, 0.0378045640987811 51.5936604923749, 0.0376297894392398 51.5939153387482, 0.0455590415625625 51.5997611649413, 0.0538915691539038 51.5983998626992, 0.0565666722244515 51.601073259928, 0.0762068327620268 51.5971134146462))"
E05011244,4880,203.2487783573852,203.2487783573852,203.2487783573852,38.67670758871687,46.859678941645114,46.859678941645114,46.859678941645114,46.859678941645114,10.249638967225264,10.249638967225264,10.249638967225264,10.249638967225264,10.249638967225264,10.249638967225264,10.249638967225264,10.249638967225264,10.249638967225264,10.249638967225264,10.249638967225264,10.249638967225264,0,0,0,0,0,0,0,0,0,Goodmayes,Redbridge,"POLYGON ((0.129659209964429 51.5681112019125, 0.129324280822724 51.5665254420886, 0.125029490794605 51.5643413796962, 0.119052372388767 51.5630522061295, 0.12049159667184 51.5585734675569, 0.113272875532401 51.5572667557996, 0.108318691080143 51.5521568495689, 0.107456038951391 51.5520023127734, 0.109550729651716 51.5607694279102, 0.0937433835608484 51.559817116573, 0.0919027010570926 51.563419926892, 0.0954155793319734 51.5638052003805, 0.119127511516346 51.5684313560359, 0.129659209964429 51.5681112019125))"
E05011245,5890,31.0702666448586,31.0702666448586,31.0702666448586,15.427473672189628,18.6915202515942,18.6915202515942,18.6915202515942,18.6915202515942,10.249638967225264,10.249638967225264,10.249638967225264,10.249638967225264,10.249638967225264,10.249638967225264,10.249638967225264,10.249638967225264,10.249638967225264,10.249638967225264,10.249638967225264,10.249638967225264,0,0,0,0,0,0,0,0,0,Hainault,Redbridge,"POLYGON ((0.148206068251708 51.5989684765055, 0.141935434696006 51.5965591757346, 0.129107117961008 51.6084777053304, 0.109523304646217 51.6006587236902, 0.105104461546104 51.6066482151007, 0.0936263015578723 51.6040215837147, 0.094692625571188 51.6107471577656, 0.0922848679306965 51.6135742646308, 0.0980683911361371 51.6154215814252, 0.103837892902431 51.6125513655598, 0.116715292221065 51.6169224573257, 0.119307301579151 51.6153685035469, 0.12918755086688 51.6214434510122, 0.138184233985369 51.6235453961019, 0.147495894337989 51.6123510992922, 0.148206068251708 51.5989684765055))"
E05011246,4344,484.44912647060534,484.44912647060534,484.44912647060534,143.44772373391558,173.797479107091,173.797479107091,173.797479107091,173.797479107091,10.249638967225264,10.249638967225264,10.249638967225264,10.249638967225264,10.249638967225264,84.52753578241527,84.52753578241527,84.52753578241527,84.52753578241527,84.52753578241527,84.52753578241527,84.52753578241527,0,0,0,0,0,0,0,0,0,Ilford Town,Redbridge,"POLYGON ((0.0919027010570926 51.563419926892, 0.0937433835608484 51.559817116573, 0.085472244447461 51.5589959670775, 0.0714395193757076 51.5564511031493, 0.0649886194760412 51.5564105609889, 0.0636154519805844 51.5573078465204, 0.0632792684918553 51.5575934445602, 0.0813485882706133 51.5665412301593, 0.0919027010570926 51.563419926892))"
E05011247,4870,178.31443478847876,178.31443478847876,178.31443478847876,17.603771604571165,21.328265433661244,21.328265433661244,21.328265433661244,21.328265433661244,11.563184931957045,11.563184931957045,11.563184931957045,11.563184931957045,11.563184931957045,11.031511565279892,11.031511565279892,11.031511565279892,11.031511565279892,11.031511565279892,11.031511565279892,11.031511565279892,0,0,0,0,0,0,0,0,0,Loxford,Redbridge,"POLYGON ((0.0862087519798825 51.5506871503051, 0.0885001748933943 51.5477416511789, 0.0800670386618112 51.5447735869979, 0.0683526095040045 51.5443920331686, 0.0649886194760412 51.5564105609889, 0.0714395193757076 51.5564511031493, 0.0751892990013633 51.5495921456633, 0.0862087519798825 51.5506871503051))"
E05011248,4557,8.415088417568253,8.415088417568253,8.415088417568253,41.72152811826679,50.548703197972,50.548703197972,50.548703197972,50.548703197972,10.249638967225264,10.249638967225264,10.249638967225264,10.249638967225264,10.249638967225264,38.55342701680293,38.55342701680293,38.55342701680293,38.55342701680293,38.55342701680293,38.55342701680293,38.55342701680293,0,0,0,0,0,0,0,0,0,Mayfield,Redbridge,"POLYGON ((0.107456038951391 51.5520023127734, 0.106131021962619 51.5509445459917, 0.0935230942538902 51.5458592989579, 0.0926023852276276 51.5496485203025, 0.0885001748933943 51.5477416511789, 0.0862087519798825 51.5506871503051, 0.085472244447461 51.5589959670775, 0.0937433835608484 51.559817116573, 0.109550729651716 51.5607694279102, 0.107456038951391 51.5520023127734))"
E05011249,3846,21.825272197415103,21.825272197415103,21.825272197415103,10.836343479474312,13.129027986283202,13.129027986283202,13.129027986283202,13.129027986283202,10.249638967225264,10.249638967225264,10.249638967225264,10.249638967225264,10.249638967225264,15.253623594774904,15.253623594774904,15.253623594774904,15.253623594774904,15.253623594774904,15.253623594774904,15.253623594774904,0,0,0,0,0,0,0,0,0,Monkhams,Redbridge,"POLYGON ((0.0407868651221867 51.6157291361523, 0.0322254492703588 51.603615817563, 0.0195790105420407 51.6076109417719, 0.0212592156276525 51.6122735093353, 0.0087085350671692 51.6190749193472, 0.0145258422604809 51.6189035250088, 0.020091050089819 51.6264295704631, 0.0218144126030301 51.6288272201855, 0.0407868651221867 51.6157291361523))"
E05011250,4439,84.11067597141309,84.11067597141309,84.11067597141309,19.097699556160837,23.13826914229812,23.13826914229812,23.13826914229812,23.13826914229812,109.20343497701946,109.20343497701946,109.20343497701946,109.20343497701946,109.20343497701946,76.86518432147989,76.86518432147989,76.86518432147989,76.86518432147989,76.86518432147989,76.86518432147989,76.86518432147989,0,0,0,0,0,0,0,0,0,Newbury,Redbridge,"POLYGON ((0.0954155793319734 51.5638052003805, 0.0919027010570926 51.563419926892, 0.0813485882706133 51.5665412301593, 0.0768058209517908 51.5712827010486, 0.0793762006798521 51.5742604598117, 0.0941600315237866 51.5757357612125, 0.109443449569297 51.5820536697448, 0.10560896586414 51.5724202130517, 0.0957396878447213 51.5711068450928, 0.0954155793319734 51.5638052003805))"
E05011251,4734,49.69632096174291,49.69632096174291,49.69632096174291,18.448746885344832,22.352015200361436,22.352015200361436,22.352015200361436,22.352015200361436,66.73211545069186,66.73211545069186,66.73211545069186,66.73211545069186,66.73211545069186,50.594265026844255,50.594265026844255,50.594265026844255,50.594265026844255,50.594265026844255,50.594265026844255,50.594265026844255,0,0,0,0,0,0,0,0,0,Seven Kings,Redbridge,"POLYGON ((0.119127511516346 51.5684313560359, 0.0954155793319734 51.5638052003805, 0.0957396878447213 51.5711068450928, 0.10560896586414 51.5724202130517, 0.109443449569297 51.5820536697448, 0.117542763063498 51.5823700142616, 0.113275738040452 51.5741213694953, 0.119256060617398 51.5717878635633, 0.119127511516346 51.5684313560359))"
E05011252,5291,67.63323853683768,67.63323853683768,67.63323853683768,22.630533579375893,27.41855767777504,27.41855767777504,27.41855767777504,27.41855767777504,12.43888224177823,12.43888224177823,12.43888224177823,12.43888224177823,12.43888224177823,15.09724907516398,15.09724907516398,15.09724907516398,15.09724907516398,15.09724907516398,15.09724907516398,15.09724907516398,0,0,0,0,0,0,0,0,0,South Woodford,Redbridge,"POLYGON ((0.0376297894392398 51.5939153387482, 0.0378045640987811 51.5936604923749, 0.0398996187023529 51.5841881193426, 0.0129455668271882 51.5869620948654, 0.0125543135204849 51.595357882183, 0.0376297894392398 51.5939153387482))"
E05011253,5091,33.758200209378806,33.758200209378806,33.758200209378806,17.38875327053617,21.067754890556312,21.067754890556312,21.067754890556312,21.067754890556312,10.249638967225264,10.249638967225264,10.249638967225264,10.249638967225264,10.249638967225264,10.249638967225264,10.249638967225264,10.249638967225264,10.249638967225264,10.249638967225264,10.249638967225264,10.249638967225264,0,0,0,0,0,0,0,0,0,Valentines,Redbridge,"POLYGON ((0.0745395903446022 51.5751042506629, 0.0793762006798521 51.5742604598117, 0.0768058209517908 51.5712827010486, 0.0813485882706133 51.5665412301593, 0.0632792684918553 51.5575934445602, 0.0569051599455127 51.5625381195731, 0.0682271791813091 51.569256242274, 0.0675054851415484 51.5763129494721, 0.0745395903446022 51.5751042506629))"
E05011254,3157,8.117477019190364,8.117477019190364,8.117477019190364,9.742840940549716,11.80416914770851,11.80416914770851,11.80416914770851,11.80416914770851,10.249638967225264,10.249638967225264,10.249638967225264,10.249638967225264,10.249638967225264,10.249638967225264,10.249638967225264,10.249638967225264,10.249638967225264,10.249638967225264,10.249638967225264,10.249638967225264,0,0,0,0,0,0,0,0,0,Wanstead Park,Redbridge,"POLYGON ((0.0569051599455127 51.5625381195731, 0.0632792684918553 51.5575934445602, 0.0636154519805844 51.5573078465204, 0.0600776414059348 51.5564654293793, 0.0503451200671899 51.5639901523825, 0.0419553911134369 51.5614522038725, 0.0443657014148482 51.5576007551001, 0.0463276646802611 51.5548149155363, 0.035434838427222 51.5552545421215, 0.0253689556664166 51.5540638558903, 0.0203688672025549 51.5562688389235, 0.0142688152217677 51.5635091011541, 0.0191562326633688 51.5698506119591, 0.0317607390632817 51.5714169807165, 0.0290773045599366 51.57606936992, 0.0442844113306705 51.5759393223937, 0.0569051599455127 51.5625381195731))"
E05011255,5843,44.64044984302767,44.64044984302767,44.64044984302767,16.897892758799685,20.47304123939192,20.47304123939192,20.47304123939192,20.47304123939192,11.78210925941234,11.78210925941234,11.78210925941234,11.78210925941234,11.78210925941234,20.5703572615464,20.5703572615464,20.5703572615464,20.5703572615464,20.5703572615464,20.5703572615464,20.5703572615464,0,0,0,0,0,0,0,0,0,Wanstead Village,Redbridge,"POLYGON ((0.0398996187023529 51.5841881193426, 0.0442844113306705 51.5759393223937, 0.0290773045599366 51.57606936992, 0.0317607390632817 51.5714169807165, 0.0191562326633688 51.5698506119591, 0.016489795278798 51.5728899400021, 0.01492712956376 51.5833966694207, 0.0129455668271882 51.5869620948654, 0.0398996187023529 51.5841881193426))"
E05011462,4872,19.189736942644423,19.189736942644423,19.189736942644423,23.393489911422364,28.342935449181375,28.342935449181375,28.342935449181375,28.342935449181375,22.001894909257334,22.001894909257334,22.001894909257334,22.001894909257334,22.001894909257334,21.81424548572422,21.81424548572422,21.81424548572422,21.81424548572422,21.81424548572422,21.81424548572422,21.81424548572422,0,0,0,0,0,0,0,0,0,Addiscombe East,Croydon,"POLYGON ((-0.05999398870512 51.3763361707028, -0.0637684582554258 51.3755596425158, -0.0809069178134433 51.3751063465051, -0.0814750869949768 51.3800778755899, -0.0712605273684891 51.3849990768681, -0.0645427219616265 51.3874582231456, -0.0573500199162438 51.3845503253227, -0.0591989375727903 51.3814434453762, -0.0634429669116646 51.3820147234247, -0.05999398870512 51.3763361707028))"
E05011463,7301,71.50692088276587,71.50692088276587,71.50692088276587,72.09200564786511,87.34477284989345,87.34477284989345,87.34477284989345,87.34477284989345,79.14114437508981,79.14114437508981,79.14114437508981,79.14114437508981,79.14114437508981,23.69073972105534,23.69073972105534,23.69073972105534,23.69073972105534,23.69073972105534,23.69073972105534,23.69073972105534,0,0,0,0,0,0,0,0,0,Addiscombe West,Croydon,"POLYGON ((-0.0712605273684891 51.3849990768681, -0.0814750869949768 51.3800778755899, -0.0809069178134433 51.3751063465051, -0.092823205303623 51.3720590016947, -0.0905468455515223 51.381122725134, -0.0873072006049137 51.3848576796324, -0.0846812358532727 51.3868939512858, -0.0795298649056616 51.3894038917381, -0.0712605273684891 51.3849990768681))"
E05011464,6463,28.89230619587341,28.89230619587341,28.89230619587341,49.49434239382319,59.96603999144472,59.96603999144472,59.96603999144472,59.96603999144472,42.79970601751054,42.79970601751054,42.79970601751054,42.79970601751054,42.79970601751054,21.345121926891444,21.345121926891444,21.345121926891444,21.345121926891444,21.345121926891444,21.345121926891444,21.345121926891444,0,0,0,0,0,0,0,0,0,Bensham Manor,Croydon,"POLYGON ((-0.093105359172055 51.3950394103824, -0.0931349212540288 51.3949840625228, -0.103940759168016 51.3889310808495, -0.118590499451678 51.401896319262, -0.10993590409197 51.4053073355499, -0.093105359172055 51.3950394103824))"
E05011465,7784,74.64744200079858,74.64744200079858,74.64744200079858,207.4067314644106,251.2885261617668,251.2885261617668,251.2885261617668,251.2885261617668,238.29913043509063,238.29913043509063,238.29913043509063,238.29913043509063,238.29913043509063,27.287353672106647,27.287353672106647,27.287353672106647,27.287353672106647,27.287353672106647,27.287353672106647,27.287353672106647,0,0,0,0,0,0,0,0,0,Broad Green,Croydon,"POLYGON ((-0.105388445851413 51.3879157427992, -0.104243640021623 51.3838675233822, -0.0985015280189531 51.382755853423, -0.107997427663381 51.3770923198959, -0.126693593220938 51.3770648308121, -0.13261046435426 51.3901264349014, -0.121066390656132 51.3853837975726, -0.105388445851413 51.3879157427992))"
E05011466,5971,101.69649764267744,101.69649764267744,101.69649764267744,41.650287145264855,50.46238951383269,50.46238951383269,50.46238951383269,50.46238951383269,31.634565317290395,31.634565317290395,31.634565317290395,31.634565317290395,31.634565317290395,25.2544849171646,25.2544849171646,25.2544849171646,25.2544849171646,25.2544849171646,25.2544849171646,25.2544849171646,0,0,0,0,0,0,0,0,0,Coulsdon Town,Croydon,"POLYGON ((-0.128272116751061 51.3222674671574, -0.129259882594748 51.3150416487514, -0.136028915030108 51.3156580546527, -0.143558982605151 51.3012603875361, -0.151023184109817 51.3007219321699, -0.157735020247375 51.3044275103801, -0.154315337506222 51.3103178965138, -0.158330470681896 51.3109853914119, -0.161879752207213 51.3196257050228, -0.156543168202182 51.3215085885945, -0.145558322827444 51.3235021391558, -0.144427844795996 51.3264757415144, -0.149304981123243 51.3287642396586, -0.144041970216683 51.3306684832559, -0.138883901133037 51.3325561934237, -0.129920497186687 51.3281428680798, -0.128272116751061 51.3222674671574))"
E05011467,7715,16.720141257020995,16.720141257020995,16.720141257020995,45.72659462128814,55.40113615238067,55.40113615238067,55.40113615238067,55.40113615238067,58.34333326683661,58.34333326683661,58.34333326683661,58.34333326683661,58.34333326683661,21.657870966113297,21.657870966113297,21.657870966113297,21.657870966113297,21.657870966113297,21.657870966113297,21.657870966113297,0,0,0,0,0,0,0,0,0,Crystal Palace & Upper Norwood,Croydon,"POLYGON ((-0.0785621211899689 51.4198751949025, -0.0807370147686855 51.4160158409551, -0.0727309874922919 51.4126928310316, -0.0728329633751792 51.4084829872288, -0.0821300281815284 51.4048994418738, -0.0952329735604508 51.410114047911, -0.106515861929346 51.4193895063499, -0.10596223213748 51.4225943322665, -0.0968467856220422 51.4226759472542, -0.0785621211899689 51.4198751949025))"
E05011468,8230,789.4329614442008,789.4329614442008,789.4329614442008,504.2583964597377,610.9461749692853,610.9461749692853,610.9461749692853,610.9461749692853,422.41448982499526,422.41448982499526,422.41448982499526,422.41448982499526,422.41448982499526,79.36006870254512,79.36006870254512,79.36006870254512,79.36006870254512,79.36006870254512,79.36006870254512,79.36006870254512,0,0,0,0,0,0,0,0,0,Fairfield,Croydon,"POLYGON ((-0.0905468455515223 51.381122725134, -0.092823205303623 51.3720590016947, -0.0930247150508352 51.3667204689299, -0.0989598134698828 51.3676830191663, -0.0988626831564638 51.3645114285921, -0.107997427663381 51.3770923198959, -0.0985015280189531 51.382755853423, -0.0905468455515223 51.381122725134))"
E05011469,4320,15.115308144961553,15.115308144961553,15.115308144961553,19.045320083680235,23.07480755477949,23.07480755477949,23.07480755477949,23.07480755477949,24.6289868387209,24.6289868387209,24.6289868387209,24.6289868387209,24.6289868387209,22.75249260338978,22.75249260338978,22.75249260338978,22.75249260338978,22.75249260338978,22.75249260338978,22.75249260338978,0,0,0,0,0,0,0,0,0,Kenley,Croydon,"POLYGON ((-0.102819913644055 51.3288011230788, -0.0889322215946233 51.3230626493678, -0.0822241097901825 51.3169577054, -0.0819316756913801 51.3106472894563, -0.0887319787741326 51.3051045617358, -0.0972447167534066 51.3002953676387, -0.103854861971803 51.3073127298468, -0.109250797333018 51.3079493155503, -0.120266060603753 51.3238210878513, -0.121869245844344 51.3275105850178, -0.11770330108215 51.3287486934959, -0.115455007025103 51.3267988581726, -0.108469040396523 51.3300749940635, -0.102819913644055 51.3288011230788))"
E05011470,3769,27.21241754148648,27.21241754148648,27.21241754148648,16.39868692997303,19.86821662212178,19.86821662212178,19.86821662212178,19.86821662212178,21.345121926891444,21.345121926891444,21.345121926891444,21.345121926891444,21.345121926891444,21.345121926891444,21.345121926891444,21.345121926891444,21.345121926891444,21.345121926891444,21.345121926891444,21.345121926891444,0,0,0,0,0,0,0,0,0,New Addington North,Croydon,"POLYGON ((-0.0053063568389843 51.3525782892825, -0.0091680027292261 51.3535617845584, -0.0107225631554157 51.3481159651738, -0.0223275243531225 51.3480304092343, -0.0285594517395789 51.354399708734, -0.0182606869526157 51.3612525892697, -0.0053063568389843 51.3525782892825))"
E05011471,4291,43.51727477556213,43.51727477556213,43.51727477556213,31.99299633727788,38.761870650629646,38.761870650629646,38.761870650629646,38.761870650629646,41.924008707689346,41.924008707689346,41.924008707689346,41.924008707689346,41.924008707689346,31.665840221212584,31.665840221212584,31.665840221212584,31.665840221212584,31.665840221212584,31.665840221212584,31.665840221212584,0,0,0,0,0,0,0,0,0,New Addington South,Croydon,"POLYGON ((-0.0053063568389843 51.3525782892825, -0.0028917582235421 51.3455226842847, 0.003311737022468 51.3321555626221, 0.0022947209661432 51.3291388513245, -0.0108739298541556 51.3336283574389, -0.0285061993810372 51.3477494106324, -0.0223275243531225 51.3480304092343, -0.0107225631554157 51.3481159651738, -0.0091680027292261 51.3535617845584, -0.0053063568389843 51.3525782892825))"
E05011472,4736,19.29223130844355,19.29223130844355,19.29223130844355,23.155118343064448,28.05413074323668,28.05413074323668,28.05413074323668,28.05413074323668,21.345121926891444,21.345121926891444,21.345121926891444,21.345121926891444,21.345121926891444,21.345121926891444,21.345121926891444,21.345121926891444,21.345121926891444,21.345121926891444,21.345121926891444,21.345121926891444,0,0,0,0,0,0,0,0,0,Norbury & Pollards Hill,Croydon,"POLYGON ((-0.109991804104121 51.4053459955516, -0.10993590409197 51.4053073355499, -0.118590499451678 51.401896319262, -0.125391517089764 51.3988244843397, -0.131508189010393 51.4049290291027, -0.127722267477981 51.4123206689225, -0.126832477078489 51.4126989254858, -0.109991804104121 51.4053459955516))"
E05011473,3879,14.129605671528262,14.129605671528262,14.129605671528262,16.958779222280995,20.546809672862683,20.546809672862683,20.546809672862683,20.546809672862683,21.345121926891444,21.345121926891444,21.345121926891444,21.345121926891444,21.345121926891444,21.345121926891444,21.345121926891444,21.345121926891444,21.345121926891444,21.345121926891444,21.345121926891444,21.345121926891444,0,0,0,0,0,0,0,0,0,Norbury Park,Croydon,"POLYGON ((-0.10596223213748 51.4225943322665, -0.106515861929346 51.4193895063499, -0.0952329735604508 51.410114047911, -0.109991804104121 51.4053459955516, -0.126832477078489 51.4126989254858, -0.112624082113261 51.4232432373017, -0.10596223213748 51.4225943322665))"
E05011474,4120,10.633426408198597,10.633426408198597,10.633426408198597,13.304641939852084,16.119553307502677,16.119553307502677,16.119553307502677,16.119553307502677,22.001894909257334,22.001894909257334,22.001894909257334,22.001894909257334,22.001894909257334,21.657870966113297,21.657870966113297,21.657870966113297,21.657870966113297,21.657870966113297,21.657870966113297,21.657870966113297,0,0,0,0,0,0,0,0,0,Old Coulsdon,Croydon,"POLYGON ((-0.0972447167534066 51.3002953676387, -0.0943241985377067 51.2993539651557, -0.101139812864712 51.2962866561727, -0.115728818857484 51.2907281577305, -0.117775245875414 51.2870948097597, -0.124292859195443 51.2867586590943, -0.137313517589503 51.3007809054645, -0.143558982605151 51.3012603875361, -0.136028915030108 51.3156580546527, -0.129259882594748 51.3150416487514, -0.128272116751061 51.3222674671574, -0.120266060603753 51.3238210878513, -0.109250797333018 51.3079493155503, -0.103854861971803 51.3073127298468, -0.0972447167534066 51.3002953676387))"
E05011475,2555,12.94501749763374,12.94501749763374,12.94501749763374,21.31921513867797,25.829798836800432,25.829798836800432,25.829798836800432,25.829798836800432,29.007473387826835,29.007473387826835,29.007473387826835,29.007473387826835,29.007473387826835,21.345121926891444,21.345121926891444,21.345121926891444,21.345121926891444,21.345121926891444,21.345121926891444,21.345121926891444,0,0,0,0,0,0,0,0,0,Park Hill & Whitgift,Croydon,"POLYGON ((-0.0688569098729719 51.3627379979452, -0.0930247150508352 51.3667204689299, -0.092823205303623 51.3720590016947, -0.0809069178134433 51.3751063465051, -0.0637684582554258 51.3755596425158, -0.0688569098729719 51.3627379979452))"
E05011476,6381,60.75911792009497,60.75911792009497,60.75911792009497,141.5887232995325,171.54516320590548,171.54516320590548,171.54516320590548,171.54516320590548,116.57720436994558,116.57720436994558,116.57720436994558,116.57720436994558,116.57720436994558,24.785361358331823,24.785361358331823,24.785361358331823,24.785361358331823,24.785361358331823,24.785361358331823,24.785361358331823,0,0,0,0,0,0,0,0,0,Purley & Woodcote,Croydon,"POLYGON ((-0.117287034566951 51.3456794501028, -0.11402732415849 51.3457142268084, -0.110867356279816 51.3452811329033, -0.114084269898114 51.3402321955309, -0.106315050579795 51.3373074335033, -0.102819913644055 51.3288011230788, -0.108469040396523 51.3300749940635, -0.115455007025103 51.3267988581726, -0.11770330108215 51.3287486934959, -0.121869245844344 51.3275105850178, -0.120266060603753 51.3238210878513, -0.128272116751061 51.3222674671574, -0.129920497186687 51.3281428680798, -0.138883901133037 51.3325561934237, -0.144041970216683 51.3306684832559, -0.147522075023778 51.3387803325607, -0.144281006325339 51.3402208724176, -0.128347088804468 51.3474506802943, -0.126830974751929 51.3448565293047, -0.117287034566951 51.3456794501028))"
E05011477,4022,26.41978195955272,26.41978195955272,26.41978195955272,52.128264372402754,63.15723039953384,63.15723039953384,63.15723039953384,63.15723039953384,52.87022508045419,52.87022508045419,52.87022508045419,52.87022508045419,52.87022508045419,21.345121926891444,21.345121926891444,21.345121926891444,21.345121926891444,21.345121926891444,21.345121926891444,21.345121926891444,0,0,0,0,0,0,0,0,0,Purley Oaks & Riddlesdown,Croydon,"POLYGON ((-0.0928874959768745 51.3499915163147, -0.100530468138368 51.3354017529048, -0.089991945133268 51.3267481641786, -0.082186010141918 51.3278948881557, -0.0889322215946233 51.3230626493678, -0.102819913644055 51.3288011230788, -0.106315050579795 51.3373074335033, -0.114084269898114 51.3402321955309, -0.110867356279816 51.3452811329033, -0.11402732415849 51.3457142268084, -0.108631248235182 51.3540373307459, -0.10480277236262 51.3528828519793, -0.104719242153613 51.3470739126678, -0.0928874959768745 51.3499915163147))"
E05011478,6204,23.01718315766928,23.01718315766928,23.01718315766928,29.25216578807299,35.44115263773803,35.44115263773803,35.44115263773803,35.44115263773803,30.75886800746921,30.75886800746921,30.75886800746921,30.75886800746921,30.75886800746921,21.345121926891444,21.345121926891444,21.345121926891444,21.345121926891444,21.345121926891444,21.345121926891444,21.345121926891444,0,0,0,0,0,0,0,0,0,Sanderstead,Croydon,"POLYGON ((-0.0781132841825974 51.3484010667965, -0.0676372119079462 51.3441064183921, -0.0691337958756129 51.3400115216807, -0.0591848236012034 51.3355592349222, -0.0562516031974104 51.321664021092, -0.063994186935421 51.3186366052156, -0.0710165164894927 51.3212327940792, -0.0822241097901825 51.3169577054, -0.0889322215946233 51.3230626493678, -0.082186010141918 51.3278948881557, -0.089991945133268 51.3267481641786, -0.100530468138368 51.3354017529048, -0.0928874959768745 51.3499915163147, -0.091966477226682 51.3533910778771, -0.0781132841825974 51.3484010667965))"
E05011479,5558,27.194344654573097,27.194344654573097,27.194344654573097,34.44641530222271,41.73436836758105,41.73436836758105,41.73436836758105,41.73436836758105,50.46205747844593,50.46205747844593,50.46205747844593,50.46205747844593,50.46205747844593,36.982573887984074,36.982573887984074,36.982573887984074,36.982573887984074,36.982573887984074,36.982573887984074,36.982573887984074,0,0,0,0,0,0,0,0,0,Selhurst,Croydon,"POLYGON ((-0.0873072006049137 51.3848576796324, -0.0905468455515223 51.381122725134, -0.0985015280189531 51.382755853423, -0.104243640021623 51.3838675233822, -0.105388445851413 51.3879157427992, -0.103940759168016 51.3889310808495, -0.0931349212540288 51.3949840625228, -0.0873072006049137 51.3848576796324))"
E05011480,3845,24.224082423778587,24.224082423778587,24.224082423778587,29.074474917229956,35.225867064645584,35.225867064645584,35.225867064645584,35.225867064645584,21.345121926891444,21.345121926891444,21.345121926891444,21.345121926891444,21.345121926891444,21.345121926891444,21.345121926891444,21.345121926891444,21.345121926891444,21.345121926891444,21.345121926891444,21.345121926891444,0,0,0,0,0,0,0,0,0,Selsdon & Addington Village,Croydon,"POLYGON ((-0.0197559082936985 51.3636151526745, -0.0182606869526157 51.3612525892697, -0.0285594517395789 51.354399708734, -0.0331261141787556 51.3532119008876, -0.0313913434850493 51.3497056605387, -0.0350470431945963 51.3478600163742, -0.0380588984005349 51.3518799392012, -0.0487720565277153 51.3477998707769, -0.04738654212667 51.3451617289068, -0.0528854493302401 51.3421993192331, -0.0574544019838583 51.3460287394818, -0.0691337958756129 51.3400115216807, -0.0676372119079462 51.3441064183921, -0.0781132841825974 51.3484010667965, -0.0741837884110194 51.3498167395694, -0.0771278675324401 51.3529702427095, -0.0632508640268129 51.3562515121305, -0.0612660274062867 51.3597537166464, -0.0557052991067703 51.3585760450626, -0.0498501689049932 51.3618015941088, -0.04217312713583 51.3609101228752, -0.0235630177945328 51.365292936192, -0.0197559082936985 51.3636151526745))"
E05011481,4421,13.85136561111755,13.85136561111755,13.85136561111755,20.961487902429095,25.396385951258065,25.396385951258065,25.396385951258065,25.396385951258065,26.599305785818572,26.599305785818572,26.599305785818572,26.599305785818572,26.599305785818572,22.12699452494608,22.12699452494608,22.12699452494608,22.12699452494608,22.12699452494608,22.12699452494608,22.12699452494608,0,0,0,0,0,0,0,0,0,Selsdon Vale & Forestdale,Croydon,"POLYGON ((-0.0223275243531225 51.3480304092343, -0.0285061993810372 51.3477494106324, -0.0108739298541556 51.3336283574389, -0.014328038709478 51.3298046614522, -0.0220567004502861 51.3380996039451, -0.0378922709023185 51.3387044848688, -0.0419670806640429 51.3338103614329, -0.050261219672833 51.3326393320538, -0.0478687395913028 51.325245056529, -0.0562516031974104 51.321664021092, -0.0591848236012034 51.3355592349222, -0.0691337958756129 51.3400115216807, -0.0574544019838583 51.3460287394818, -0.0528854493302401 51.3421993192331, -0.04738654212667 51.3451617289068, -0.0487720565277153 51.3477998707769, -0.0380588984005349 51.3518799392012, -0.0350470431945963 51.3478600163742, -0.0313913434850493 51.3497056605387, -0.0331261141787556 51.3532119008876, -0.0285594517395789 51.354399708734, -0.0223275243531225 51.3480304092343))"
E05011482,6270,15.35296125290886,15.35296125290886,15.35296125290886,24.5706903163096,29.769200414896385,29.769200414896385,29.769200414896385,29.769200414896385,29.226397715282133,29.226397715282133,29.226397715282133,29.226397715282133,29.226397715282133,24.6289868387209,24.6289868387209,24.6289868387209,24.6289868387209,24.6289868387209,24.6289868387209,24.6289868387209,0,0,0,0,0,0,0,0,0,Shirley North,Croydon,"POLYGON ((-0.0367702723228199 51.3769956730507, -0.0494881079001626 51.3746202135143, -0.049193378839858 51.3714813261339, -0.05999398870512 51.3763361707028, -0.0634429669116646 51.3820147234247, -0.0591989375727903 51.3814434453762, -0.0573500199162438 51.3845503253227, -0.0645427219616265 51.3874582231456, -0.0534794080280074 51.394918204037, -0.0364984588922052 51.3884608124397, -0.0367702723228199 51.3769956730507))"
E05011483,3982,18.315930803395432,18.315930803395432,18.315930803395432,21.983333007747177,26.634426533007733,26.634426533007733,26.634426533007733,26.634426533007733,21.345121926891444,21.345121926891444,21.345121926891444,21.345121926891444,21.345121926891444,21.345121926891444,21.345121926891444,21.345121926891444,21.345121926891444,21.345121926891444,21.345121926891444,21.345121926891444,0,0,0,0,0,0,0,0,0,Shirley South,Croydon,"POLYGON ((-0.0235630177945328 51.365292936192, -0.04217312713583 51.3609101228752, -0.0498501689049932 51.3618015941088, -0.0557052991067703 51.3585760450626, -0.0612660274062867 51.3597537166464, -0.0688569098729719 51.3627379979452, -0.0637684582554258 51.3755596425158, -0.05999398870512 51.3763361707028, -0.049193378839858 51.3714813261339, -0.0494881079001626 51.3746202135143, -0.0367702723228199 51.3769956730507, -0.0267947728464081 51.3793741724316, -0.0235630177945328 51.365292936192))"
E05011484,8362,22.412553053625352,22.412553053625352,22.412553053625352,29.42994148656446,35.65654098577227,35.65654098577227,35.65654098577227,35.65654098577227,26.161457130907973,26.161457130907973,26.161457130907973,26.161457130907973,26.161457130907973,22.75249260338978,22.75249260338978,22.75249260338978,22.75249260338978,22.75249260338978,22.75249260338978,22.75249260338978,0,0,0,0,0,0,0,0,0,South Croydon,Croydon,"POLYGON ((-0.0930247150508352 51.3667204689299, -0.0688569098729719 51.3627379979452, -0.0612660274062867 51.3597537166464, -0.0632508640268129 51.3562515121305, -0.0771278675324401 51.3529702427095, -0.0741837884110194 51.3498167395694, -0.0781132841825974 51.3484010667965, -0.091966477226682 51.3533910778771, -0.0928874959768745 51.3499915163147, -0.104719242153613 51.3470739126678, -0.10480277236262 51.3528828519793, -0.108631248235182 51.3540373307459, -0.10765795579252 51.3573804290682, -0.0977933621107335 51.3576881696876, -0.0988626831564638 51.3645114285921, -0.0989598134698828 51.3676830191663, -0.0930247150508352 51.3667204689299))"
E05011485,7600,18.4558526683341,18.4558526683341,18.4558526683341,31.185981451842615,37.78411269783903,37.78411269783903,37.78411269783903,37.78411269783903,32.29133829965629,32.29133829965629,32.29133829965629,32.29133829965629,32.29133829965629,23.065241642611635,23.065241642611635,23.065241642611635,23.065241642611635,23.065241642611635,23.065241642611635,23.065241642611635,0,0,0,0,0,0,0,0,0,South Norwood,Croydon,"POLYGON ((-0.0685661493447028 51.4038439729772, -0.0637631964361161 51.401564289624, -0.0708544371782677 51.3972170293409, -0.0736261013803157 51.3990314886979, -0.0846812358532727 51.3868939512858, -0.0873072006049137 51.3848576796324, -0.0931349212540288 51.3949840625228, -0.093105359172055 51.3950394103824, -0.0821300281815284 51.4048994418738, -0.0728329633751792 51.4084829872288, -0.0685661493447028 51.4038439729772))"
E05011486,7540,26.00189298439224,26.00189298439224,26.00189298439224,31.027562614463875,37.59217661225448,37.59217661225448,37.59217661225448,37.59217661225448,27.693927423095055,27.693927423095055,27.693927423095055,27.693927423095055,27.693927423095055,21.345121926891444,21.345121926891444,21.345121926891444,21.345121926891444,21.345121926891444,21.345121926891444,21.345121926891444,0,0,0,0,0,0,0,0,0,Thornton Heath,Croydon,"POLYGON ((-0.0821300281815284 51.4048994418738, -0.093105359172055 51.3950394103824, -0.10993590409197 51.4053073355499, -0.109991804104121 51.4053459955516, -0.0952329735604508 51.410114047911, -0.0821300281815284 51.4048994418738))"
E05011487,7851,61.0243920320257,61.0243920320257,61.0243920320257,225.2071394803735,272.8550310858221,272.8550310858221,272.8550310858221,272.8550310858221,212.68498412282096,212.68498412282096,212.68498412282096,212.68498412282096,212.68498412282096,25.87998299560831,25.87998299560831,25.87998299560831,25.87998299560831,25.87998299560831,25.87998299560831,25.87998299560831,0,0,0,0,0,0,0,0,0,Waddon,Croydon,"POLYGON ((-0.0988626831564638 51.3645114285921, -0.0977933621107335 51.3576881696876, -0.10765795579252 51.3573804290682, -0.108631248235182 51.3540373307459, -0.11402732415849 51.3457142268084, -0.117287034566951 51.3456794501028, -0.124689709608309 51.3588656620409, -0.121408350637414 51.3623405136072, -0.126693593220938 51.3770648308121, -0.107997427663381 51.3770923198959, -0.0988626831564638 51.3645114285921))"
E05011488,6903,36.94232061392043,36.94232061392043,36.94232061392043,59.51760108408757,72.10995588959796,72.10995588959796,72.10995588959796,72.10995588959796,44.98894929206351,44.98894929206351,44.98894929206351,44.98894929206351,44.98894929206351,25.87998299560831,25.87998299560831,25.87998299560831,25.87998299560831,25.87998299560831,25.87998299560831,25.87998299560831,0,0,0,0,0,0,0,0,0,West Thornton,Croydon,"POLYGON ((-0.103940759168016 51.3889310808495, -0.105388445851413 51.3879157427992, -0.121066390656132 51.3853837975726, -0.13261046435426 51.3901264349014, -0.134353416957172 51.3908854911656, -0.134308288693061 51.3909223082518, -0.125391517089764 51.3988244843397, -0.118590499451678 51.401896319262, -0.103940759168016 51.3889310808495))"
E05011489,7324,25.655688028998355,25.655688028998355,25.655688028998355,47.05520917391747,57.010850506442466,57.010850506442466,57.010850506442466,57.010850506442466,40.829387070412864,40.829387070412864,40.829387070412864,40.829387070412864,40.829387070412864,21.50149644650237,21.50149644650237,21.50149644650237,21.50149644650237,21.50149644650237,21.50149644650237,21.50149644650237,0,0,0,0,0,0,0,0,0,Woodside,Croydon,"POLYGON ((-0.0504083719131333 51.398023167192, -0.0534794080280074 51.394918204037, -0.0645427219616265 51.3874582231456, -0.0712605273684891 51.3849990768681, -0.0795298649056616 51.3894038917381, -0.0846812358532727 51.3868939512858, -0.0736261013803157 51.3990314886979, -0.0708544371782677 51.3972170293409, -0.0637631964361161 51.401564289624, -0.0605596375513959 51.39912319268, -0.0529643920122607 51.4014610932399, -0.0504083719131333 51.398023167192))"
E05013496,4739,189.72275397669117,189.72275397669117,189.72275397669117,167.72050162352596,203.2057366822736,203.2057366822736,203.2057366822736,203.2057366822736,306.195525263613,306.195525263613,306.195525263613,306.195525263613,306.195525263613,194.7004927810225,194.7004927810225,194.7004927810225,194.7004927810225,194.7004927810225,194.7004927810225,194.7004927810225,0,0,0,0,0,0,0,0,0,Alperton,Brent,"POLYGON ((-0.286497052722355 51.5455714589399, -0.276821697012693 51.5419540415563, -0.281817395228758 51.5381067344147, -0.30270856525399 51.5319837207285, -0.307478059578533 51.533066903594, -0.304702349005428 51.5398629292706, -0.308510908987637 51.5432018839611, -0.312535446637375 51.5490263309209, -0.312423289022628 51.5492690523683, -0.299222158860115 51.5404740402292, -0.296857208310034 51.5441222111721, -0.286497052722355 51.5455714589399))"
E05013497,3896,93.94566531809946,93.94566531809946,93.94566531809946,137.87291701458537,167.04319030341455,167.04319030341455,167.04319030341455,167.04319030341455,43.4863323172567,43.4863323172567,43.4863323172567,43.4863323172567,43.4863323172567,31.758243346437222,31.758243346437222,31.758243346437222,31.758243346437222,31.758243346437222,31.758243346437222,31.758243346437222,0,0,0,0,0,0,0,0,0,Barnhill,Brent,"POLYGON ((-0.265365813573336 51.5589310721162, -0.279044599110514 51.5632643979937, -0.288128130041825 51.5689489111839, -0.290090730747168 51.5737734564879, -0.281307598869391 51.5788488078525, -0.277793618625378 51.5797015513488, -0.271844065573685 51.5704025840672, -0.261373401955753 51.5639329726178, -0.265365813573336 51.5589310721162))"
E05013498,5862,15.58177384997114,15.58177384997114,15.58177384997114,24.483929701968428,29.664083542590703,29.664083542590703,29.664083542590703,29.664083542590703,18.310034659897557,18.310034659897557,18.310034659897557,18.310034659897557,18.310034659897557,16.12079138534459,16.12079138534459,16.12079138534459,16.12079138534459,16.12079138534459,16.12079138534459,16.12079138534459,0,0,0,0,0,0,0,0,0,Brondesbury Park,Brent,"POLYGON ((-0.203522652826487 51.5467782832017, -0.203441196980801 51.5467097865813, -0.201907715003858 51.5452888464907, -0.207654204874829 51.5425920102704, -0.214996197794738 51.5370614533292, -0.218605525636655 51.5394026767979, -0.226834037980182 51.5365402034565, -0.230543615307994 51.5372052398922, -0.227449333617295 51.5409097884138, -0.233054502316071 51.5418822636761, -0.232206187879065 51.5456441162709, -0.218422048537653 51.5486967861266, -0.203522652826487 51.5467782832017))"
E05013499,6142,38.84996615828873,38.84996615828873,38.84996615828873,77.70830444484358,94.14933236062944,94.14933236062944,94.14933236062944,94.14933236062944,52.24330541546857,52.24330541546857,52.24330541546857,52.24330541546857,52.24330541546857,16.90266398339922,16.90266398339922,16.90266398339922,16.90266398339922,16.90266398339922,16.90266398339922,16.90266398339922,0,0,0,0,0,0,0,0,0,Cricklewood & Mapesbury,Brent,"POLYGON ((-0.213476554588311 51.555188542315, -0.203711511004685 51.5469596248513, -0.203522652826487 51.5467782832017, -0.218422048537653 51.5486967861266, -0.217486652085782 51.5526824647195, -0.23062012749578 51.5547994992355, -0.231406779075903 51.5575689490287, -0.220632876744405 51.5616707747097, -0.213476554588311 51.555188542315))"
E05013500,7721,19.982130919422307,19.982130919422307,19.982130919422307,38.43869267776277,46.571306352405195,46.571306352405195,46.571306352405195,46.571306352405195,36.6996781661425,36.6996781661425,36.6996781661425,36.6996781661425,36.6996781661425,29.56900007188425,29.56900007188425,29.56900007188425,29.56900007188425,29.56900007188425,29.56900007188425,29.56900007188425,0,0,0,0,0,0,0,0,0,Dollis Hill,Brent,"POLYGON ((-0.232225691146582 51.5709688919372, -0.220632876744405 51.5616707747097, -0.231406779075903 51.5575689490287, -0.247114353390887 51.5533112002323, -0.250836672385772 51.5510175195419, -0.253127032532872 51.5546609728174, -0.247000297052359 51.5686222543882, -0.244263853490763 51.5725672612509, -0.232225691146582 51.5709688919372))"
E05013501,8795,41.25357115512614,41.25357115512614,41.25357115512614,187.74484429380377,227.46670218442617,227.46670218442617,227.46670218442617,227.46670218442617,48.30266752127322,48.30266752127322,48.30266752127322,48.30266752127322,48.30266752127322,12.836926473515136,12.836926473515136,12.836926473515136,12.836926473515136,12.836926473515136,12.836926473515136,12.836926473515136,0,0,0,0,0,0,0,0,0,Harlesden & Kensal Green,Brent,"POLYGON ((-0.230543615307994 51.5372052398922, -0.226834037980182 51.5365402034565, -0.225637295279978 51.5332590346962, -0.233818470091464 51.5323339940026, -0.246287507126217 51.5327541192766, -0.255639943191025 51.5339875734395, -0.256585656761155 51.5410484834657, -0.252135758043832 51.5394217748907, -0.245705824771248 51.543414229534, -0.241531540533561 51.5389672782776, -0.230543615307994 51.5372052398922))"
E05013502,5902,58.55899692137734,58.55899692137734,58.55899692137734,70.28427568003447,85.15457489389041,85.15457489389041,85.15457489389041,85.15457489389041,12.836926473515136,12.836926473515136,12.836926473515136,12.836926473515136,12.836926473515136,12.836926473515136,12.836926473515136,12.836926473515136,12.836926473515136,12.836926473515136,12.836926473515136,12.836926473515136,0,0,0,0,0,0,0,0,0,Kenton,Brent,"POLYGON ((-0.282446897137555 51.5850500141978, -0.281307598869391 51.5788488078525, -0.290090730747168 51.5737734564879, -0.288128130041825 51.5689489111839, -0.312626707653651 51.577569153765, -0.326668726306194 51.5785999754112, -0.317060702128149 51.5821088770912, -0.306792488375818 51.5865569564388, -0.282446897137555 51.5850500141978))"
E05013503,8425,110.37220900830997,110.37220900830997,110.37220900830997,94.88766319049556,114.9633903669382,114.9633903669382,114.9633903669382,114.9633903669382,45.23772693689907,45.23772693689907,45.23772693689907,45.23772693689907,45.23772693689907,16.277165904955513,16.277165904955513,16.277165904955513,16.277165904955513,16.277165904955513,16.277165904955513,16.277165904955513,0,0,0,0,0,0,0,0,0,Kilburn,Brent,"POLYGON ((-0.191458547220205 51.5362913453065, -0.197339667992266 51.5278963565528, -0.203034598889536 51.5328995274811, -0.199255467937392 51.5350048496284, -0.207654204874829 51.5425920102704, -0.201907715003858 51.5452888464907, -0.191458547220205 51.5362913453065))"
E05013504,4029,61.737218070737256,61.737218070737256,61.737218070737256,30.190182044718274,36.57762839715,36.57762839715,36.57762839715,36.57762839715,52.24330541546857,52.24330541546857,52.24330541546857,52.24330541546857,52.24330541546857,35.51123181709946,35.51123181709946,35.51123181709946,35.51123181709946,35.51123181709946,35.51123181709946,35.51123181709946,0,0,0,0,0,0,0,0,0,Kingsbury,Brent,"POLYGON ((-0.259767123818132 51.5941954575204, -0.249489440729929 51.5855746189987, -0.251712644278942 51.583384459652, -0.265815734955261 51.5842165581833, -0.273887472535844 51.5859294923886, -0.265957948079784 51.5896026379039, -0.267705450927392 51.5948753060685, -0.262338449373488 51.5963449794455, -0.259767123818132 51.5941954575204))"
E05013505,3999,14.367773027949369,14.367773027949369,14.367773027949369,154.3915326469556,187.05670937862985,187.05670937862985,187.05670937862985,187.05670937862985,178.78156668463015,178.78156668463015,178.78156668463015,178.78156668463015,178.78156668463015,12.836926473515136,12.836926473515136,12.836926473515136,12.836926473515136,12.836926473515136,12.836926473515136,12.836926473515136,0,0,0,0,0,0,0,0,0,Northwick Park,Brent,"POLYGON ((-0.312626707653651 51.577569153765, -0.303924359079792 51.5629663002095, -0.310246629244042 51.5602524197921, -0.310681019564587 51.562518589839, -0.316844070736025 51.5622730228424, -0.321978355086712 51.557408006009, -0.331194639686075 51.5614612902906, -0.329723215650028 51.5670884898072, -0.322131409818709 51.5696563722851, -0.326590442081833 51.5782969108167, -0.326668726306194 51.5785999754112, -0.312626707653651 51.577569153765))"
E05013506,4081,28.409563271141245,28.409563271141245,28.409563271141245,80.53642475832578,97.57580834993476,97.57580834993476,97.57580834993476,97.57580834993476,63.40844611568871,63.40844611568871,63.40844611568871,63.40844611568871,63.40844611568871,12.836926473515136,12.836926473515136,12.836926473515136,12.836926473515136,12.836926473515136,12.836926473515136,12.836926473515136,0,0,0,0,0,0,0,0,0,Preston,Brent,"POLYGON ((-0.288128130041825 51.5689489111839, -0.279044599110514 51.5632643979937, -0.280664361380573 51.5622629511401, -0.285680829203377 51.564640312425, -0.292767945690622 51.5620146428959, -0.303924359079792 51.5629663002095, -0.312626707653651 51.577569153765, -0.288128130041825 51.5689489111839))"
E05013507,7623,27.54555246439207,27.54555246439207,27.54555246439207,18.244079119692397,22.10404513294611,22.10404513294611,22.10404513294611,22.10404513294611,12.836926473515136,12.836926473515136,12.836926473515136,12.836926473515136,12.836926473515136,12.836926473515136,12.836926473515136,12.836926473515136,12.836926473515136,12.836926473515136,12.836926473515136,12.836926473515136,0,0,0,0,0,0,0,0,0,Queens Park,Brent,"POLYGON ((-0.203034598889536 51.5328995274811, -0.215182844575574 51.5313912776595, -0.216004504140691 51.5279299344382, -0.228478855909725 51.5303545050421, -0.233818470091464 51.5323339940026, -0.225637295279978 51.5332590346962, -0.226834037980182 51.5365402034565, -0.218605525636655 51.5394026767979, -0.214996197794738 51.5370614533292, -0.207654204874829 51.5425920102704, -0.199255467937392 51.5350048496284, -0.203034598889536 51.5328995274811))"
E05013508,5632,31.8278917817929,31.8278917817929,31.8278917817929,90.0600318163959,109.11435950721427,109.11435950721427,109.11435950721427,109.11435950721427,93.18215464960907,93.18215464960907,93.18215464960907,93.18215464960907,93.18215464960907,19.091907257952187,19.091907257952187,19.091907257952187,19.091907257952187,19.091907257952187,19.091907257952187,19.091907257952187,0,0,0,0,0,0,0,0,0,Queensbury,Brent,"POLYGON ((-0.262338449373488 51.5963449794455, -0.267705450927392 51.5948753060685, -0.265957948079784 51.5896026379039, -0.273887472535844 51.5859294923886, -0.265815734955261 51.5842165581833, -0.277793618625378 51.5797015513488, -0.281307598869391 51.5788488078525, -0.282446897137555 51.5850500141978, -0.284630112122015 51.5910106046812, -0.290398256183297 51.5935703158442, -0.287056114337917 51.5945645680676, -0.267131470058722 51.6003730690269, -0.262338449373488 51.5963449794455))"
E05013509,6664,165.28738181334967,165.28738181334967,165.28738181334967,77.67917919446862,94.11404497535923,94.11404497535923,94.11404497535923,94.11404497535923,63.84629477059931,63.84629477059931,63.84629477059931,63.84629477059931,63.84629477059931,39.57696932698353,39.57696932698353,39.57696932698353,39.57696932698353,39.57696932698353,39.57696932698353,39.57696932698353,0,0,0,0,0,0,0,0,0,Roundwood,Brent,"POLYGON ((-0.232206187879065 51.5456441162709, -0.233054502316071 51.5418822636761, -0.227449333617295 51.5409097884138, -0.230543615307994 51.5372052398922, -0.241531540533561 51.5389672782776, -0.245705824771248 51.543414229534, -0.252135758043832 51.5394217748907, -0.256585656761155 51.5410484834657, -0.250836672385772 51.5510175195419, -0.247114353390887 51.5533112002323, -0.232206187879065 51.5456441162709))"
E05013510,7941,214.35264944818863,214.35264944818863,214.35264944818863,74.77137803264917,90.59102977153272,90.59102977153272,90.59102977153272,90.59102977153272,40.20246740542724,40.20246740542724,40.20246740542724,40.20246740542724,40.20246740542724,32.22736690527,32.22736690527,32.22736690527,32.22736690527,32.22736690527,32.22736690527,32.22736690527,0,0,0,0,0,0,0,0,0,Stonebridge,Brent,"POLYGON ((-0.253127032532872 51.5546609728174, -0.250836672385772 51.5510175195419, -0.256585656761155 51.5410484834657, -0.255639943191025 51.5339875734395, -0.282944992140647 51.5288440916386, -0.289365213727134 51.531668701844, -0.278986779674436 51.5332102502575, -0.281817395228758 51.5381067344147, -0.276821697012693 51.5419540415563, -0.266340334982075 51.5555175383524, -0.265647582514582 51.5588398240894, -0.253127032532872 51.5546609728174))"
E05013511,4509,17.005769491018015,17.005769491018015,17.005769491018015,42.45553024995256,51.43800082379453,51.43800082379453,51.43800082379453,51.43800082379453,29.037326705207104,29.037326705207104,29.037326705207104,29.037326705207104,29.037326705207104,12.836926473515136,12.836926473515136,12.836926473515136,12.836926473515136,12.836926473515136,12.836926473515136,12.836926473515136,0,0,0,0,0,0,0,0,0,Sudbury,Brent,"POLYGON ((-0.302035517326489 51.5597590816416, -0.303433073459937 51.5543922440781, -0.314902972258139 51.5542961317662, -0.312423289022628 51.5492690523683, -0.312535446637375 51.5490263309209, -0.335562197062358 51.5565845954689, -0.331194639686075 51.5614612902906, -0.321978355086712 51.557408006009, -0.316844070736025 51.5622730228424, -0.310681019564587 51.562518589839, -0.310246629244042 51.5602524197921, -0.303924359079792 51.5629663002095, -0.302035517326489 51.5597590816416))"
E05013512,2908,67.53620814813388,67.53620814813388,67.53620814813388,25.224487777534907,30.56132417712733,30.56132417712733,30.56132417712733,30.56132417712733,20.280353606995227,20.280353606995227,20.280353606995227,20.280353606995227,20.280353606995227,17.997285620675704,17.997285620675704,17.997285620675704,17.997285620675704,17.997285620675704,17.997285620675704,17.997285620675704,0,0,0,0,0,0,0,0,0,Tokyngton,Brent,"POLYGON ((-0.276821697012693 51.5419540415563, -0.286497052722355 51.5455714589399, -0.290694969217931 51.5477945990559, -0.283680769393833 51.5508947305159, -0.286496531354053 51.5543310814721, -0.266340334982075 51.5555175383524, -0.276821697012693 51.5419540415563))"
E05013513,6170,22.700407942004293,22.700407942004293,22.700407942004293,25.438772813162764,30.82094627522054,30.82094627522054,30.82094627522054,30.82094627522054,36.91860249359779,36.91860249359779,36.91860249359779,36.91860249359779,36.91860249359779,29.881749111106107,29.881749111106107,29.881749111106107,29.881749111106107,29.881749111106107,29.881749111106107,29.881749111106107,0,0,0,0,0,0,0,0,0,Welsh Harp,Brent,"POLYGON ((-0.251712644278942 51.583384459652, -0.253106306419443 51.5724409222569, -0.247000297052359 51.5686222543882, -0.253127032532872 51.5546609728174, -0.265647582514582 51.5588398240894, -0.265365813573336 51.5589310721162, -0.261373401955753 51.5639329726178, -0.271844065573685 51.5704025840672, -0.277793618625378 51.5797015513488, -0.265815734955261 51.5842165581833, -0.251712644278942 51.583384459652))"
E05013514,5164,64.4893888890185,64.4893888890185,64.4893888890185,26.807735135005917,32.47954492242011,32.47954492242011,32.47954492242011,32.47954492242011,12.836926473515136,12.836926473515136,12.836926473515136,12.836926473515136,12.836926473515136,19.091907257952187,19.091907257952187,19.091907257952187,19.091907257952187,19.091907257952187,19.091907257952187,19.091907257952187,0,0,0,0,0,0,0,0,0,Wembley Central,Brent,"POLYGON ((-0.290694969217931 51.5477945990559, -0.286497052722355 51.5455714589399, -0.296857208310034 51.5441222111721, -0.299222158860115 51.5404740402292, -0.312423289022628 51.5492690523683, -0.314902972258139 51.5542961317662, -0.303433073459937 51.5543922440781, -0.302035517326489 51.5597590816416, -0.290694969217931 51.5477945990559))"
E05013515,5037,132.12988688352425,132.12988688352425,132.12988688352425,81.9719377285583,99.31503800766517,99.31503800766517,99.31503800766517,99.31503800766517,104.56621967728452,104.56621967728452,104.56621967728452,104.56621967728452,104.56621967728452,52.3996799350795,52.3996799350795,52.3996799350795,52.3996799350795,52.3996799350795,52.3996799350795,52.3996799350795,0,0,0,0,0,0,0,0,0,Wembley Hill,Brent,"POLYGON ((-0.280664361380573 51.5622629511401, -0.286496531354053 51.5543310814721, -0.283680769393833 51.5508947305159, -0.290694969217931 51.5477945990559, -0.302035517326489 51.5597590816416, -0.303924359079792 51.5629663002095, -0.292767945690622 51.5620146428959, -0.285680829203377 51.564640312425, -0.280664361380573 51.5622629511401))"
E05013516,4603,494.09946722414304,494.09946722414304,494.09946722414304,627.5456869094321,760.3178047753189,760.3178047753189,760.3178047753189,760.3178047753189,640.4929732878512,640.4929732878512,640.4929732878512,640.4929732878512,640.4929732878512,26.754258718887577,26.754258718887577,26.754258718887577,26.754258718887577,26.754258718887577,26.754258718887577,26.754258718887577,0,0,0,0,0,0,0,0,0,Wembley Park,Brent,"POLYGON ((-0.265365813573336 51.5589310721162, -0.265647582514582 51.5588398240894, -0.266340334982075 51.5555175383524, -0.286496531354053 51.5543310814721, -0.280664361380573 51.5622629511401, -0.279044599110514 51.5632643979937, -0.265365813573336 51.5589310721162))"
E05013517,8018,38.928242900540695,38.928242900540695,38.928242900540695,52.86645495827062,64.05160264598649,64.05160264598649,64.05160264598649,64.05160264598649,20.71820226190582,20.71820226190582,20.71820226190582,20.71820226190582,20.71820226190582,13.306050032347914,13.306050032347914,13.306050032347914,13.306050032347914,13.306050032347914,13.306050032347914,13.306050032347914,0,0,0,0,0,0,0,0,0,Willesden Green,Brent,"POLYGON ((-0.218422048537653 51.5486967861266, -0.232206187879065 51.5456441162709, -0.247114353390887 51.5533112002323, -0.231406779075903 51.5575689490287, -0.23062012749578 51.5547994992355, -0.217486652085782 51.5526824647195, -0.218422048537653 51.5486967861266))"
E05013518,5416,311.5874131285851,311.5874131285851,311.5874131285851,19.273903818149,23.351753579306497,23.351753579306497,23.351753579306497,23.351753579306497,101.60825348018965,101.60825348018965,101.60825348018965,101.60825348018965,101.60825348018965,17.8853356804997,17.8853356804997,17.8853356804997,17.8853356804997,17.8853356804997,17.8853356804997,17.8853356804997,0,0,0,0,0,0,0,0,0,Central Greenford,Ealing,"POLYGON ((-0.331573471104372 51.5421473345811, -0.329744595510464 51.5384129993442, -0.337108042498738 51.5390206865145, -0.336986527473833 51.5344159500988, -0.345525687111806 51.5359722147044, -0.345432146728888 51.5275117698113, -0.348940904763382 51.5271686835784, -0.352306170307054 51.5274784831239, -0.350131397092433 51.536779274008, -0.365763952894356 51.5398293431444, -0.353463138873239 51.5476664023242, -0.357628550604914 51.5479859507864, -0.355814213442495 51.55292882701, -0.337752402822999 51.554018489399, -0.341339081630198 51.5460002760173, -0.331573471104372 51.5421473345811))"
E05013519,5132,54.70539391363669,54.70539391363669,54.70539391363669,47.95103343428973,58.09620755584722,58.09620755584722,58.09620755584722,58.09620755584722,16.446690100079177,16.446690100079177,16.446690100079177,16.446690100079177,16.446690100079177,13.97597269022654,13.97597269022654,13.97597269022654,13.97597269022654,13.97597269022654,13.97597269022654,13.97597269022654,0,0,0,0,0,0,0,0,0,Dormers Wells,Ealing,"POLYGON ((-0.357185589026132 51.5238179172212, -0.351118341556598 51.5215801629686, -0.348223474599094 51.5157272213281, -0.351726610576679 51.5122820471434, -0.343789769368059 51.5110014640963, -0.354722418393105 51.5094099810431, -0.379533563571624 51.511813790394, -0.379765612757852 51.5168611285011, -0.369210440385816 51.5165859757721, -0.362385194917926 51.5258591502237, -0.357185589026132 51.5238179172212))"
E05013520,6807,142.13216945572455,142.13216945572455,142.13216945572455,134.45247997825803,162.89907899314449,162.89907899314449,162.89907899314449,162.89907899314449,50.37996085565019,50.37996085565019,50.37996085565019,50.37996085565019,50.37996085565019,14.757845288281173,14.757845288281173,14.757845288281173,14.757845288281173,14.757845288281173,14.757845288281173,14.757845288281173,0,0,0,0,0,0,0,0,0,Ealing Broadway,Ealing,"POLYGON ((-0.299125898992339 51.5149460088808, -0.297176049556361 51.5116854739457, -0.305571066011803 51.5104145001075, -0.319670353072982 51.5133564880769, -0.31969657162341 51.5135333637837, -0.323042100533858 51.5208103559228, -0.308479720262676 51.5228156034601, -0.298745819674544 51.5230699787247, -0.299125898992339 51.5149460088808))"
E05013521,7108,30.64675821629548,30.64675821629548,30.64675821629548,64.24868266367051,77.84200956447341,77.84200956447341,77.84200956447341,77.84200956447341,68.55068003443984,68.55068003443984,68.55068003443984,68.55068003443984,68.55068003443984,15.852466925557655,15.852466925557655,15.852466925557655,15.852466925557655,15.852466925557655,15.852466925557655,15.852466925557655,0,0,0,0,0,0,0,0,0,Ealing Common,Ealing,"POLYGON ((-0.282956653442016 51.5083601177979, -0.280760872438689 51.5028513880128, -0.300694022304746 51.4993447896964, -0.305805169896551 51.4983323190539, -0.306941644822736 51.5029486599884, -0.305571066011803 51.5104145001075, -0.297176049556361 51.5116854739457, -0.299125898992339 51.5149460088808, -0.288473071464484 51.5149913368886, -0.282420040154899 51.5151475557664, -0.282956653442016 51.5083601177979))"
E05013522,6253,134.83686401229016,134.83686401229016,134.83686401229016,37.69835879612348,45.67433734531836,45.67433734531836,45.67433734531836,45.67433734531836,242.15767170649025,242.15767170649025,242.15767170649025,242.15767170649025,242.15767170649025,68.3943055148289,68.3943055148289,68.3943055148289,68.3943055148289,68.3943055148289,68.3943055148289,68.3943055148289,0,0,0,0,0,0,0,0,0,East Acton,Ealing,"POLYGON ((-0.248976412979456 51.5138867544676, -0.245072052928578 51.5067701091961, -0.245122466902429 51.5067407487815, -0.246488012040902 51.5067325647836, -0.263697991295487 51.5065100438284, -0.264260369575037 51.5106123166709, -0.265320864554544 51.5137646024629, -0.269889244404598 51.5133603804541, -0.267852111340454 51.516116943011, -0.251800085186841 51.5221065758378, -0.248976412979456 51.5138867544676))"
E05013523,6364,27.909775784137945,27.909775784137945,27.909775784137945,47.77299713655371,57.88050347264076,57.88050347264076,57.88050347264076,57.88050347264076,23.45226857864867,23.45226857864867,23.45226857864867,23.45226857864867,23.45226857864867,15.383343366724878,15.383343366724878,15.383343366724878,15.383343366724878,15.383343366724878,15.383343366724878,15.383343366724878,0,0,0,0,0,0,0,0,0,Greenford Broadway,Ealing,"POLYGON ((-0.365763952894356 51.5398293431444, -0.350131397092433 51.536779274008, -0.352306170307054 51.5274784831239, -0.348940904763382 51.5271686835784, -0.351118341556598 51.5215801629686, -0.357185589026132 51.5238179172212, -0.355954497418657 51.5267190981151, -0.367253996422373 51.5322104646423, -0.37470552150332 51.5328194909412, -0.376363869485393 51.5288891560822, -0.380978172144802 51.5294166501977, -0.376180790000827 51.5423448139025, -0.365763952894356 51.5398293431444))"
E05013524,7362,12.864773882450551,12.864773882450551,12.864773882450551,24.65609412898285,29.872673422082453,29.872673422082453,29.872673422082453,29.872673422082453,20.606252321729816,20.606252321729816,20.606252321729816,20.606252321729816,20.606252321729816,13.819598170615617,13.819598170615617,13.819598170615617,13.819598170615617,13.819598170615617,13.819598170615617,13.819598170615617,0,0,0,0,0,0,0,0,0,Hanger Hill,Ealing,"POLYGON ((-0.282944992140647 51.5288440916386, -0.283581264489505 51.5235234024916, -0.278471293416876 51.5197429371462, -0.288473071464484 51.5149913368886, -0.299125898992339 51.5149460088808, -0.298745819674544 51.5230699787247, -0.308479720262676 51.5228156034601, -0.312680020254772 51.5299429836004, -0.30270856525399 51.5319837207285, -0.281817395228758 51.5381067344147, -0.278986779674436 51.5332102502575, -0.289365213727134 51.531668701844, -0.282944992140647 51.5288440916386))"
E05013525,6547,126.15041134158204,126.15041134158204,126.15041134158204,29.983029103863977,36.326647356998535,36.326647356998535,36.326647356998535,36.326647356998535,26.517209163022834,26.517209163022834,26.517209163022834,26.517209163022834,26.517209163022834,19.449080876608964,19.449080876608964,19.449080876608964,19.449080876608964,19.449080876608964,19.449080876608964,19.449080876608964,0,0,0,0,0,0,0,0,0,Hanwell Broadway,Ealing,"POLYGON ((-0.319670353072982 51.5133564880769, -0.31946684525246 51.5108758783666, -0.329172809633061 51.5095950462802, -0.326271697136197 51.504224020444, -0.333268128362382 51.5000898332147, -0.327418838609958 51.4960289487835, -0.331238985849868 51.4955498825877, -0.335340314281088 51.4962121296072, -0.344343320206815 51.502753767634, -0.343789769368059 51.5110014640963, -0.336472254666564 51.5119761083322, -0.31969657162341 51.5135333637837, -0.319670353072982 51.5133564880769))"
E05013526,4801,16.978646611728458,16.978646611728458,16.978646611728458,19.836201555732657,24.03301868938195,24.03301868938195,24.03301868938195,24.03301868938195,18.854857702087443,18.854857702087443,18.854857702087443,18.854857702087443,18.854857702087443,14.44509624905932,14.44509624905932,14.44509624905932,14.44509624905932,14.44509624905932,14.44509624905932,14.44509624905932,0,0,0,0,0,0,0,0,0,Lady Margaret,Ealing,"POLYGON ((-0.357185589026132 51.5238179172212, -0.362385194917926 51.5258591502237, -0.369210440385816 51.5165859757721, -0.379765612757852 51.5168611285011, -0.382487939703696 51.5172565950969, -0.383425728446773 51.5174924796328, -0.376363869485393 51.5288891560822, -0.37470552150332 51.5328194909412, -0.367253996422373 51.5322104646423, -0.355954497418657 51.5267190981151, -0.357185589026132 51.5238179172212))"
E05013527,7493,656.4824067402245,656.4824067402245,656.4824067402245,366.18973745184576,443.6658288288413,443.6658288288413,443.6658288288413,443.6658288288413,261.42301252255635,261.42301252255635,261.42301252255635,261.42301252255635,261.42301252255635,15.69609240594673,15.69609240594673,15.69609240594673,15.69609240594673,15.69609240594673,15.69609240594673,15.69609240594673,0,0,0,0,0,0,0,0,0,North Acton,Ealing,"POLYGON ((-0.246287507126217 51.5327541192766, -0.251800085186841 51.5221065758378, -0.267852111340454 51.516116943011, -0.269889244404598 51.5133603804541, -0.265320864554544 51.5137646024629, -0.264260369575037 51.5106123166709, -0.282956653442016 51.5083601177979, -0.282420040154899 51.5151475557664, -0.288473071464484 51.5149913368886, -0.278471293416876 51.5197429371462, -0.283581264489505 51.5235234024916, -0.282944992140647 51.5288440916386, -0.255639943191025 51.5339875734395, -0.246287507126217 51.5327541192766))"
E05013528,5487,24.860172121041305,24.860172121041305,24.860172121041305,67.422322564965,81.6871079744125,81.6871079744125,81.6871079744125,81.6871079744125,42.49868506725951,42.49868506725951,42.49868506725951,42.49868506725951,42.49868506725951,13.819598170615617,13.819598170615617,13.819598170615617,13.819598170615617,13.819598170615617,13.819598170615617,13.819598170615617,0,0,0,0,0,0,0,0,0,North Greenford,Ealing,"POLYGON ((-0.335562197062358 51.5565845954689, -0.312535446637375 51.5490263309209, -0.308510908987637 51.5432018839611, -0.331573471104372 51.5421473345811, -0.341339081630198 51.5460002760173, -0.337752402822999 51.554018489399, -0.355814213442495 51.55292882701, -0.362326609217634 51.5572818961396, -0.34753293834007 51.5596851851861, -0.335562197062358 51.5565845954689))"
E05013529,5660,19.389422512049048,19.389422512049048,19.389422512049048,18.93510936010656,22.941279148548357,22.941279148548357,22.941279148548357,22.941279148548357,14.038522498070911,14.038522498070911,14.038522498070911,14.038522498070911,14.038522498070911,13.819598170615617,13.819598170615617,13.819598170615617,13.819598170615617,13.819598170615617,13.819598170615617,13.819598170615617,0,0,0,0,0,0,0,0,0,North Hanwell,Ealing,"POLYGON ((-0.336472254666564 51.5119761083322, -0.343789769368059 51.5110014640963, -0.351726610576679 51.5122820471434, -0.348223474599094 51.5157272213281, -0.351118341556598 51.5215801629686, -0.348940904763382 51.5271686835784, -0.345432146728888 51.5275117698113, -0.334103436727422 51.5283588222694, -0.329705133784852 51.5146788558612, -0.336472254666564 51.5119761083322))"
E05013530,5855,37.5441866746475,37.5441866746475,37.5441866746475,44.88097190006033,54.376601963900384,54.376601963900384,54.376601963900384,54.376601963900384,37.90127419069827,37.90127419069827,37.90127419069827,37.90127419069827,37.90127419069827,13.819598170615617,13.819598170615617,13.819598170615617,13.819598170615617,13.819598170615617,13.819598170615617,13.819598170615617,0,0,0,0,0,0,0,0,0,Northfield,Ealing,"POLYGON ((-0.306941644822736 51.5029486599884, -0.305805169896551 51.4983323190539, -0.300694022304746 51.4993447896964, -0.297531161645722 51.4948902422512, -0.305418585494166 51.4945386448224, -0.311902608517679 51.4919702688959, -0.315766569298495 51.4959043308612, -0.327418838609958 51.4960289487835, -0.333268128362382 51.5000898332147, -0.326271697136197 51.504224020444, -0.322424777437754 51.5053267029178, -0.317106246533111 51.4995421106598, -0.306941644822736 51.5029486599884))"
E05013531,6376,24.056173133778454,24.056173133778454,24.056173133778454,20.922400320587528,25.349028467907143,25.349028467907143,25.349028467907143,25.349028467907143,16.008841445168585,16.008841445168585,16.008841445168585,16.008841445168585,16.008841445168585,15.226968847113952,15.226968847113952,15.226968847113952,15.226968847113952,15.226968847113952,15.226968847113952,15.226968847113952,0,0,0,0,0,0,0,0,0,Northolt Mandeville,Ealing,"POLYGON ((-0.355814213442495 51.55292882701, -0.357628550604914 51.5479859507864, -0.353463138873239 51.5476664023242, -0.365763952894356 51.5398293431444, -0.376180790000827 51.5423448139025, -0.39498718554927 51.5480389985897, -0.377786868951508 51.554987669241, -0.375840164014913 51.5530624859359, -0.362326609217634 51.5572818961396, -0.355814213442495 51.55292882701))"
E05013532,5826,5.071297454903556,5.071297454903556,5.071297454903556,7.351583679801076,8.906984912247674,8.906984912247674,8.906984912247674,8.906984912247674,15.133144135347395,15.133144135347395,15.133144135347395,15.133144135347395,15.133144135347395,13.819598170615617,13.819598170615617,13.819598170615617,13.819598170615617,13.819598170615617,13.819598170615617,13.819598170615617,0,0,0,0,0,0,0,0,0,Northolt West End,Ealing,"POLYGON ((-0.376180790000827 51.5423448139025, -0.380978172144802 51.5294166501977, -0.411812073327172 51.5340849189715, -0.419454309688641 51.5383596245981, -0.416757484631925 51.5401621734173, -0.395251895155866 51.5425487527468, -0.39869991765403 51.5478923357616, -0.39498718554927 51.5480389985897, -0.376180790000827 51.5423448139025))"
E05013533,5754,247.7900560658373,247.7900560658373,247.7900560658373,45.698084159948024,55.36659362929203,55.36659362929203,55.36659362929203,55.36659362929203,47.096095943820735,47.096095943820735,47.096095943820735,47.096095943820735,47.096095943820735,14.757845288281173,14.757845288281173,14.757845288281173,14.757845288281173,14.757845288281173,14.757845288281173,14.757845288281173,0,0,0,0,0,0,0,0,0,Norwood Green,Ealing,"POLYGON ((-0.335340314281088 51.4962121296072, -0.350678556200085 51.4991088872718, -0.366953240574436 51.4927792638889, -0.371851247572024 51.4904707325442, -0.374999570100581 51.494000301775, -0.377872129156763 51.4966052211069, -0.384545607588559 51.4946952530698, -0.383319622674085 51.4994103449452, -0.376668713744211 51.4980628021976, -0.378731044803037 51.5059042167714, -0.354722418393105 51.5094099810431, -0.343789769368059 51.5110014640963, -0.344343320206815 51.502753767634, -0.335340314281088 51.4962121296072))"
E05013534,5928,23.889226438315987,23.889226438315987,23.889226438315987,33.5513140551058,40.64988730196933,40.64988730196933,40.64988730196933,40.64988730196933,16.446690100079177,16.446690100079177,16.446690100079177,16.446690100079177,16.446690100079177,13.819598170615617,13.819598170615617,13.819598170615617,13.819598170615617,13.819598170615617,13.819598170615617,13.819598170615617,0,0,0,0,0,0,0,0,0,Perivale,Ealing,"POLYGON ((-0.30270856525399 51.5319837207285, -0.312680020254772 51.5299429836004, -0.318707908333971 51.5288885608898, -0.322236901752295 51.5315537408029, -0.32588557313754 51.5289462952322, -0.331375902384671 51.5314181791411, -0.334103436727422 51.5283588222694, -0.345432146728888 51.5275117698113, -0.345525687111806 51.5359722147044, -0.336986527473833 51.5344159500988, -0.337108042498738 51.5390206865145, -0.329744595510464 51.5384129993442, -0.331573471104372 51.5421473345811, -0.308510908987637 51.5432018839611, -0.304702349005428 51.5398629292706, -0.307478059578533 51.533066903594, -0.30270856525399 51.5319837207285))"
E05013535,6118,96.9380409609566,96.9380409609566,96.9380409609566,18.23101220743864,22.08821360665693,22.08821360665693,22.08821360665693,22.08821360665693,17.322387409900365,17.322387409900365,17.322387409900365,17.322387409900365,17.322387409900365,14.288721729448394,14.288721729448394,14.288721729448394,14.288721729448394,14.288721729448394,14.288721729448394,14.288721729448394,0,0,0,0,0,0,0,0,0,Pitshanger,Ealing,"POLYGON ((-0.312680020254772 51.5299429836004, -0.308479720262676 51.5228156034601, -0.323042100533858 51.5208103559228, -0.31969657162341 51.5135333637837, -0.336472254666564 51.5119761083322, -0.329705133784852 51.5146788558612, -0.334103436727422 51.5283588222694, -0.331375902384671 51.5314181791411, -0.32588557313754 51.5289462952322, -0.322236901752295 51.5315537408029, -0.318707908333971 51.5288885608898, -0.312680020254772 51.5299429836004))"
E05013536,7947,128.66695678234962,128.66695678234962,128.66695678234962,121.36292668617156,147.0401214190084,147.0401214190084,147.0401214190084,147.0401214190084,31.33354436703937,31.33354436703937,31.33354436703937,31.33354436703937,31.33354436703937,14.288721729448394,14.288721729448394,14.288721729448394,14.288721729448394,14.288721729448394,14.288721729448394,14.288721729448394,0,0,0,0,0,0,0,0,0,South Acton,Ealing,"POLYGON ((-0.263697991295487 51.5065100438284, -0.274217121396017 51.4972751300972, -0.280760872438689 51.5028513880128, -0.282956653442016 51.5083601177979, -0.264260369575037 51.5106123166709, -0.263697991295487 51.5065100438284))"
E05013537,3036,114.27638646145022,114.27638646145022,114.27638646145022,108.60828481378472,131.58693368877692,131.58693368877692,131.58693368877692,131.58693368877692,15.352068462802691,15.352068462802691,15.352068462802691,15.352068462802691,15.352068462802691,14.9142198078921,14.9142198078921,14.9142198078921,14.9142198078921,14.9142198078921,14.9142198078921,14.9142198078921,0,0,0,0,0,0,0,0,0,Southall Broadway,Ealing,"POLYGON ((-0.379765612757852 51.5168611285011, -0.379533563571624 51.511813790394, -0.354722418393105 51.5094099810431, -0.378731044803037 51.5059042167714, -0.385906498494674 51.5080717869834, -0.382487939703696 51.5172565950969, -0.379765612757852 51.5168611285011))"
E05013538,4582,138.5935270960586,138.5935270960586,138.5935270960586,190.91854579470444,231.3118752268236,231.3118752268236,231.3118752268236,231.3118752268236,19.94947933936393,19.94947933936393,19.94947933936393,19.94947933936393,19.94947933936393,14.9142198078921,14.9142198078921,14.9142198078921,14.9142198078921,14.9142198078921,14.9142198078921,14.9142198078921,0,0,0,0,0,0,0,0,0,Southall Green,Ealing,"POLYGON ((-0.384545607588559 51.4946952530698, -0.406884732410765 51.4996945375717, -0.403865887380421 51.5029251893466, -0.378731044803037 51.5059042167714, -0.376668713744211 51.4980628021976, -0.383319622674085 51.4994103449452, -0.384545607588559 51.4946952530698))"
E05013539,1989,179.46464799711148,179.46464799711148,179.46464799711148,200.94335158241128,243.45766554743844,243.45766554743844,243.45766554743844,243.45766554743844,193.33754668395903,193.33754668395903,193.33754668395903,193.33754668395903,193.33754668395903,147.8325614771795,147.8325614771795,147.8325614771795,147.8325614771795,147.8325614771795,147.8325614771795,147.8325614771795,0,0,0,0,0,0,0,0,0,Southall West,Ealing,"POLYGON ((-0.382487939703696 51.5172565950969, -0.385906498494674 51.5080717869834, -0.378731044803037 51.5059042167714, -0.403865887380421 51.5029251893466, -0.393565535522169 51.5069701320857, -0.390422722557664 51.5132029836982, -0.383425728446773 51.5174924796328, -0.382487939703696 51.5172565950969))"
E05013540,7724,32.85272661405958,32.85272661405958,32.85272661405958,19.735166329513987,23.910607073772137,23.910607073772137,23.910607073772137,23.910607073772137,14.695295480436805,14.695295480436805,14.695295480436805,14.695295480436805,14.695295480436805,14.288721729448394,14.288721729448394,14.288721729448394,14.288721729448394,14.288721729448394,14.288721729448394,14.288721729448394,0,0,0,0,0,0,0,0,0,Southfield,Ealing,"POLYGON ((-0.253060864941531 51.5014009187711, -0.255409300744252 51.494978183816, -0.26890043347817 51.4940118122259, -0.274217121396017 51.4972751300972, -0.263697991295487 51.5065100438284, -0.246488012040902 51.5067325647836, -0.245679355712493 51.5046261673417, -0.255067207454281 51.5043209720364, -0.253060864941531 51.5014009187711))"
E05013541,6564,45.51847061664115,45.51847061664115,45.51847061664115,58.427220586406555,70.78887963386028,70.78887963386028,70.78887963386028,70.78887963386028,50.1610365281949,50.1610365281949,50.1610365281949,50.1610365281949,50.1610365281949,13.819598170615617,13.819598170615617,13.819598170615617,13.819598170615617,13.819598170615617,13.819598170615617,13.819598170615617,0,0,0,0,0,0,0,0,0,Walpole,Ealing,"POLYGON ((-0.305571066011803 51.5104145001075, -0.306941644822736 51.5029486599884, -0.317106246533111 51.4995421106598, -0.322424777437754 51.5053267029178, -0.326271697136197 51.504224020444, -0.329172809633061 51.5095950462802, -0.31946684525246 51.5108758783666, -0.319670353072982 51.5133564880769, -0.305571066011803 51.5104145001075))"
E05013542,3008,6.574065514608451,6.574065514608451,6.574065514608451,7.89039186562078,9.559790700866747,9.559790700866747,9.559790700866747,9.559790700866747,12.528442193919034,12.528442193919034,12.528442193919034,12.528442193919034,12.528442193919034,11.152346421342882,11.152346421342882,11.152346421342882,11.152346421342882,11.152346421342882,11.152346421342882,11.152346421342882,0,0,0,0,0,0,0,0,0,Belmont,Harrow,"POLYGON ((-0.301126930992459 51.6072777553474, -0.307869083277057 51.6057299753877, -0.307071302281058 51.6010299867291, -0.314251800175044 51.5980935089583, -0.31867397624359 51.6007823291493, -0.321219183255186 51.5981938581438, -0.323638777258074 51.59998308131, -0.327635099572121 51.6040196766818, -0.329178037896562 51.6098082577945, -0.313027963790655 51.6092536311126, -0.31184464402861 51.6120876884364, -0.304874214100225 51.612807750146, -0.301126930992459 51.6072777553474))"
E05013543,3976,25.247425927534657,25.247425927534657,25.247425927534657,35.90424287852645,43.50063381355192,43.50063381355192,43.50063381355192,43.50063381355192,38.58043716109936,38.58043716109936,38.58043716109936,38.58043716109936,38.58043716109936,10.995971901731956,10.995971901731956,10.995971901731956,10.995971901731956,10.995971901731956,10.995971901731956,10.995971901731956,0,0,0,0,0,0,0,0,0,Canons,Harrow,"POLYGON ((-0.281010331619986 51.6122780749484, -0.283828634188929 51.6084151218397, -0.291821763899816 51.6071134760375, -0.301126930992459 51.6072777553474, -0.304874214100225 51.612807750146, -0.308045411918121 51.6180116179151, -0.292635804198132 51.6217454935685, -0.281010331619986 51.6122780749484))"
E05013544,4958,10.638689711002147,10.638689711002147,10.638689711002147,12.768876514847824,15.47043404764464,15.47043404764464,15.47043404764464,15.47043404764464,10.995971901731956,10.995971901731956,10.995971901731956,10.995971901731956,10.995971901731956,10.995971901731956,10.995971901731956,10.995971901731956,10.995971901731956,10.995971901731956,10.995971901731956,10.995971901731956,0,0,0,0,0,0,0,0,0,Centenary,Harrow,"POLYGON ((-0.291821763899816 51.6071134760375, -0.284439874851187 51.5977101088355, -0.290137328619516 51.5963091329402, -0.310923879788136 51.5929527623417, -0.314251800175044 51.5980935089583, -0.307071302281058 51.6010299867291, -0.307869083277057 51.6057299753877, -0.301126930992459 51.6072777553474, -0.291821763899816 51.6071134760375))"
E05013545,5142,29.586427822419648,29.586427822419648,29.586427822419648,31.35455712525285,37.98835453810569,37.98835453810569,37.98835453810569,37.98835453810569,31.57485868252986,31.57485868252986,31.57485868252986,31.57485868252986,31.57485868252986,10.995971901731956,10.995971901731956,10.995971901731956,10.995971901731956,10.995971901731956,10.995971901731956,10.995971901731956,0,0,0,0,0,0,0,0,0,Edgware,Harrow,"POLYGON ((-0.278326221658545 51.6097999483419, -0.267131470058722 51.6003730690269, -0.287056114337917 51.5945645680676, -0.290137328619516 51.5963091329402, -0.284439874851187 51.5977101088355, -0.291821763899816 51.6071134760375, -0.283828634188929 51.6084151218397, -0.281010331619986 51.6122780749484, -0.278326221658545 51.6097999483419))"
E05013546,5108,113.7270714333727,113.7270714333727,113.7270714333727,58.07738114553893,70.36502339318677,70.36502339318677,70.36502339318677,70.36502339318677,14.060912486106112,14.060912486106112,14.060912486106112,14.060912486106112,14.060912486106112,13.967087774339555,13.967087774339555,13.967087774339555,13.967087774339555,13.967087774339555,13.967087774339555,13.967087774339555,0,0,0,0,0,0,0,0,0,Greenhill,Harrow,"POLYGON ((-0.317060702128149 51.5821088770912, -0.326668726306194 51.5785999754112, -0.326590442081833 51.5782969108167, -0.341943249483487 51.5794269770345, -0.341949489390666 51.5798342431945, -0.341980911071022 51.58061747962, -0.334050507737997 51.5819237264628, -0.335134211714189 51.5864438005307, -0.327579761599692 51.5887079993611, -0.317060702128149 51.5821088770912))"
E05013547,4241,9.232853770484226,9.232853770484226,9.232853770484226,15.41821058375502,18.680297337930774,18.680297337930774,18.680297337930774,18.680297337930774,12.09059353900844,12.09059353900844,12.09059353900844,12.09059353900844,12.09059353900844,11.934219019397514,11.934219019397514,11.934219019397514,11.934219019397514,11.934219019397514,11.934219019397514,11.934219019397514,0,0,0,0,0,0,0,0,0,Harrow on the Hill,Harrow,"POLYGON ((-0.326590442081833 51.5782969108167, -0.322131409818709 51.5696563722851, -0.329723215650028 51.5670884898072, -0.331194639686075 51.5614612902906, -0.335562197062358 51.5565845954689, -0.34753293834007 51.5596851851861, -0.35307538552224 51.5689750734036, -0.349895292372279 51.5751900643977, -0.343553415552573 51.5746061230295, -0.341943249483487 51.5794269770345, -0.326590442081833 51.5782969108167))"
E05013548,5208,14.893127767833944,14.893127767833944,14.893127767833944,25.283643687436474,30.632995917518617,30.632995917518617,30.632995917518617,30.632995917518617,10.995971901731956,10.995971901731956,10.995971901731956,10.995971901731956,10.995971901731956,14.592585852783262,14.592585852783262,14.592585852783262,14.592585852783262,14.592585852783262,14.592585852783262,14.592585852783262,0,0,0,0,0,0,0,0,0,Harrow Weald,Harrow,"POLYGON ((-0.329178037896562 51.6098082577945, -0.327635099572121 51.6040196766818, -0.349779738593979 51.599286261614, -0.357329208608567 51.6028679583813, -0.352817112158641 51.6038544493617, -0.355121254267183 51.6094080248021, -0.368174480274324 51.6206525092424, -0.362621240927378 51.6235048820097, -0.339858630239014 51.6307378064162, -0.342530147483701 51.6209433169674, -0.329178037896562 51.6098082577945))"
E05013549,3687,14.965368344787748,14.965368344787748,14.965368344787748,17.96188680981907,21.762148372211417,21.762148372211417,21.762148372211417,21.762148372211417,13.404139503740222,13.404139503740222,13.404139503740222,13.404139503740222,13.404139503740222,10.995971901731956,10.995971901731956,10.995971901731956,10.995971901731956,10.995971901731956,10.995971901731956,10.995971901731956,0,0,0,0,0,0,0,0,0,Hatch End,Harrow,"POLYGON ((-0.357329208608567 51.6028679583813, -0.365056842356059 51.607179717235, -0.37311975513922 51.6008991731431, -0.379383047062784 51.6053766581594, -0.384800658114352 51.6040768656237, -0.384572188415174 51.6161681211166, -0.368174480274324 51.6206525092424, -0.355121254267183 51.6094080248021, -0.352817112158641 51.6038544493617, -0.357329208608567 51.6028679583813))"
E05013550,5390,20.82718564035646,20.82718564035646,20.82718564035646,24.997416864080375,30.286211046645413,30.286211046645413,30.286211046645413,30.286211046645413,10.995971901731956,10.995971901731956,10.995971901731956,10.995971901731956,10.995971901731956,10.995971901731956,10.995971901731956,10.995971901731956,10.995971901731956,10.995971901731956,10.995971901731956,10.995971901731956,0,0,0,0,0,0,0,0,0,Headstone,Harrow,"POLYGON ((-0.357329208608567 51.6028679583813, -0.349779738593979 51.599286261614, -0.346135273513605 51.5975680295801, -0.349141564746538 51.5968073409683, -0.341980911071022 51.58061747962, -0.341949489390666 51.5798342431945, -0.347650250288805 51.5803064796209, -0.359099248481834 51.5846537203691, -0.357983761177626 51.5892260799321, -0.363699000969944 51.5903061900245, -0.37311975513922 51.6008991731431, -0.365056842356059 51.607179717235, -0.357329208608567 51.6028679583813))"
E05013551,4335,12.16218982424022,12.16218982424022,12.16218982424022,14.597427336870169,17.685858001503764,17.685858001503764,17.685858001503764,17.685858001503764,10.995971901731956,10.995971901731956,10.995971901731956,10.995971901731956,10.995971901731956,14.436211333172334,14.436211333172334,14.436211333172334,14.436211333172334,14.436211333172334,14.436211333172334,14.436211333172334,0,0,0,0,0,0,0,0,0,Kenton East,Harrow,"POLYGON ((-0.287056114337917 51.5945645680676, -0.290398256183297 51.5935703158442, -0.284630112122015 51.5910106046812, -0.282446897137555 51.5850500141978, -0.306792488375818 51.5865569564388, -0.310923879788136 51.5929527623417, -0.290137328619516 51.5963091329402, -0.287056114337917 51.5945645680676))"
E05013552,3212,12.228333509560326,12.228333509560326,12.228333509560326,14.676814984506509,17.782041981787973,17.782041981787973,17.782041981787973,17.782041981787973,10.995971901731956,10.995971901731956,10.995971901731956,10.995971901731956,10.995971901731956,10.995971901731956,10.995971901731956,10.995971901731956,10.995971901731956,10.995971901731956,10.995971901731956,10.995971901731956,0,0,0,0,0,0,0,0,0,Kenton West,Harrow,"POLYGON ((-0.314251800175044 51.5980935089583, -0.310923879788136 51.5929527623417, -0.306792488375818 51.5865569564388, -0.317060702128149 51.5821088770912, -0.327579761599692 51.5887079993611, -0.331942953915892 51.5908175353795, -0.323760592802995 51.5916827350552, -0.321219183255186 51.5981938581438, -0.31867397624359 51.6007823291493, -0.314251800175044 51.5980935089583))"
E05013553,4528,133.14692818220934,133.14692818220934,133.14692818220934,145.89350878249607,176.7607277722952,176.7607277722952,176.7607277722952,176.7607277722952,132.93682229433233,132.93682229433233,132.93682229433233,132.93682229433233,132.93682229433233,11.934219019397514,11.934219019397514,11.934219019397514,11.934219019397514,11.934219019397514,11.934219019397514,11.934219019397514,0,0,0,0,0,0,0,0,0,Marlborough,Harrow,"POLYGON ((-0.33817877398099 51.5937942740093, -0.331942953915892 51.5908175353795, -0.327579761599692 51.5887079993611, -0.335134211714189 51.5864438005307, -0.334050507737997 51.5819237264628, -0.341980911071022 51.58061747962, -0.349141564746538 51.5968073409683, -0.346135273513605 51.5975680295801, -0.33817877398099 51.5937942740093))"
E05013554,3386,48.3401736133444,48.3401736133444,48.3401736133444,31.095899700494304,37.67497202351973,37.67497202351973,37.67497202351973,37.67497202351973,10.995971901731956,10.995971901731956,10.995971901731956,10.995971901731956,10.995971901731956,10.995971901731956,10.995971901731956,10.995971901731956,10.995971901731956,10.995971901731956,10.995971901731956,10.995971901731956,0,0,0,0,0,0,0,0,0,North Harrow,Harrow,"POLYGON ((-0.347650250288805 51.5803064796209, -0.37021430163965 51.5749905234908, -0.370622309245739 51.5750687772594, -0.368156605867346 51.57811183548, -0.373371230194765 51.5843491996358, -0.36493786281065 51.5858363214236, -0.369357579207725 51.5877496679608, -0.363189094156177 51.5870008982731, -0.363699000969944 51.5903061900245, -0.357983761177626 51.5892260799321, -0.359099248481834 51.5846537203691, -0.347650250288805 51.5803064796209))"
E05013555,5256,17.10261790385757,17.10261790385757,17.10261790385757,31.549424440411965,38.22445063815844,38.22445063815844,38.22445063815844,38.22445063815844,10.995971901731956,10.995971901731956,10.995971901731956,10.995971901731956,10.995971901731956,15.374458450837894,15.374458450837894,15.374458450837894,15.374458450837894,15.374458450837894,15.374458450837894,15.374458450837894,0,0,0,0,0,0,0,0,0,Pinner,Harrow,"POLYGON ((-0.37311975513922 51.6008991731431, -0.363699000969944 51.5903061900245, -0.363189094156177 51.5870008982731, -0.369357579207725 51.5877496679608, -0.397674932783602 51.5968769418139, -0.404050154365865 51.6131839959912, -0.403994456633449 51.613184059045, -0.385871918947026 51.6158201082801, -0.384572188415174 51.6161681211166, -0.384800658114352 51.6040768656237, -0.379383047062784 51.6053766581594, -0.37311975513922 51.6008991731431))"
E05013556,5821,24.88892379359013,24.88892379359013,24.88892379359013,29.872437597192945,36.192657604008566,36.192657604008566,36.192657604008566,36.192657604008566,10.995971901731956,10.995971901731956,10.995971901731956,10.995971901731956,10.995971901731956,10.995971901731956,10.995971901731956,10.995971901731956,10.995971901731956,10.995971901731956,10.995971901731956,10.995971901731956,0,0,0,0,0,0,0,0,0,Pinner South,Harrow,"POLYGON ((-0.369357579207725 51.5877496679608, -0.36493786281065 51.5858363214236, -0.373371230194765 51.5843491996358, -0.368156605867346 51.57811183548, -0.370622309245739 51.5750687772594, -0.379897257854602 51.5765337600341, -0.385872784361507 51.5709111964951, -0.395527253503503 51.5906015037761, -0.397674932783602 51.5968769418139, -0.369357579207725 51.5877496679608))"
E05013557,2998,13.77908147667041,13.77908147667041,13.77908147667041,27.01833310126312,32.734699864498346,32.734699864498346,32.734699864498346,32.734699864498346,10.995971901731956,10.995971901731956,10.995971901731956,10.995971901731956,10.995971901731956,10.995971901731956,10.995971901731956,10.995971901731956,10.995971901731956,10.995971901731956,10.995971901731956,10.995971901731956,0,0,0,0,0,0,0,0,0,Rayners Lane,Harrow,"POLYGON ((-0.370622309245739 51.5750687772594, -0.37021430163965 51.5749905234908, -0.365138584752572 51.5733738248322, -0.366010308992389 51.5694816870471, -0.375926646889283 51.5695143425351, -0.373749604684248 51.5663190432068, -0.381948521728072 51.5630736931081, -0.385872784361507 51.5709111964951, -0.379897257854602 51.5765337600341, -0.370622309245739 51.5750687772594))"
E05013558,3455,8.94653909705302,8.94653909705302,8.94653909705302,10.737906271238284,13.009764060746845,13.009764060746845,13.009764060746845,13.009764060746845,15.374458450837894,15.374458450837894,15.374458450837894,15.374458450837894,15.374458450837894,10.995971901731956,10.995971901731956,10.995971901731956,10.995971901731956,10.995971901731956,10.995971901731956,10.995971901731956,0,0,0,0,0,0,0,0,0,Roxbourne,Harrow,"POLYGON ((-0.356773592688393 51.5681534787974, -0.380086984175203 51.5595827242216, -0.381948521728072 51.5630736931081, -0.373749604684248 51.5663190432068, -0.375926646889283 51.5695143425351, -0.366010308992389 51.5694816870471, -0.365138584752572 51.5733738248322, -0.356773592688393 51.5681534787974))"
E05013559,5623,33.3934542035729,33.3934542035729,33.3934542035729,27.43123770273996,33.23496419062669,33.23496419062669,33.23496419062669,33.23496419062669,18.22047470775675,18.22047470775675,18.22047470775675,18.22047470775675,18.22047470775675,13.654338735117705,13.654338735117705,13.654338735117705,13.654338735117705,13.654338735117705,13.654338735117705,13.654338735117705,0,0,0,0,0,0,0,0,0,Roxeth,Harrow,"POLYGON ((-0.34753293834007 51.5596851851861, -0.362326609217634 51.5572818961396, -0.375840164014913 51.5530624859359, -0.377786868951508 51.554987669241, -0.380086984175203 51.5595827242216, -0.356773592688393 51.5681534787974, -0.35307538552224 51.5689750734036, -0.34753293834007 51.5596851851861))"
E05013560,5446,73.55874230127236,73.55874230127236,73.55874230127236,14.744883458700476,17.86451195003593,17.86451195003593,17.86451195003593,17.86451195003593,16.031231433203782,16.031231433203782,16.031231433203782,16.031231433203782,16.031231433203782,12.403342578230294,12.403342578230294,12.403342578230294,12.403342578230294,12.403342578230294,12.403342578230294,12.403342578230294,0,0,0,0,0,0,0,0,0,Stanmore,Harrow,"POLYGON ((-0.304455276938232 51.6363500485845, -0.304460768242916 51.6320337627611, -0.292635804198132 51.6217454935685, -0.308045411918121 51.6180116179151, -0.304874214100225 51.612807750146, -0.31184464402861 51.6120876884364, -0.313027963790655 51.6092536311126, -0.329178037896562 51.6098082577945, -0.342530147483701 51.6209433169674, -0.339858630239014 51.6307378064162, -0.317549436837774 51.640216342336, -0.316672226651474 51.6405356329504, -0.304455276938232 51.6363500485845))"
E05013561,3566,14.237978710370882,14.237978710370882,14.237978710370882,17.08885181468767,20.704402195579437,20.704402195579437,20.704402195579437,20.704402195579437,10.995971901731956,10.995971901731956,10.995971901731956,10.995971901731956,10.995971901731956,10.995971901731956,10.995971901731956,10.995971901731956,10.995971901731956,10.995971901731956,10.995971901731956,10.995971901731956,0,0,0,0,0,0,0,0,0,Wealdstone North,Harrow,"POLYGON ((-0.323638777258074 51.59998308131, -0.336665554089419 51.5974890367022, -0.33817877398099 51.5937942740093, -0.346135273513605 51.5975680295801, -0.349779738593979 51.599286261614, -0.327635099572121 51.6040196766818, -0.323638777258074 51.59998308131))"
E05013562,2756,70.70559171744623,70.70559171744623,70.70559171744623,25.23389940443829,30.5727270560823,30.5727270560823,30.5727270560823,30.5727270560823,12.74736652137433,12.74736652137433,12.74736652137433,12.74736652137433,12.74736652137433,12.09059353900844,12.09059353900844,12.09059353900844,12.09059353900844,12.09059353900844,12.09059353900844,12.09059353900844,0,0,0,0,0,0,0,0,0,Wealdstone South,Harrow,"POLYGON ((-0.321219183255186 51.5981938581438, -0.323760592802995 51.5916827350552, -0.331942953915892 51.5908175353795, -0.33817877398099 51.5937942740093, -0.336665554089419 51.5974890367022, -0.323638777258074 51.59998308131, -0.321219183255186 51.5981938581438))"
E05013563,3692,14.996954172091195,14.996954172091195,14.996954172091195,17.999797073151587,21.80807944750473,21.80807944750473,21.80807944750473,21.80807944750473,16.031231433203782,16.031231433203782,16.031231433203782,16.031231433203782,16.031231433203782,10.995971901731956,10.995971901731956,10.995971901731956,10.995971901731956,10.995971901731956,10.995971901731956,10.995971901731956,0,0,0,0,0,0,0,0,0,West Harrow,Harrow,"POLYGON ((-0.341949489390666 51.5798342431945, -0.341943249483487 51.5794269770345, -0.343553415552573 51.5746061230295, -0.349895292372279 51.5751900643977, -0.35307538552224 51.5689750734036, -0.356773592688393 51.5681534787974, -0.365138584752572 51.5733738248322, -0.37021430163965 51.5749905234908, -0.347650250288805 51.5803064796209, -0.341949489390666 51.5798342431945))"
E05013564,5351,26.6674379466099,26.6674379466099,26.6674379466099,8.155429571666021,9.880903396000429,9.880903396000429,9.880903396000429,9.880903396000429,9.173971817174346,9.173971817174346,9.173971817174346,9.173971817174346,9.173971817174346,9.173971817174346,9.173971817174346,9.173971817174346,9.173971817174346,9.173971817174346,9.173971817174346,9.173971817174346,0,0,0,0,0,0,0,0,0,Belmore,Hillingdon,"POLYGON ((-0.383425728446773 51.5174924796328, -0.390422722557664 51.5132029836982, -0.422075744414802 51.5228937320542, -0.42007238160638 51.5297556665747, -0.411830334714258 51.5339956942523, -0.409746334643469 51.5277653112967, -0.401604071783502 51.5260903001137, -0.390251853020827 51.5177446204981, -0.383425728446773 51.5174924796328))"
E05013565,3928,13.492113696344491,13.492113696344491,13.492113696344491,4.087130713526725,4.951859787679334,4.951859787679334,4.951859787679334,4.951859787679334,9.173971817174346,9.173971817174346,9.173971817174346,9.173971817174346,9.173971817174346,9.173971817174346,9.173971817174346,9.173971817174346,9.173971817174346,9.173971817174346,9.173971817174346,9.173971817174346,0,0,0,0,0,0,0,0,0,Charville,Hillingdon,"POLYGON ((-0.416757484631925 51.5401621734173, -0.419454309688641 51.5383596245981, -0.411812073327172 51.5340849189715, -0.411830334714258 51.5339956942523, -0.42007238160638 51.5297556665747, -0.422075744414802 51.5228937320542, -0.438387843892821 51.5264689220612, -0.44136816403593 51.5365452424344, -0.418064458315273 51.5417114707392, -0.416757484631925 51.5401621734173))"
E05013566,7060,6.264718657455378,6.264718657455378,6.264718657455378,7.6997986301468515,9.328872963045573,9.328872963045573,9.328872963045573,9.328872963045573,9.61182047208494,9.61182047208494,9.61182047208494,9.61182047208494,9.61182047208494,9.33034633678527,9.33034633678527,9.33034633678527,9.33034633678527,9.33034633678527,9.33034633678527,9.33034633678527,0,0,0,0,0,0,0,0,0,Colham & Cowley,Hillingdon,"POLYGON ((-0.452882952130543 51.5328035250961, -0.438387843892821 51.5264689220612, -0.447550265343625 51.5229238678748, -0.443730723491853 51.5189405635847, -0.451046364079714 51.5156889379817, -0.462031678236613 51.5195488533642, -0.46294949019689 51.5227342487089, -0.471898533994265 51.5218457947608, -0.476903851557972 51.5174892761838, -0.480370314381428 51.5209166700348, -0.491631151571753 51.5188970612925, -0.488973663150961 51.5290887448527, -0.476435950417616 51.5264726569709, -0.476110701258348 51.5347268212538, -0.47223173023002 51.5348054014506, -0.458768420334055 51.535306541485, -0.452882952130543 51.5328035250961))"
E05013567,7056,38.084158850368375,38.084158850368375,38.084158850368375,33.241857206441225,40.27495754504903,40.27495754504903,40.27495754504903,40.27495754504903,10.487517781906126,10.487517781906126,10.487517781906126,10.487517781906126,10.487517781906126,10.112218934839904,10.112218934839904,10.112218934839904,10.112218934839904,10.112218934839904,10.112218934839904,10.112218934839904,0,0,0,0,0,0,0,0,0,Eastcote,Hillingdon,"POLYGON ((-0.385872784361507 51.5709111964951, -0.400798245321259 51.5652919158828, -0.40804403793445 51.5748228658515, -0.409383855016935 51.5834005945018, -0.418525771850031 51.5881417772691, -0.414757326656926 51.5898542390909, -0.395527253503503 51.5906015037761, -0.385872784361507 51.5709111964951))"
E05013568,2406,3.405289057260167,3.405289057260167,3.405289057260167,4.087130713526725,4.951859787679334,4.951859787679334,4.951859787679334,4.951859787679334,11.582139419182612,11.582139419182612,11.582139419182612,11.582139419182612,11.582139419182612,10.737717013283609,10.737717013283609,10.737717013283609,10.737717013283609,10.737717013283609,10.737717013283609,10.737717013283609,0,0,0,0,0,0,0,0,0,Harefield Village,Hillingdon,"POLYGON ((-0.459759477118413 51.6131422508396, -0.457160195310364 51.6123020822686, -0.45115470822742 51.6103515356133, -0.4586787289504 51.6071436998948, -0.456765663810328 51.602085156775, -0.46279337354011 51.5955113608561, -0.464328539990327 51.5887509609463, -0.482671011486632 51.5964990469406, -0.49963463786021 51.5967032410002, -0.500595886737316 51.5996898995638, -0.496313359970916 51.6023984486726, -0.499231538736378 51.6089281161288, -0.495389391821044 51.6186875485239, -0.50015459518905 51.6220683245259, -0.499965055290516 51.6291733065649, -0.497042456594896 51.6316977908827, -0.459759477118413 51.6131422508396))"
E05013569,5487,348.2902033373107,348.2902033373107,348.2902033373107,18.33284469098624,22.21159115822141,22.21159115822141,22.21159115822141,22.21159115822141,9.173971817174346,9.173971817174346,9.173971817174346,9.173971817174346,9.173971817174346,9.173971817174346,9.173971817174346,9.173971817174346,9.173971817174346,9.173971817174346,9.173971817174346,9.173971817174346,0,0,0,0,0,0,0,0,0,Hayes Town,Hillingdon,"POLYGON ((-0.40739913954193 51.5027712709213, -0.423971471458756 51.5013367322892, -0.443211264737858 51.5058307658077, -0.450176645374282 51.5072342103349, -0.451046364079714 51.5156889379817, -0.443730723491853 51.5189405635847, -0.436983129412678 51.5141937890279, -0.426122765594446 51.5124972697591, -0.426935510734757 51.5172043000259, -0.410768844273803 51.5139818179561, -0.41090761225551 51.5114845702387, -0.404183137923497 51.5101284308314, -0.40739913954193 51.5027712709213))"
E05013570,5223,5.203535862276893,5.203535862276893,5.203535862276893,6.245440808117806,7.566811379850395,7.566811379850395,7.566811379850395,7.566811379850395,9.173971817174346,9.173971817174346,9.173971817174346,9.173971817174346,9.173971817174346,9.173971817174346,9.173971817174346,9.173971817174346,9.173971817174346,9.173971817174346,9.173971817174346,9.173971817174346,0,0,0,0,0,0,0,0,0,Heathrow Villages,Hillingdon,"POLYGON ((-0.452935385282279 51.4977553962002, -0.453316400636087 51.4956980485263, -0.411870081921723 51.492441508515, -0.416808066400672 51.4808655133344, -0.411133653872026 51.4698818701745, -0.433578066455412 51.4617390716493, -0.435040624466151 51.4568540873945, -0.441459057072773 51.4568075267236, -0.443983068180207 51.4532665064901, -0.458644591609625 51.4563100938075, -0.493861634990079 51.4627229058023, -0.509701400845035 51.4691759477034, -0.499169215876422 51.4885812136706, -0.490116783259263 51.494578915113, -0.468952246524397 51.4954399633954, -0.46674554157919 51.5027053996189, -0.462967910804568 51.4988450229557, -0.452935385282279 51.4977553962002))"
E05013571,5728,59.95142573579962,59.95142573579962,59.95142573579962,9.616011784470912,11.65050628691148,11.65050628691148,11.65050628691148,11.65050628691148,9.173971817174346,9.173971817174346,9.173971817174346,9.173971817174346,9.173971817174346,9.173971817174346,9.173971817174346,9.173971817174346,9.173971817174346,9.173971817174346,9.173971817174346,9.173971817174346,0,0,0,0,0,0,0,0,0,Hillingdon East,Hillingdon,"POLYGON ((-0.433448799183463 51.5494965920861, -0.411609514095634 51.5480619122754, -0.418064458315273 51.5417114707392, -0.44136816403593 51.5365452424344, -0.438387843892821 51.5264689220612, -0.452882952130543 51.5328035250961, -0.450742949585051 51.5410654990845, -0.45953203449363 51.5443648483905, -0.454777510534119 51.5475591147326, -0.464492563471753 51.5478430737058, -0.457295795383333 51.5551312486752, -0.433448799183463 51.5494965920861))"
E05013572,4107,233.04418529988988,233.04418529988988,233.04418529988988,10.47230757293626,12.687971682189202,12.687971682189202,12.687971682189202,12.687971682189202,9.173971817174346,9.173971817174346,9.173971817174346,9.173971817174346,9.173971817174346,9.173971817174346,9.173971817174346,9.173971817174346,9.173971817174346,9.173971817174346,9.173971817174346,9.173971817174346,0,0,0,0,0,0,0,0,0,Hillingdon West,Hillingdon,"POLYGON ((-0.452882952130543 51.5328035250961, -0.458768420334055 51.535306541485, -0.47223173023002 51.5348054014506, -0.4812003595058 51.5441243225757, -0.47535178276418 51.54293874369, -0.471287329392384 51.5475980617502, -0.464492563471753 51.5478430737058, -0.454777510534119 51.5475591147326, -0.45953203449363 51.5443648483905, -0.450742949585051 51.5410654990845, -0.452882952130543 51.5328035250961))"
E05013573,6355,12.59521186301885,12.59521186301885,12.59521186301885,16.924095458037517,20.504787738777186,20.504787738777186,20.504787738777186,20.504787738777186,11.801063746637908,11.801063746637908,11.801063746637908,11.801063746637908,11.801063746637908,10.581342493672684,10.581342493672684,10.581342493672684,10.581342493672684,10.581342493672684,10.581342493672684,10.581342493672684,0,0,0,0,0,0,0,0,0,Ickenham & South Harefield,Hillingdon,"POLYGON ((-0.464328539990327 51.5887509609463, -0.459513711448051 51.5812469187693, -0.44276501660639 51.5796012860353, -0.442240187110423 51.5754345212079, -0.452295710229057 51.5731639019611, -0.431078270073269 51.5676197448715, -0.421418779830503 51.5644420400337, -0.423657767161301 51.559103911046, -0.420072461682051 51.5575919834389, -0.429601400868979 51.5572593677352, -0.428693790070776 51.5524331238906, -0.433448799183463 51.5494965920861, -0.457295795383333 51.5551312486752, -0.477013553382512 51.5596450203677, -0.482793739750471 51.5628216688482, -0.484026264608682 51.5751273277532, -0.494825295709162 51.5847772588806, -0.49963463786021 51.5967032410002, -0.482671011486632 51.5964990469406, -0.464328539990327 51.5887509609463))"
E05013574,5095,22.025807836251744,22.025807836251744,22.025807836251744,15.41369320547199,18.674824201534275,18.674824201534275,18.674824201534275,18.674824201534275,9.173971817174346,9.173971817174346,9.173971817174346,9.173971817174346,9.173971817174346,9.173971817174346,9.173971817174346,9.173971817174346,9.173971817174346,9.173971817174346,9.173971817174346,9.173971817174346,0,0,0,0,0,0,0,0,0,Northwood,Hillingdon,"POLYGON ((-0.41199138823261 51.6141856889359, -0.418489458116467 51.6050302038313, -0.411945450923358 51.6017324719876, -0.420353988402435 51.5958806173504, -0.432398134971546 51.6023836912456, -0.446141868056958 51.6002651065893, -0.443976976684171 51.5972557547237, -0.452978930555275 51.5946649002847, -0.453666553673294 51.590791772923, -0.46279337354011 51.5955113608561, -0.456765663810328 51.602085156775, -0.4586787289504 51.6071436998948, -0.45115470822742 51.6103515356133, -0.457160195310364 51.6123020822686, -0.440575301279442 51.6200732393013, -0.41199138823261 51.6141856889359))"
E05013575,4754,15.11756717556709,15.11756717556709,15.11756717556709,29.88968343838743,36.21355221039663,36.21355221039663,36.21355221039663,36.21355221039663,9.392896144629642,9.392896144629642,9.392896144629642,9.392896144629642,9.392896144629642,9.33034633678527,9.33034633678527,9.33034633678527,9.33034633678527,9.33034633678527,9.33034633678527,9.33034633678527,0,0,0,0,0,0,0,0,0,Northwood Hills,Hillingdon,"POLYGON ((-0.404050154365865 51.6131839959912, -0.397674932783602 51.5968769418139, -0.395527253503503 51.5906015037761, -0.414757326656926 51.5898542390909, -0.420353988402435 51.5958806173504, -0.411945450923358 51.6017324719876, -0.418489458116467 51.6050302038313, -0.41199138823261 51.6141856889359, -0.404050154365865 51.6131839959912))"
E05013576,5323,181.59106137267105,181.59106137267105,181.59106137267105,82.97250572289846,100.52729980286884,100.52729980286884,100.52729980286884,100.52729980286884,9.173971817174346,9.173971817174346,9.173971817174346,9.173971817174346,9.173971817174346,9.173971817174346,9.173971817174346,9.173971817174346,9.173971817174346,9.173971817174346,9.173971817174346,9.173971817174346,0,0,0,0,0,0,0,0,0,Pinkwell,Hillingdon,"POLYGON ((-0.40739913954193 51.5027712709213, -0.403865887380421 51.5029251893466, -0.406884732410765 51.4996945375717, -0.411870081921723 51.492441508515, -0.453316400636087 51.4956980485263, -0.452935385282279 51.4977553962002, -0.448090009671312 51.5048986515129, -0.443211264737858 51.5058307658077, -0.423971471458756 51.5013367322892, -0.40739913954193 51.5027712709213))"
E05013577,6508,25.037614023397182,25.037614023397182,25.037614023397182,23.18452050042513,28.089753621708248,28.089753621708248,28.089753621708248,28.089753621708248,9.173971817174346,9.173971817174346,9.173971817174346,9.173971817174346,9.173971817174346,9.33034633678527,9.33034633678527,9.33034633678527,9.33034633678527,9.33034633678527,9.33034633678527,9.33034633678527,0,0,0,0,0,0,0,0,0,Ruislip,Hillingdon,"POLYGON ((-0.420353988402435 51.5958806173504, -0.414757326656926 51.5898542390909, -0.418525771850031 51.5881417772691, -0.409383855016935 51.5834005945018, -0.40804403793445 51.5748228658515, -0.431078270073269 51.5676197448715, -0.452295710229057 51.5731639019611, -0.442240187110423 51.5754345212079, -0.44276501660639 51.5796012860353, -0.459513711448051 51.5812469187693, -0.464328539990327 51.5887509609463, -0.46279337354011 51.5955113608561, -0.453666553673294 51.590791772923, -0.452978930555275 51.5946649002847, -0.443976976684171 51.5972557547237, -0.446141868056958 51.6002651065893, -0.432398134971546 51.6023836912456, -0.420353988402435 51.5958806173504))"
E05013578,4355,17.423390983214254,17.423390983214254,17.423390983214254,21.454162374582307,25.99329734902603,25.99329734902603,25.99329734902603,25.99329734902603,10.049669126995534,10.049669126995534,10.049669126995534,10.049669126995534,10.049669126995534,9.799469895618053,9.799469895618053,9.799469895618053,9.799469895618053,9.799469895618053,9.799469895618053,9.799469895618053,0,0,0,0,0,0,0,0,0,Ruislip Manor,Hillingdon,"POLYGON ((-0.400798245321259 51.5652919158828, -0.41148532229019 51.5611670608902, -0.421418779830503 51.5644420400337, -0.431078270073269 51.5676197448715, -0.40804403793445 51.5748228658515, -0.400798245321259 51.5652919158828))"
E05013579,6367,36.82261506838196,36.82261506838196,36.82261506838196,32.269796880111606,39.09723488860955,39.09723488860955,39.09723488860955,39.09723488860955,21.21480982721567,21.21480982721567,21.21480982721567,21.21480982721567,21.21480982721567,12.614211248614724,12.614211248614724,12.614211248614724,12.614211248614724,12.614211248614724,12.614211248614724,12.614211248614724,0,0,0,0,0,0,0,0,0,South Ruislip,Hillingdon,"POLYGON ((-0.381948521728072 51.5630736931081, -0.380086984175203 51.5595827242216, -0.377786868951508 51.554987669241, -0.39498718554927 51.5480389985897, -0.39869991765403 51.5478923357616, -0.395251895155866 51.5425487527468, -0.416757484631925 51.5401621734173, -0.418064458315273 51.5417114707392, -0.411609514095634 51.5480619122754, -0.433448799183463 51.5494965920861, -0.428693790070776 51.5524331238906, -0.429601400868979 51.5572593677352, -0.420072461682051 51.5575919834389, -0.423657767161301 51.559103911046, -0.421418779830503 51.5644420400337, -0.41148532229019 51.5611670608902, -0.400798245321259 51.5652919158828, -0.385872784361507 51.5709111964951, -0.381948521728072 51.5630736931081))"
E05013580,6891,109.70707864766882,109.70707864766882,109.70707864766882,25.60625186773331,31.023859481020807,31.023859481020807,31.023859481020807,31.023859481020807,14.209231348646172,14.209231348646172,14.209231348646172,14.209231348646172,14.209231348646172,12.457836729003798,12.457836729003798,12.457836729003798,12.457836729003798,12.457836729003798,12.457836729003798,12.457836729003798,0,0,0,0,0,0,0,0,0,Uxbridge,Hillingdon,"POLYGON ((-0.457295795383333 51.5551312486752, -0.464492563471753 51.5478430737058, -0.471287329392384 51.5475980617502, -0.47535178276418 51.54293874369, -0.4812003595058 51.5441243225757, -0.47223173023002 51.5348054014506, -0.476110701258348 51.5347268212538, -0.476435950417616 51.5264726569709, -0.488973663150961 51.5290887448527, -0.49548974434616 51.538429206093, -0.49103033077808 51.5445585993485, -0.477329881579631 51.5552720841679, -0.477013553382512 51.5596450203677, -0.457295795383333 51.5551312486752))"
E05013581,6987,24.548971931604868,24.548971931604868,24.548971931604868,15.550963713739463,18.841137529286264,18.841137529286264,18.841137529286264,18.841137529286264,10.049669126995534,10.049669126995534,10.049669126995534,10.049669126995534,10.049669126995534,9.643095376007125,9.643095376007125,9.643095376007125,9.643095376007125,9.643095376007125,9.643095376007125,9.643095376007125,0,0,0,0,0,0,0,0,0,West Drayton,Hillingdon,"POLYGON ((-0.450176645374282 51.5072342103349, -0.443211264737858 51.5058307658077, -0.448090009671312 51.5048986515129, -0.452935385282279 51.4977553962002, -0.462967910804568 51.4988450229557, -0.46674554157919 51.5027053996189, -0.468952246524397 51.4954399633954, -0.490116783259263 51.494578915113, -0.490024731194161 51.494747634396, -0.483173971834354 51.5066477306099, -0.485535850653921 51.5100278072068, -0.450176645374282 51.5072342103349))"
E05013582,6603,9.651558951270458,9.651558951270458,9.651558951270458,18.81186037961112,22.791953934072605,22.791953934072605,22.791953934072605,22.791953934072605,19.244490880118004,19.244490880118004,19.244490880118004,19.244490880118004,19.244490880118004,16.21082519966603,16.21082519966603,16.21082519966603,16.21082519966603,16.21082519966603,16.21082519966603,16.21082519966603,0,0,0,0,0,0,0,0,0,Wood End,Hillingdon,"POLYGON ((-0.422075744414802 51.5228937320542, -0.390422722557664 51.5132029836982, -0.393565535522169 51.5069701320857, -0.403865887380421 51.5029251893466, -0.40739913954193 51.5027712709213, -0.404183137923497 51.5101284308314, -0.41090761225551 51.5114845702387, -0.410768844273803 51.5139818179561, -0.426935510734757 51.5172043000259, -0.426122765594446 51.5124972697591, -0.436983129412678 51.5141937890279, -0.443730723491853 51.5189405635847, -0.447550265343625 51.5229238678748, -0.438387843892821 51.5264689220612, -0.422075744414802 51.5228937320542))"
E05013583,4917,19.96574741993593,19.96574741993593,19.96574741993593,6.0747669131576165,7.3600273896876,7.3600273896876,7.3600273896876,7.3600273896876,12.019988074093204,12.019988074093204,12.019988074093204,12.019988074093204,12.019988074093204,11.363215091727314,11.363215091727314,11.363215091727314,11.363215091727314,11.363215091727314,11.363215091727314,11.363215091727314,0,0,0,0,0,0,0,0,0,Yeading,Hillingdon,"POLYGON ((-0.380978172144802 51.5294166501977, -0.376363869485393 51.5288891560822, -0.383425728446773 51.5174924796328, -0.390251853020827 51.5177446204981, -0.401604071783502 51.5260903001137, -0.409746334643469 51.5277653112967, -0.411830334714258 51.5339956942523, -0.411812073327172 51.5340849189715, -0.380978172144802 51.5294166501977))"
E05013584,4972,121.47062345710712,121.47062345710712,121.47062345710712,17.31913262909214,20.98340435740156,20.98340435740156,20.98340435740156,20.98340435740156,15.084928658467362,15.084928658467362,15.084928658467362,15.084928658467362,15.084928658467362,13.23970932705843,13.23970932705843,13.23970932705843,13.23970932705843,13.23970932705843,13.23970932705843,13.23970932705843,0,0,0,0,0,0,0,0,0,Yiewsley,Hillingdon,"POLYGON ((-0.451046364079714 51.5156889379817, -0.450176645374282 51.5072342103349, -0.485535850653921 51.5100278072068, -0.48978652323901 51.5115268286627, -0.491631151571753 51.5188970612925, -0.480370314381428 51.5209166700348, -0.476903851557972 51.5174892761838, -0.471898533994265 51.5218457947608, -0.46294949019689 51.5227342487089, -0.462031678236613 51.5195488533642, -0.451046364079714 51.5156889379817))"
E05013585,3460,8.317879278745572,8.317879278745572,8.317879278745572,9.983369781513147,12.095587548250975,12.095587548250975,12.095587548250975,12.095587548250975,21.652658482126267,21.652658482126267,21.652658482126267,21.652658482126267,21.652658482126267,19.18194107227363,19.18194107227363,19.18194107227363,19.18194107227363,19.18194107227363,19.18194107227363,19.18194107227363,0,0,0,0,0,0,0,0,0,Alexandra Park,Haringey,"POLYGON ((-0.120037034168247 51.5975654661349, -0.115465802441589 51.5918933357738, -0.133629309712793 51.5881180348855, -0.132918913405449 51.5918966346695, -0.140273079428725 51.5941379917316, -0.144469452461756 51.6001287754514, -0.143425252491465 51.6088489742021, -0.13876012089654 51.610194942666, -0.120037034168247 51.5975654661349))"
E05013586,4316,16.78423189674562,16.78423189674562,16.78423189674562,21.590495346127007,26.158474782009208,26.158474782009208,26.158474782009208,26.158474782009208,34.13134514707819,34.13134514707819,34.13134514707819,34.13134514707819,34.13134514707819,19.494690111495483,19.494690111495483,19.494690111495483,19.494690111495483,19.494690111495483,19.494690111495483,19.494690111495483,0,0,0,0,0,0,0,0,0,Bounds Green,Haringey,"POLYGON ((-0.115623127779697 51.6084286353437, -0.118850898377196 51.5974956046655, -0.120037034168247 51.5975654661349, -0.13876012089654 51.610194942666, -0.115623127779697 51.6084286353437))"
E05013587,5592,118.05500490858589,118.05500490858589,118.05500490858589,143.31942812420334,173.64203952974466,173.64203952974466,173.64203952974466,173.64203952974466,17.055247605565032,17.055247605565032,17.055247605565032,17.055247605565032,17.055247605565032,21.371184346826603,21.371184346826603,21.371184346826603,21.371184346826603,21.371184346826603,21.371184346826603,21.371184346826603,0,0,0,0,0,0,0,0,0,Bruce Castle,Haringey,"POLYGON ((-0.0681051925784539 51.5974440767303, -0.0694966836269731 51.5940625093351, -0.0720553273405856 51.5959857779395, -0.0789889842096696 51.594032163237, -0.0794767978392264 51.5981885817776, -0.0798505592492554 51.603008302835, -0.0869812441813465 51.6032840893227, -0.0855997227370935 51.6084707151938, -0.0674831164309989 51.6086447178001, -0.0681051925784539 51.5974440767303))"
E05013588,6657,35.78356009029506,35.78356009029506,35.78356009029506,8.79730513616709,10.65858290256168,10.65858290256168,10.65858290256168,10.65858290256168,15.522777313377956,15.522777313377956,15.522777313377956,15.522777313377956,15.522777313377956,17.930944915386217,17.930944915386217,17.930944915386217,17.930944915386217,17.930944915386217,17.930944915386217,17.930944915386217,0,0,0,0,0,0,0,0,0,Crouch End,Haringey,"POLYGON ((-0.117011806368254 51.5806105037525, -0.114351702182963 51.5762437321546, -0.118867764102146 51.5747348402581, -0.133393892888697 51.5728727412005, -0.139913430080004 51.5797844589587, -0.133140169653698 51.5860292370976, -0.117011806368254 51.5806105037525))"
E05013589,5123,11.341493966313784,11.341493966313784,11.341493966313784,13.431709195912909,16.27350464395881,16.27350464395881,16.27350464395881,16.27350464395881,21.21480982721567,21.21480982721567,21.21480982721567,21.21480982721567,21.21480982721567,19.025566552662703,19.025566552662703,19.025566552662703,19.025566552662703,19.025566552662703,19.025566552662703,19.025566552662703,0,0,0,0,0,0,0,0,0,Fortis Green,Haringey,"POLYGON ((-0.144469452461756 51.6001287754514, -0.140273079428725 51.5941379917316, -0.149157719822379 51.5916388031964, -0.148074517312187 51.5862200895905, -0.158105501988859 51.5833308596925, -0.155575274313043 51.5813280887403, -0.163075965247494 51.5843790403926, -0.161321501018199 51.5852781759238, -0.157158754391415 51.5862030538117, -0.161761102286481 51.5974788597696, -0.156296125347311 51.6053698665318, -0.151354654288673 51.5974507811202, -0.144469452461756 51.6001287754514))"
E05013590,6731,47.56933546151637,47.56933546151637,47.56933546151637,14.26962688624642,17.288703620202792,17.288703620202792,17.288703620202792,17.288703620202792,13.552458366280282,13.552458366280282,13.552458366280282,13.552458366280282,13.552458366280282,13.552458366280282,13.552458366280282,13.552458366280282,13.552458366280282,13.552458366280282,13.552458366280282,13.552458366280282,0,0,0,0,0,0,0,0,0,Harringay,Haringey,"POLYGON ((-0.0982869956392587 51.5873089198925, -0.0990352170890702 51.5823688136892, -0.0976377322755438 51.5736548617879, -0.0980737731247675 51.5691053885655, -0.104034742251588 51.5649679882959, -0.106306158327329 51.5796008207412, -0.112634269294649 51.5882241640032, -0.103365798536797 51.590461660493, -0.0982869956392587 51.5873089198925))"
E05013591,3295,92.05498831878975,92.05498831878975,92.05498831878975,121.1481334135276,146.77988355434957,146.77988355434957,146.77988355434957,146.77988355434957,75.7269673635846,75.7269673635846,75.7269673635846,75.7269673635846,75.7269673635846,14.647080003556766,14.647080003556766,14.647080003556766,14.647080003556766,14.647080003556766,14.647080003556766,14.647080003556766,0,0,0,0,0,0,0,0,0,Hermitage & Gardens,Haringey,"POLYGON ((-0.0814633531975789 51.5799010190538, -0.085661658737207 51.5750398010949, -0.0976377322755438 51.5736548617879, -0.0990352170890702 51.5823688136892, -0.0814633531975789 51.5799010190538))"
E05013592,6460,19.001746363993178,19.001746363993178,19.001746363993178,30.93770854307757,37.48331178897283,37.48331178897283,37.48331178897283,37.48331178897283,18.14986924284152,18.14986924284152,18.14986924284152,18.14986924284152,18.14986924284152,15.585327121222326,15.585327121222326,15.585327121222326,15.585327121222326,15.585327121222326,15.585327121222326,15.585327121222326,0,0,0,0,0,0,0,0,0,Highgate,Haringey,"POLYGON ((-0.139913430080004 51.5797844589587, -0.133393892888697 51.5728727412005, -0.138317943054664 51.5706033196083, -0.142389915041378 51.5691229084999, -0.171259811936078 51.5724322033182, -0.163075965247494 51.5843790403926, -0.155575274313043 51.5813280887403, -0.158105501988859 51.5833308596925, -0.148074517312187 51.5862200895905, -0.14694198302969 51.580633384431, -0.139913430080004 51.5797844589587))"
E05013593,7119,88.26714880018157,88.26714880018157,88.26714880018157,12.521994908518188,15.171318804118089,15.171318804118089,15.171318804118089,15.171318804118089,21.871582809581565,21.871582809581565,21.871582809581565,21.871582809581565,21.871582809581565,19.18194107227363,19.18194107227363,19.18194107227363,19.18194107227363,19.18194107227363,19.18194107227363,19.18194107227363,0,0,0,0,0,0,0,0,0,Hornsey,Haringey,"POLYGON ((-0.112634269294649 51.5882241640032, -0.106306158327329 51.5796008207412, -0.111916316779908 51.5821497202189, -0.117011806368254 51.5806105037525, -0.133140169653698 51.5860292370976, -0.133629309712793 51.5881180348855, -0.115465802441589 51.5918933357738, -0.112634269294649 51.5882241640032))"
E05013594,4159,34.06782712432391,34.06782712432391,34.06782712432391,18.663847839624182,22.612625843975582,22.612625843975582,22.612625843975582,22.612625843975582,24.27975041158983,24.27975041158983,24.27975041158983,24.27975041158983,24.27975041158983,19.33831559188456,19.33831559188456,19.33831559188456,19.33831559188456,19.33831559188456,19.33831559188456,19.33831559188456,0,0,0,0,0,0,0,0,0,Muswell Hill,Haringey,"POLYGON ((-0.133629309712793 51.5881180348855, -0.133140169653698 51.5860292370976, -0.139913430080004 51.5797844589587, -0.14694198302969 51.580633384431, -0.148074517312187 51.5862200895905, -0.149157719822379 51.5916388031964, -0.140273079428725 51.5941379917316, -0.132918913405449 51.5918966346695, -0.133629309712793 51.5881180348855))"
E05013595,5762,289.49847615834494,289.49847615834494,289.49847615834494,181.04545128762396,219.34989429292224,219.34989429292224,219.34989429292224,219.34989429292224,148.19091975128785,148.19091975128785,148.19091975128785,148.19091975128785,148.19091975128785,52.489713749400934,52.489713749400934,52.489713749400934,52.489713749400934,52.489713749400934,52.489713749400934,52.489713749400934,0,0,0,0,0,0,0,0,0,Noel Park,Haringey,"POLYGON ((-0.0960269609113205 51.598321173548, -0.0950668630727222 51.5952644250391, -0.103365798536797 51.590461660493, -0.112634269294649 51.5882241640032, -0.115465802441589 51.5918933357738, -0.120037034168247 51.5975654661349, -0.118850898377196 51.5974956046655, -0.100849714820567 51.5994806616625, -0.0960269609113205 51.598321173548))"
E05013596,6116,126.2628362132629,126.2628362132629,126.2628362132629,216.5943791937166,262.4200378561544,262.4200378561544,262.4200378561544,262.4200378561544,265.75328359478226,265.75328359478226,265.75328359478226,265.75328359478226,265.75328359478226,33.88114591570071,33.88114591570071,33.88114591570071,33.88114591570071,33.88114591570071,33.88114591570071,33.88114591570071,0,0,0,0,0,0,0,0,0,Northumberland Park,Haringey,"POLYGON ((-0.0414260272729628 51.6056328600517, -0.0523537545303537 51.5935459941806, -0.0681051925784539 51.5974440767303, -0.0674831164309989 51.6086447178001, -0.0414260272729628 51.6056328600517))"
E05013597,4367,13.22867920712612,13.22867920712612,13.22867920712612,15.696765885709546,19.01778759578535,19.01778759578535,19.01778759578535,19.01778759578535,19.90126386248389,19.90126386248389,19.90126386248389,19.90126386248389,19.90126386248389,17.930944915386217,17.930944915386217,17.930944915386217,17.930944915386217,17.930944915386217,17.930944915386217,17.930944915386217,0,0,0,0,0,0,0,0,0,St Ann's,Haringey,"POLYGON ((-0.0868017501149662 51.5862282459414, -0.0842264798092667 51.585674342401, -0.0780343703813103 51.5811061856135, -0.0814633531975789 51.5799010190538, -0.0990352170890702 51.5823688136892, -0.0982869956392587 51.5873089198925, -0.0868017501149662 51.5862282459414))"
E05013598,3787,87.53143383492892,87.53143383492892,87.53143383492892,28.082139796968043,34.023580002559726,34.023580002559726,34.023580002559726,34.023580002559726,16.836323278109735,16.836323278109735,16.836323278109735,16.836323278109735,16.836323278109735,29.659033886205695,29.659033886205695,29.659033886205695,29.659033886205695,29.659033886205695,29.659033886205695,29.659033886205695,0,0,0,0,0,0,0,0,0,Seven Sisters,Haringey,"POLYGON ((-0.0721320352565085 51.5839796285537, -0.0723910763081699 51.5756305607206, -0.076241569267745 51.5749362539641, -0.085661658737207 51.5750398010949, -0.0814633531975789 51.5799010190538, -0.0780343703813103 51.5811061856135, -0.0842264798092667 51.585674342401, -0.0721320352565085 51.5839796285537))"
E05013599,5864,37.947503995352015,37.947503995352015,37.947503995352015,136.43492230539627,165.30095383621216,165.30095383621216,165.30095383621216,165.30095383621216,37.63413438636294,37.63413438636294,37.63413438636294,37.63413438636294,37.63413438636294,108.94091532894537,108.94091532894537,108.94091532894537,108.94091532894537,108.94091532894537,108.94091532894537,108.94091532894537,0,0,0,0,0,0,0,0,0,South Tottenham,Haringey,"POLYGON ((-0.0531593155370422 51.5869155117408, -0.0611585749892377 51.5777860362647, -0.0723910763081699 51.5756305607206, -0.0721320352565085 51.5839796285537, -0.0704153684486653 51.5890011378623, -0.0531593155370422 51.5869155117408))"
E05013600,5359,16.95658389594778,16.95658389594778,16.95658389594778,18.906250218468056,22.9063141736055,22.9063141736055,22.9063141736055,22.9063141736055,14.647080003556766,14.647080003556766,14.647080003556766,14.647080003556766,14.647080003556766,14.334330964334914,14.334330964334914,14.334330964334914,14.334330964334914,14.334330964334914,14.334330964334914,14.334330964334914,0,0,0,0,0,0,0,0,0,Stroud Green,Haringey,"POLYGON ((-0.106306158327329 51.5796008207412, -0.104034742251588 51.5649679882959, -0.104370616733993 51.5647782736229, -0.110686877727987 51.5686110827298, -0.115689761974841 51.572022035014, -0.118867764102146 51.5747348402581, -0.114351702182963 51.5762437321546, -0.117011806368254 51.5806105037525, -0.111916316779908 51.5821497202189, -0.106306158327329 51.5796008207412))"
E05013601,6640,39.352294588831256,39.352294588831256,39.352294588831256,30.065862798680683,36.42700647716816,36.42700647716816,36.42700647716816,36.42700647716816,19.244490880118004,19.244490880118004,19.244490880118004,19.244490880118004,19.244490880118004,19.025566552662703,19.025566552662703,19.025566552662703,19.025566552662703,19.025566552662703,19.025566552662703,19.025566552662703,0,0,0,0,0,0,0,0,0,Tottenham Central,Haringey,"POLYGON ((-0.0694966836269731 51.5940625093351, -0.0704153684486653 51.5890011378623, -0.0721320352565085 51.5839796285537, -0.0842264798092667 51.585674342401, -0.0868017501149662 51.5862282459414, -0.083395653887238 51.5931174565321, -0.0789889842096696 51.594032163237, -0.0720553273405856 51.5959857779395, -0.0694966836269731 51.5940625093351))"
E05013602,4340,256.27867089178403,256.27867089178403,256.27867089178403,42.87639350119794,51.94790764009884,51.94790764009884,51.94790764009884,51.94790764009884,17.27417193302033,17.27417193302033,17.27417193302033,17.27417193302033,17.27417193302033,45.452860366909256,45.452860366909256,45.452860366909256,45.452860366909256,45.452860366909256,45.452860366909256,45.452860366909256,0,0,0,0,0,0,0,0,0,Tottenham Hale,Haringey,"POLYGON ((-0.0523537545303537 51.5935459941806, -0.0531593155370422 51.5869155117408, -0.0704153684486653 51.5890011378623, -0.0694966836269731 51.5940625093351, -0.0681051925784539 51.5974440767303, -0.0523537545303537 51.5935459941806))"
E05013603,6233,40.983949060202384,40.983949060202384,40.983949060202384,26.784091946894424,32.45089945921671,32.45089945921671,32.45089945921671,32.45089945921671,14.428155676101472,14.428155676101472,14.428155676101472,14.428155676101472,14.428155676101472,17.14907231733159,17.14907231733159,17.14907231733159,17.14907231733159,17.14907231733159,17.14907231733159,17.14907231733159,0,0,0,0,0,0,0,0,0,West Green,Haringey,"POLYGON ((-0.0789889842096696 51.594032163237, -0.083395653887238 51.5931174565321, -0.0868017501149662 51.5862282459414, -0.0982869956392587 51.5873089198925, -0.103365798536797 51.590461660493, -0.0950668630727222 51.5952644250391, -0.0960269609113205 51.598321173548, -0.0794767978392264 51.5981885817776, -0.0789889842096696 51.594032163237))"
E05013604,5338,10.355570008203625,10.355570008203625,10.355570008203625,12.609761901684196,15.277654978467956,15.277654978467956,15.277654978467956,15.277654978467956,15.741701640833252,15.741701640833252,15.741701640833252,15.741701640833252,15.741701640833252,14.95982904277862,14.95982904277862,14.95982904277862,14.95982904277862,14.95982904277862,14.95982904277862,14.95982904277862,0,0,0,0,0,0,0,0,0,White Hart Lane,Haringey,"POLYGON ((-0.0794767978392264 51.5981885817776, -0.0960269609113205 51.598321173548, -0.100849714820567 51.5994806616625, -0.0974605165649003 51.6085222467739, -0.0855997227370935 51.6084707151938, -0.0869812441813465 51.6032840893227, -0.0798505592492554 51.603008302835, -0.0794767978392264 51.5981885817776))"
E05013605,6608,55.8381774581549,55.8381774581549,55.8381774581549,66.65727763372254,80.76019971130034,80.76019971130034,80.76019971130034,80.76019971130034,13.552458366280282,13.552458366280282,13.552458366280282,13.552458366280282,13.552458366280282,39.35425410208313,39.35425410208313,39.35425410208313,39.35425410208313,39.35425410208313,39.35425410208313,39.35425410208313,0,0,0,0,0,0,0,0,0,Woodside,Haringey,"POLYGON ((-0.100849714820567 51.5994806616625, -0.118850898377196 51.5974956046655, -0.115623127779697 51.6084286353437, -0.114445122732012 51.6084034546589, -0.0974605165649003 51.6085222467739, -0.100849714820567 51.5994806616625))"
E05013606,5486,56.43489893655573,56.43489893655573,56.43489893655573,15.15285697354591,18.3588019016431,18.3588019016431,18.3588019016431,18.3588019016431,9.00575074304744,9.00575074304744,9.00575074304744,9.00575074304744,9.00575074304744,9.00575074304744,9.00575074304744,9.00575074304744,9.00575074304744,9.00575074304744,9.00575074304744,9.00575074304744,0,0,0,0,0,0,0,0,0,Bedfont,Hounslow,"POLYGON ((-0.408722401913557 51.4678543137188, -0.415167880898285 51.462971412705, -0.410216965783226 51.4574028590006, -0.427445095107855 51.453938299456, -0.422019889607673 51.4511244452569, -0.425861930987562 51.4444944492849, -0.446289383144423 51.4399960108031, -0.456475094105894 51.4382245455337, -0.461319946211036 51.4523912619669, -0.458644591609625 51.4563100938075, -0.443983068180207 51.4532665064901, -0.441459057072773 51.4568075267236, -0.435040624466151 51.4568540873945, -0.433578066455412 51.4617390716493, -0.411133653872026 51.4698818701745, -0.408722401913557 51.4678543137188))"
E05013607,3963,167.37353706818303,167.37353706818303,167.37353706818303,22.902984311543943,27.748651799864568,27.748651799864568,27.748651799864568,27.748651799864568,47.53643237517969,47.53643237517969,47.53643237517969,47.53643237517969,47.53643237517969,24.95595174336192,24.95595174336192,24.95595174336192,24.95595174336192,24.95595174336192,24.95595174336192,24.95595174336192,0,0,0,0,0,0,0,0,0,Brentford East,Hounslow,"POLYGON ((-0.285975306407726 51.4927369176962, -0.292518111949495 51.4871801285466, -0.295419837580966 51.4860039770734, -0.298209322669302 51.4854151157441, -0.29941745719314 51.4857028664561, -0.305418585494166 51.4945386448224, -0.297531161645722 51.4948902422512, -0.293098503813423 51.4916994966736, -0.285975306407726 51.4927369176962))"
E05013608,3709,94.25460989521142,94.25460989521142,94.25460989521142,32.899003040940514,39.85956447979608,39.85956447979608,39.85956447979608,39.85956447979608,40.96870255152078,40.96870255152078,40.96870255152078,40.96870255152078,40.96870255152078,9.78762334110207,9.78762334110207,9.78762334110207,9.78762334110207,9.78762334110207,9.78762334110207,9.78762334110207,0,0,0,0,0,0,0,0,0,Brentford West,Hounslow,"POLYGON ((-0.305418585494166 51.4945386448224, -0.29941745719314 51.4857028664561, -0.306384622492221 51.4834797117621, -0.310347545495622 51.4874030504648, -0.314425335607249 51.4860255414666, -0.331238985849868 51.4955498825877, -0.327418838609958 51.4960289487835, -0.315766569298495 51.4959043308612, -0.311902608517679 51.4919702688959, -0.305418585494166 51.4945386448224))"
E05013609,6134,93.23336045610758,93.23336045610758,93.23336045610758,101.24053562528891,122.66036307250764,122.66036307250764,122.66036307250764,122.66036307250764,70.96133541289643,70.96133541289643,70.96133541289643,70.96133541289643,70.96133541289643,10.725870458767629,10.725870458767629,10.725870458767629,10.725870458767629,10.725870458767629,10.725870458767629,10.725870458767629,0,0,0,0,0,0,0,0,0,Chiswick Gunnersbury,Hounslow,"POLYGON ((-0.274217121396017 51.4972751300972, -0.26890043347817 51.4940118122259, -0.255409300744252 51.494978183816, -0.252614255904995 51.4872929586549, -0.259887791627009 51.4876147630373, -0.285975306407726 51.4927369176962, -0.293098503813423 51.4916994966736, -0.297531161645722 51.4948902422512, -0.300694022304746 51.4993447896964, -0.280760872438689 51.5028513880128, -0.274217121396017 51.4972751300972))"
E05013610,6251,11.144831299658485,11.144831299658485,11.144831299658485,13.376362927192195,16.206448564355306,16.206448564355306,16.206448564355306,16.206448564355306,9.00575074304744,9.00575074304744,9.00575074304744,9.00575074304744,9.00575074304744,9.00575074304744,9.00575074304744,9.00575074304744,9.00575074304744,9.00575074304744,9.00575074304744,9.00575074304744,0,0,0,0,0,0,0,0,0,Chiswick Homefields,Hounslow,"POLYGON ((-0.245269304499865 51.498385460009, -0.243587037964877 51.4888646811721, -0.244539277274199 51.4887029555487, -0.249710507181285 51.4856921187455, -0.255065830748371 51.472924263257, -0.255783084832855 51.4726169005125, -0.269154104837155 51.4735946537297, -0.273371229042023 51.4788616396846, -0.27493084453079 51.4808092010447, -0.267336390074468 51.481688073826, -0.259887791627009 51.4876147630373, -0.252614255904995 51.4872929586549, -0.255409300744252 51.494978183816, -0.253060864941531 51.5014009187711, -0.249211473717592 51.4969506546487, -0.245269304499865 51.498385460009))"
E05013611,4798,7.807828440939236,7.807828440939236,7.807828440939236,39.00504016483708,47.25747803216451,47.25747803216451,47.25747803216451,47.25747803216451,44.69041611826083,44.69041611826083,44.69041611826083,44.69041611826083,44.69041611826083,9.162125262658364,9.162125262658364,9.162125262658364,9.162125262658364,9.162125262658364,9.162125262658364,9.162125262658364,0,0,0,0,0,0,0,0,0,Chiswick Riverside,Hounslow,"MULTIPOLYGON (((-0.278095528809912 51.4822021567663, -0.277986808365265 51.4820651831361, -0.27834252133451 51.4823184385095, -0.278095528809912 51.4822021567663)), ((-0.259887791627009 51.4876147630373, -0.267336390074468 51.481688073826, -0.27493084453079 51.4808092010447, -0.277084648927052 51.4834984511509, -0.283824843454084 51.486221194219, -0.283968228521337 51.4863232551949, -0.284113622024457 51.4863378321891, -0.286871819688156 51.4874518056319, -0.28744754811658 51.4876843138781, -0.289886242416026 51.487171876334, -0.290706994661781 51.4869986720621, -0.292518111949495 51.4871801285466, -0.285975306407726 51.4927369176962, -0.259887791627009 51.4876147630373)))"
E05013612,5176,34.0134550124497,34.0134550124497,34.0134550124497,14.623316390495058,17.717224496135774,17.717224496135774,17.717224496135774,17.717224496135774,12.508539982332188,12.508539982332188,12.508539982332188,12.508539982332188,12.508539982332188,9.318499782269292,9.318499782269292,9.318499782269292,9.318499782269292,9.318499782269292,9.318499782269292,9.318499782269292,0,0,0,0,0,0,0,0,0,Cranford,Hounslow,"POLYGON ((-0.394176212728627 51.4751524490971, -0.392826242973432 51.4748594884352, -0.393102290814268 51.4612935427512, -0.40136363309948 51.4590233678402, -0.408722401913557 51.4678543137188, -0.411133653872026 51.4698818701745, -0.416808066400672 51.4808655133344, -0.411870081921723 51.492441508515, -0.403535618329948 51.4910570329052, -0.403444135677646 51.4850033471483, -0.407623420970847 51.4839956708608, -0.404156729905991 51.477743677493, -0.394176212728627 51.4751524490971))"
E05013613,4410,123.2012355707612,123.2012355707612,123.2012355707612,17.408629325958422,21.09183619513935,21.09183619513935,21.09183619513935,21.09183619513935,10.757145362689814,10.757145362689814,10.757145362689814,10.757145362689814,10.757145362689814,10.100372380323924,10.100372380323924,10.100372380323924,10.100372380323924,10.100372380323924,10.100372380323924,10.100372380323924,0,0,0,0,0,0,0,0,0,Feltham North,Hounslow,"POLYGON ((-0.40136363309948 51.4590233678402, -0.390346920537302 51.4512599818688, -0.409427934841905 51.4468669988631, -0.422019889607673 51.4511244452569, -0.427445095107855 51.453938299456, -0.410216965783226 51.4574028590006, -0.415167880898285 51.462971412705, -0.408722401913557 51.4678543137188, -0.40136363309948 51.4590233678402))"
E05013614,5851,68.90178379367407,68.90178379367407,68.90178379367407,37.70514488453928,45.68255919108185,45.68255919108185,45.68255919108185,45.68255919108185,9.66252372541333,9.66252372541333,9.66252372541333,9.66252372541333,9.66252372541333,9.474874301880218,9.474874301880218,9.474874301880218,9.474874301880218,9.474874301880218,9.474874301880218,9.474874301880218,0,0,0,0,0,0,0,0,0,Feltham West,Hounslow,"POLYGON ((-0.409427934841905 51.4468669988631, -0.42368046002269 51.4374775223124, -0.418002119722479 51.4329550334916, -0.418585780722532 51.4321118872156, -0.427831381608617 51.4292523695336, -0.439983256329709 51.4306264500758, -0.43975229281263 51.434619596659, -0.447716872453478 51.4350029824659, -0.446289383144423 51.4399960108031, -0.425861930987562 51.4444944492849, -0.422019889607673 51.4511244452569, -0.409427934841905 51.4468669988631))"
E05013615,4008,58.15444139287966,58.15444139287966,58.15444139287966,146.5937509091576,177.60912266634108,177.60912266634108,177.60912266634108,177.60912266634108,244.34940275749156,244.34940275749156,244.34940275749156,244.34940275749156,244.34940275749156,9.00575074304744,9.00575074304744,9.00575074304744,9.00575074304744,9.00575074304744,9.00575074304744,9.00575074304744,0,0,0,0,0,0,0,0,0,Hanworth Park,Hounslow,"POLYGON ((-0.389552813239897 51.4492444893538, -0.396734190589189 51.444198070551, -0.3898073522303 51.4405379119706, -0.394696678473608 51.4350355619892, -0.400260002051515 51.4354411744441, -0.398460396711551 51.4316790710953, -0.418002119722479 51.4329550334916, -0.42368046002269 51.4374775223124, -0.409427934841905 51.4468669988631, -0.390346920537302 51.4512599818688, -0.389552813239897 51.4492444893538))"
E05013616,5832,26.195018941889543,26.195018941889543,26.195018941889543,5.058699222931266,6.12898657170247,6.12898657170247,6.12898657170247,6.12898657170247,11.632842672511002,11.632842672511002,11.632842672511002,11.632842672511002,11.632842672511002,10.725870458767629,10.725870458767629,10.725870458767629,10.725870458767629,10.725870458767629,10.725870458767629,10.725870458767629,0,0,0,0,0,0,0,0,0,Hanworth Village,Hounslow,"POLYGON ((-0.367078699364153 51.4417132700475, -0.376141543060283 51.4355267046105, -0.376220246060479 51.4354850417533, -0.3883602829289 51.428053706297, -0.384921173992198 51.4212586669798, -0.39134197049661 51.4223261130517, -0.407775634811968 51.4235783906118, -0.418585780722532 51.4321118872156, -0.418002119722479 51.4329550334916, -0.398460396711551 51.4316790710953, -0.400260002051515 51.4354411744441, -0.394696678473608 51.4350355619892, -0.3898073522303 51.4405379119706, -0.396734190589189 51.444198070551, -0.389552813239897 51.4492444893538, -0.387671957727299 51.4493692634999, -0.378222807998155 51.4424912268383, -0.367078699364153 51.4417132700475))"
E05013617,4481,53.65439920016448,53.65439920016448,53.65439920016448,13.803253461520388,16.723657877892688,16.723657877892688,16.723657877892688,16.723657877892688,9.00575074304744,9.00575074304744,9.00575074304744,9.00575074304744,9.00575074304744,9.00575074304744,9.00575074304744,9.00575074304744,9.00575074304744,9.00575074304744,9.00575074304744,9.00575074304744,0,0,0,0,0,0,0,0,0,Heston Central,Hounslow,"POLYGON ((-0.373017575082361 51.471561205495, -0.377905414732468 51.4733935602585, -0.378706668929478 51.470375694711, -0.392826242973432 51.4748594884352, -0.394176212728627 51.4751524490971, -0.386210541188396 51.4836940875222, -0.381267283579134 51.4833290901545, -0.381131313485209 51.4882113261454, -0.376401042371749 51.4889669022565, -0.373058661280104 51.4850384895879, -0.373017575082361 51.471561205495))"
E05013618,3677,131.75538530753386,131.75538530753386,131.75538530753386,8.702687046428467,10.543946120279909,10.543946120279909,10.543946120279909,10.543946120279909,9.00575074304744,9.00575074304744,9.00575074304744,9.00575074304744,9.00575074304744,9.00575074304744,9.00575074304744,9.00575074304744,9.00575074304744,9.00575074304744,9.00575074304744,9.00575074304744,0,0,0,0,0,0,0,0,0,Heston East,Hounslow,"POLYGON ((-0.366953240574436 51.4927792638889, -0.363384103702927 51.4889851068884, -0.368378892904379 51.4830702046149, -0.360746759407082 51.4815132160147, -0.362208635308508 51.4792585556181, -0.35281068694446 51.4805728399977, -0.353429139659767 51.4761212191874, -0.360763818617195 51.4770598956503, -0.363228605729707 51.4781316215704, -0.367143714402665 51.4712418162767, -0.373017575082361 51.471561205495, -0.373058661280104 51.4850384895879, -0.376401042371749 51.4889669022565, -0.381131313485209 51.4882113261454, -0.381374281582777 51.492072900428, -0.374999570100581 51.494000301775, -0.371851247572024 51.4904707325442, -0.366953240574436 51.4927792638889))"
E05013619,4870,16.1730390641213,16.1730390641213,16.1730390641213,9.473188661965263,11.477465558180722,11.477465558180722,11.477465558180722,11.477465558180722,9.443599397958032,9.443599397958032,9.443599397958032,9.443599397958032,9.443599397958032,9.162125262658364,9.162125262658364,9.162125262658364,9.162125262658364,9.162125262658364,9.162125262658364,9.162125262658364,0,0,0,0,0,0,0,0,0,Heston West,Hounslow,"POLYGON ((-0.384545607588559 51.4946952530698, -0.377872129156763 51.4966052211069, -0.374999570100581 51.494000301775, -0.381374281582777 51.492072900428, -0.381131313485209 51.4882113261454, -0.381267283579134 51.4833290901545, -0.386210541188396 51.4836940875222, -0.394176212728627 51.4751524490971, -0.404156729905991 51.477743677493, -0.407623420970847 51.4839956708608, -0.403444135677646 51.4850033471483, -0.403535618329948 51.4910570329052, -0.411870081921723 51.492441508515, -0.406884732410765 51.4996945375717, -0.384545607588559 51.4946952530698))"
E05013620,3937,186.3859562200327,186.3859562200327,186.3859562200327,32.71228126068579,39.633337295021406,39.633337295021406,39.633337295021406,39.633337295021406,10.757145362689814,10.757145362689814,10.757145362689814,10.757145362689814,10.757145362689814,10.256746899934848,10.256746899934848,10.256746899934848,10.256746899934848,10.256746899934848,10.256746899934848,10.256746899934848,0,0,0,0,0,0,0,0,0,Hounslow Central,Hounslow,"POLYGON ((-0.360763818617195 51.4770598956503, -0.355026661736767 51.4705038403269, -0.359002900368079 51.4660057819501, -0.355138464613229 51.4654750633044, -0.362654289622778 51.4616629447921, -0.366062531189944 51.4680124328777, -0.367143714402665 51.4712418162767, -0.363228605729707 51.4781316215704, -0.360763818617195 51.4770598956503))"
E05013621,3316,207.9742984926432,207.9742984926432,207.9742984926432,50.49202229145224,61.1748026448374,61.1748026448374,61.1748026448374,61.1748026448374,31.55495647094302,31.55495647094302,31.55495647094302,31.55495647094302,31.55495647094302,9.00575074304744,9.00575074304744,9.00575074304744,9.00575074304744,9.00575074304744,9.00575074304744,9.00575074304744,0,0,0,0,0,0,0,0,0,Hounslow East,Hounslow,"POLYGON ((-0.353429139659767 51.4761212191874, -0.346720070369365 51.4760138797636, -0.347766102338018 51.4739079334631, -0.341919006380834 51.4721839979214, -0.355138464613229 51.4654750633044, -0.359002900368079 51.4660057819501, -0.355026661736767 51.4705038403269, -0.360763818617195 51.4770598956503, -0.353429139659767 51.4761212191874))"
E05013622,5299,127.93675491352386,127.93675491352386,127.93675491352386,49.65438997557037,60.1599494207532,60.1599494207532,60.1599494207532,60.1599494207532,9.00575074304744,9.00575074304744,9.00575074304744,9.00575074304744,9.00575074304744,9.00575074304744,9.00575074304744,9.00575074304744,9.00575074304744,9.00575074304744,9.00575074304744,9.00575074304744,0,0,0,0,0,0,0,0,0,Hounslow Heath,Hounslow,"POLYGON ((-0.362654289622778 51.4616629447921, -0.369567298725676 51.4569679270368, -0.387671957727299 51.4493692634999, -0.389552813239897 51.4492444893538, -0.390346920537302 51.4512599818688, -0.40136363309948 51.4590233678402, -0.393102290814268 51.4612935427512, -0.366062531189944 51.4680124328777, -0.362654289622778 51.4616629447921))"
E05013623,4959,18.546914090689427,18.546914090689427,18.546914090689427,22.441260321242673,27.189239189689737,27.189239189689737,27.189239189689737,27.189239189689737,9.00575074304744,9.00575074304744,9.00575074304744,9.00575074304744,9.00575074304744,9.00575074304744,9.00575074304744,9.00575074304744,9.00575074304744,9.00575074304744,9.00575074304744,9.00575074304744,0,0,0,0,0,0,0,0,0,Hounslow South,Hounslow,"POLYGON ((-0.341702041927378 51.459021326517, -0.342657978796241 51.4581068267004, -0.369567298725676 51.4569679270368, -0.362654289622778 51.4616629447921, -0.355138464613229 51.4654750633044, -0.341919006380834 51.4721839979214, -0.338314457613884 51.4740477198703, -0.33523013823874 51.4659852423083, -0.341165146465114 51.4661998225586, -0.341702041927378 51.459021326517))"
E05013624,5137,84.60286954563406,84.60286954563406,84.60286954563406,126.29802312076818,153.01935411198767,153.01935411198767,153.01935411198767,153.01935411198767,52.790616234106814,52.790616234106814,52.790616234106814,52.790616234106814,52.790616234106814,9.00575074304744,9.00575074304744,9.00575074304744,9.00575074304744,9.00575074304744,9.00575074304744,9.00575074304744,0,0,0,0,0,0,0,0,0,Hounslow West,Hounslow,"POLYGON ((-0.373017575082361 51.471561205495, -0.367143714402665 51.4712418162767, -0.366062531189944 51.4680124328777, -0.393102290814268 51.4612935427512, -0.392826242973432 51.4748594884352, -0.378706668929478 51.470375694711, -0.377905414732468 51.4733935602585, -0.373017575082361 51.471561205495))"
E05013625,5680,54.85509316035409,54.85509316035409,54.85509316035409,25.905320392926612,31.38620301918169,31.38620301918169,31.38620301918169,31.38620301918169,9.443599397958032,9.443599397958032,9.443599397958032,9.443599397958032,9.443599397958032,9.318499782269292,9.318499782269292,9.318499782269292,9.318499782269292,9.318499782269292,9.318499782269292,9.318499782269292,0,0,0,0,0,0,0,0,0,Isleworth,Hounslow,"POLYGON ((-0.319130915442988 51.471475517422, -0.320219875927036 51.468880425183, -0.321712316644831 51.4654065967685, -0.321386133831888 51.4651686731652, -0.325383967732106 51.4636246946027, -0.32702552748154 51.4569989960641, -0.336961686652331 51.4546306123898, -0.341702041927378 51.459021326517, -0.341165146465114 51.4661998225586, -0.33523013823874 51.4659852423083, -0.338314457613884 51.4740477198703, -0.336223980021043 51.4752408787896, -0.326667146247094 51.4741958213361, -0.323722508925794 51.4711120145325, -0.32197467546406 51.4743705543514, -0.319130915442988 51.471475517422))"
E05013626,5536,40.80331550347447,40.80331550347447,40.80331550347447,155.76364307578098,188.71912218922793,188.71912218922793,188.71912218922793,188.71912218922793,54.32308652629389,54.32308652629389,54.32308652629389,54.32308652629389,54.32308652629389,9.00575074304744,9.00575074304744,9.00575074304744,9.00575074304744,9.00575074304744,9.00575074304744,9.00575074304744,0,0,0,0,0,0,0,0,0,Osterley & Spring Grove,Hounslow,"POLYGON ((-0.335340314281088 51.4962121296072, -0.331238985849868 51.4955498825877, -0.314425335607249 51.4860255414666, -0.336223980021043 51.4752408787896, -0.338314457613884 51.4740477198703, -0.341919006380834 51.4721839979214, -0.347766102338018 51.4739079334631, -0.346720070369365 51.4760138797636, -0.353429139659767 51.4761212191874, -0.35281068694446 51.4805728399977, -0.362208635308508 51.4792585556181, -0.360746759407082 51.4815132160147, -0.368378892904379 51.4830702046149, -0.363384103702927 51.4889851068884, -0.366953240574436 51.4927792638889, -0.350678556200085 51.4991088872718, -0.335340314281088 51.4962121296072))"
E05013627,5623,231.5977515470044,231.5977515470044,231.5977515470044,41.44190431674643,50.20991837422167,50.20991837422167,50.20991837422167,50.20991837422167,16.01132922161694,16.01132922161694,16.01132922161694,16.01132922161694,16.01132922161694,9.00575074304744,9.00575074304744,9.00575074304744,9.00575074304744,9.00575074304744,9.00575074304744,9.00575074304744,0,0,0,0,0,0,0,0,0,Syon & Brentford Lock,Hounslow,"POLYGON ((-0.29941745719314 51.4857028664561, -0.298209322669302 51.4854151157441, -0.298964454878668 51.4852556927855, -0.299091593713872 51.4851125630978, -0.30431061260375 51.4792360883207, -0.308449292001495 51.4756715930869, -0.319130915442988 51.471475517422, -0.32197467546406 51.4743705543514, -0.323722508925794 51.4711120145325, -0.326667146247094 51.4741958213361, -0.336223980021043 51.4752408787896, -0.314425335607249 51.4860255414666, -0.310347545495622 51.4874030504648, -0.306384622492221 51.4834797117621, -0.29941745719314 51.4857028664561))"
E05013628,7362,27.842566071290612,27.842566071290612,27.842566071290612,87.98713660301884,106.6028943325814,106.6028943325814,106.6028943325814,106.6028943325814,15.224362605120437,15.224362605120437,15.224362605120437,15.224362605120437,15.224362605120437,14.536314718832362,14.536314718832362,14.536314718832362,14.536314718832362,14.536314718832362,14.536314718832362,14.536314718832362,0,0,0,0,0,0,0,0,0,Barnet Vale,Barnet,"POLYGON ((-0.175559509831424 51.6605774433406, -0.167284209895442 51.6388725850601, -0.179771614382814 51.634276043843, -0.184082164402897 51.6399865238328, -0.189857768138636 51.6409003190311, -0.190309096405635 51.6477321500376, -0.196221605484365 51.6509023744323, -0.189793916734231 51.6544184533768, -0.188530140587778 51.6591591270148, -0.192864425625892 51.6613957900641, -0.185429286574437 51.6635330272543, -0.175559509831424 51.6605774433406))"
E05013629,6122,15.918430421264636,15.918430421264636,15.918430421264636,110.35635166477896,133.70484538584236,133.70484538584236,133.70484538584236,133.70484538584236,126.8757696073218,126.8757696073218,126.8757696073218,126.8757696073218,126.8757696073218,51.28432682740006,51.28432682740006,51.28432682740006,51.28432682740006,51.28432682740006,51.28432682740006,51.28432682740006,0,0,0,0,0,0,0,0,0,Brunswick Park,Barnet,"POLYGON ((-0.138409524657595 51.6365160726786, -0.129121091209286 51.6322690372456, -0.132461611431331 51.6272055463987, -0.142033433838137 51.6162803140032, -0.144510483515812 51.6154872034944, -0.156251532196849 51.6275119305399, -0.162200187140277 51.6335780514607, -0.159350538208486 51.6322628818758, -0.142293114581278 51.6393160496941, -0.138409524657595 51.6365160726786))"
E05013630,7643,38.28450926304044,38.28450926304044,38.28450926304044,37.09620781853944,44.94478710065851,44.94478710065851,44.94478710065851,44.94478710065851,77.83672025733534,77.83672025733534,77.83672025733534,77.83672025733534,77.83672025733534,21.41679358171312,21.41679358171312,21.41679358171312,21.41679358171312,21.41679358171312,21.41679358171312,21.41679358171312,0,0,0,0,0,0,0,0,0,Burnt Oak,Barnet,"POLYGON ((-0.244586176212247 51.6082762022373, -0.255191031563277 51.5999540534918, -0.252917622994498 51.5977243131579, -0.259767123818132 51.5941954575204, -0.262338449373488 51.5963449794455, -0.267131470058722 51.6003730690269, -0.278326221658545 51.6097999483419, -0.247718155913361 51.6115604336652, -0.244586176212247 51.6082762022373))"
E05013631,8588,42.56658624384546,42.56658624384546,42.56658624384546,23.62418326678026,28.622437434743237,28.622437434743237,28.622437434743237,28.622437434743237,15.443286932575734,15.443286932575734,15.443286932575734,15.443286932575734,15.443286932575734,14.849063758054214,14.849063758054214,14.849063758054214,14.849063758054214,14.849063758054214,14.849063758054214,14.849063758054214,0,0,0,0,0,0,0,0,0,Childs Hill,Barnet,"POLYGON ((-0.195559059434635 51.5764540981839, -0.182108655035085 51.5687238900824, -0.190319900324105 51.5628524902228, -0.1967928195342 51.5591859494606, -0.199385017692441 51.5561952331522, -0.205967506046487 51.556418404815, -0.21492805731184 51.5629316935962, -0.206676628914221 51.5670807027515, -0.21080490243442 51.5719671449934, -0.202262973518793 51.5775755093979, -0.195559059434635 51.5764540981839))"
E05013632,4633,124.10939851022768,124.10939851022768,124.10939851022768,74.33314168799657,90.06007417341529,90.06007417341529,90.06007417341529,90.06007417341529,14.129740967843953,14.129740967843953,14.129740967843953,14.129740967843953,14.129740967843953,14.06719115999958,14.06719115999958,14.06719115999958,14.06719115999958,14.06719115999958,14.06719115999958,14.06719115999958,0,0,0,0,0,0,0,0,0,Colindale North,Barnet,"POLYGON ((-0.238458146760112 51.601727261466, -0.236391750556045 51.5959987946539, -0.249718376119829 51.5952720564662, -0.252917622994498 51.5977243131579, -0.255191031563277 51.5999540534918, -0.244586176212247 51.6082762022373, -0.238458146760112 51.601727261466))"
E05013633,7996,264.4234221433984,264.4234221433984,264.4234221433984,205.15787457044175,248.56387045534808,248.56387045534808,248.56387045534808,248.56387045534808,70.39329312385526,70.39329312385526,70.39329312385526,70.39329312385526,70.39329312385526,19.540299346382007,19.540299346382007,19.540299346382007,19.540299346382007,19.540299346382007,19.540299346382007,19.540299346382007,0,0,0,0,0,0,0,0,0,Colindale South,Barnet,"POLYGON ((-0.236391750556045 51.5959987946539, -0.238410238926358 51.5880573965505, -0.239487425540456 51.5842533511249, -0.243160638151963 51.5837269917291, -0.245113502629523 51.5870642712743, -0.249489440729929 51.5855746189987, -0.259767123818132 51.5941954575204, -0.252917622994498 51.5977243131579, -0.249718376119829 51.5952720564662, -0.236391750556045 51.5959987946539))"
E05013634,4155,247.81565001769485,247.81565001769485,247.81565001769485,818.5578960499925,991.7431600419144,991.7431600419144,991.7431600419144,991.7431600419144,386.0821733143933,386.0821733143933,386.0821733143933,386.0821733143933,386.0821733143933,128.53333951519764,128.53333951519764,128.53333951519764,128.53333951519764,128.53333951519764,128.53333951519764,128.53333951519764,0,0,0,0,0,0,0,0,0,Cricklewood,Barnet,"POLYGON ((-0.21080490243442 51.5719671449934, -0.206676628914221 51.5670807027515, -0.21492805731184 51.5629316935962, -0.205967506046487 51.556418404815, -0.213476554588311 51.555188542315, -0.220632876744405 51.5616707747097, -0.232225691146582 51.5709688919372, -0.218353173916773 51.5767978982275, -0.21080490243442 51.5719671449934))"
E05013635,7165,88.8273604225474,88.8273604225474,88.8273604225474,43.551003401761214,52.765247204971025,52.765247204971025,52.765247204971025,52.765247204971025,63.606638972741045,63.606638972741045,63.606638972741045,63.606638972741045,63.606638972741045,14.536314718832362,14.536314718832362,14.536314718832362,14.536314718832362,14.536314718832362,14.536314718832362,14.536314718832362,0,0,0,0,0,0,0,0,0,East Barnet,Barnet,"POLYGON ((-0.142293114581278 51.6393160496941, -0.159350538208486 51.6322628818758, -0.162200187140277 51.6335780514607, -0.167284209895442 51.6388725850601, -0.175559509831424 51.6605774433406, -0.154761728709057 51.6555335830556, -0.149893583589641 51.6487952911382, -0.152142114336191 51.6458254968023, -0.142293114581278 51.6393160496941))"
E05013636,7162,11.992291006411776,11.992291006411776,11.992291006411776,27.40349204498285,33.201348283390004,33.201348283390004,33.201348283390004,33.201348283390004,16.100059914941625,16.100059914941625,16.100059914941625,16.100059914941625,16.100059914941625,15.318187316886991,15.318187316886991,15.318187316886991,15.318187316886991,15.318187316886991,15.318187316886991,15.318187316886991,0,0,0,0,0,0,0,0,0,East Finchley,Barnet,"POLYGON ((-0.156296125347311 51.6053698665318, -0.161761102286481 51.5974788597696, -0.157158754391415 51.5862030538117, -0.161321501018199 51.5852781759238, -0.16803129405158 51.5894198631432, -0.168817634875351 51.5871628908477, -0.180549209985228 51.5880309316885, -0.179134839270312 51.591875076916, -0.184562333372765 51.5944052703879, -0.181299867702721 51.5961461151144, -0.173453365076942 51.6013553898248, -0.162563004517594 51.6054887738057, -0.156296125347311 51.6053698665318))"
E05013637,7556,70.90866955686377,70.90866955686377,70.90866955686377,108.0548889417788,130.91645384427758,130.91645384427758,130.91645384427758,130.91645384427758,40.400660262479576,40.400660262479576,40.400660262479576,40.400660262479576,40.400660262479576,70.20564370032213,70.20564370032213,70.20564370032213,70.20564370032213,70.20564370032213,70.20564370032213,70.20564370032213,0,0,0,0,0,0,0,0,0,Edgware,Barnet,"POLYGON ((-0.302620968997866 51.6362076906198, -0.287780800022441 51.62389309297, -0.257343658039173 51.6214791835338, -0.247718155913361 51.6115604336652, -0.278326221658545 51.6097999483419, -0.281010331619986 51.6122780749484, -0.292635804198132 51.6217454935685, -0.304460768242916 51.6320337627611, -0.304455276938232 51.6363500485845, -0.302620968997866 51.6362076906198))"
E05013638,4087,40.66475103912458,40.66475103912458,40.66475103912458,8.331560850514498,10.094299408561453,10.094299408561453,10.094299408561453,10.094299408561453,15.881135587486328,15.881135587486328,15.881135587486328,15.881135587486328,15.881135587486328,14.849063758054214,14.849063758054214,14.849063758054214,14.849063758054214,14.849063758054214,14.849063758054214,14.849063758054214,0,0,0,0,0,0,0,0,0,Edgwarebury,Barnet,"POLYGON ((-0.257354301474541 51.6418396413203, -0.251761842395246 51.6374172679859, -0.237251486700483 51.6373341625739, -0.236008723492922 51.6304076297837, -0.257343658039173 51.6214791835338, -0.287780800022441 51.62389309297, -0.302620968997866 51.6362076906198, -0.273713530385737 51.6386739655432, -0.27312203907596 51.6411939601688, -0.263272164999239 51.6448334996265, -0.257354301474541 51.6418396413203))"
E05013639,8044,25.89787135832413,25.89787135832413,25.89787135832413,23.674944720356667,28.68393867322755,28.68393867322755,28.68393867322755,28.68393867322755,15.224362605120438,15.224362605120438,15.224362605120438,15.224362605120438,15.224362605120438,22.980538777822385,22.980538777822385,22.980538777822385,22.980538777822385,22.980538777822385,22.980538777822385,22.980538777822385,0,0,0,0,0,0,0,0,0,Finchley Church End,Barnet,"POLYGON ((-0.181299867702721 51.5961461151144, -0.184562333372765 51.5944052703879, -0.199793702167016 51.5897786450202, -0.205078325997086 51.5888213409758, -0.225606160118026 51.5989475636173, -0.214790034261062 51.5974842242354, -0.207625698491584 51.6049791305527, -0.202106031312481 51.60508592905, -0.197719365724262 51.6091965251298, -0.192086306868389 51.6056708794539, -0.193585617770367 51.6013778822789, -0.181299867702721 51.5961461151144))"
E05013640,7946,10.786307032134482,10.786307032134482,10.786307032134482,19.812430878153187,24.004218763301267,24.004218763301267,24.004218763301267,24.004218763301267,103.66979089706037,103.66979089706037,103.66979089706037,103.66979089706037,103.66979089706037,15.161812797276069,15.161812797276069,15.161812797276069,15.161812797276069,15.161812797276069,15.161812797276069,15.161812797276069,0,0,0,0,0,0,0,0,0,Friern Barnet,Barnet,"POLYGON ((-0.144510483515812 51.6154872034944, -0.13876012089654 51.610194942666, -0.143425252491465 51.6088489742021, -0.144469452461756 51.6001287754514, -0.151354654288673 51.5974507811202, -0.156296125347311 51.6053698665318, -0.162563004517594 51.6054887738057, -0.158569885989409 51.6128814564496, -0.160751117963879 51.6198837769124, -0.156251532196849 51.6275119305399, -0.144510483515812 51.6154872034944))"
E05013641,5202,20.574939639009884,20.574939639009884,20.574939639009884,9.877739202092208,11.967608323888836,11.967608323888836,11.967608323888836,11.967608323888836,16.756832897307515,16.756832897307515,16.756832897307515,16.756832897307515,16.756832897307515,15.630936356108846,15.630936356108846,15.630936356108846,15.630936356108846,15.630936356108846,15.630936356108846,15.630936356108846,0,0,0,0,0,0,0,0,0,Garden Suburb,Barnet,"POLYGON ((-0.161321501018199 51.5852781759238, -0.163075965247494 51.5843790403926, -0.171259811936078 51.5724322033182, -0.173435927702792 51.5711019804725, -0.182108655035085 51.5687238900824, -0.195559059434635 51.5764540981839, -0.192459923021285 51.5780309597579, -0.19886410607717 51.5819837256797, -0.199793702167016 51.5897786450202, -0.184562333372765 51.5944052703879, -0.179134839270312 51.591875076916, -0.180549209985228 51.5880309316885, -0.168817634875351 51.5871628908477, -0.16803129405158 51.5894198631432, -0.161321501018199 51.5852781759238))"
E05013642,5354,16.90013340706065,16.90013340706065,16.90013340706065,20.645438637439465,25.013468996571945,25.013468996571945,25.013468996571945,25.013468996571945,14.567589622754546,14.567589622754546,14.567589622754546,14.567589622754546,14.567589622754546,14.223565679610507,14.223565679610507,14.223565679610507,14.223565679610507,14.223565679610507,14.223565679610507,14.223565679610507,0,0,0,0,0,0,0,0,0,Golders Green,Barnet,"POLYGON ((-0.195559059434635 51.5764540981839, -0.202262973518793 51.5775755093979, -0.21080490243442 51.5719671449934, -0.218353173916773 51.5767978982275, -0.205078325997086 51.5888213409758, -0.199793702167016 51.5897786450202, -0.19886410607717 51.5819837256797, -0.192459923021285 51.5780309597579, -0.195559059434635 51.5764540981839))"
E05013643,8809,20.79904255855866,20.79904255855866,20.79904255855866,65.2584452803385,79.06541132161112,79.06541132161112,79.06541132161112,79.06541132161112,48.50086037832556,48.50086037832556,48.50086037832556,48.50086037832556,48.50086037832556,17.507430591439963,17.507430591439963,17.507430591439963,17.507430591439963,17.507430591439963,17.507430591439963,17.507430591439963,0,0,0,0,0,0,0,0,0,Hendon,Barnet,"POLYGON ((-0.225606160118026 51.5989475636173, -0.205078325997086 51.5888213409758, -0.218353173916773 51.5767978982275, -0.238410238926358 51.5880573965505, -0.236391750556045 51.5959987946539, -0.238458146760112 51.601727261466, -0.225606160118026 51.5989475636173))"
E05013644,4970,26.440744096957975,26.440744096957975,26.440744096957975,13.30417076966292,16.118982450127074,16.118982450127074,16.118982450127074,16.118982450127074,25.0759573406088,25.0759573406088,25.0759573406088,25.0759573406088,25.0759573406088,17.97655415027274,17.97655415027274,17.97655415027274,17.97655415027274,17.97655415027274,17.97655415027274,17.97655415027274,0,0,0,0,0,0,0,0,0,High Barnet,Barnet,"POLYGON ((-0.182085377482676 51.6686040585302, -0.185429286574437 51.6635330272543, -0.192864425625892 51.6613957900641, -0.188530140587778 51.6591591270148, -0.189793916734231 51.6544184533768, -0.196221605484365 51.6509023744323, -0.213795289654364 51.6528643379394, -0.220103719535342 51.64330949587, -0.232711371583105 51.6403892827637, -0.235237950548223 51.6371328369093, -0.237251486700483 51.6373341625739, -0.251761842395246 51.6374172679859, -0.257354301474541 51.6418396413203, -0.251557001565979 51.6479525884127, -0.249348030054731 51.6560578127185, -0.228919311402986 51.659975810306, -0.226462691430813 51.6571618666928, -0.207863695984533 51.6628611807608, -0.211133866333014 51.6669549343179, -0.199871677333062 51.6701702737025, -0.191066699325158 51.6638967062225, -0.182085377482676 51.6686040585302))"
E05013645,7315,175.77315843109994,175.77315843109994,175.77315843109994,20.69725781210655,25.07625174203575,25.07625174203575,25.07625174203575,25.07625174203575,20.04069780913697,20.04069780913697,20.04069780913697,20.04069780913697,20.04069780913697,20.791295503269417,20.791295503269417,20.791295503269417,20.791295503269417,20.791295503269417,20.791295503269417,20.791295503269417,0,0,0,0,0,0,0,0,0,Mill Hill,Barnet,"POLYGON ((-0.202106031312481 51.60508592905, -0.207625698491584 51.6049791305527, -0.214790034261062 51.5974842242354, -0.225606160118026 51.5989475636173, -0.238458146760112 51.601727261466, -0.244586176212247 51.6082762022373, -0.247718155913361 51.6115604336652, -0.257343658039173 51.6214791835338, -0.236008723492922 51.6304076297837, -0.23105174880155 51.6252663103687, -0.199588383700054 51.6232973333232, -0.199248499507161 51.6201013878734, -0.212744741754776 51.6195471889602, -0.216152593879131 51.6152533916308, -0.202106031312481 51.60508592905))"
E05013646,5835,225.6645120495906,225.6645120495906,225.6645120495906,21.129974582435523,25.60051996946359,25.60051996946359,25.60051996946359,25.60051996946359,15.443286932575734,15.443286932575734,15.443286932575734,15.443286932575734,15.443286932575734,15.00543827766514,15.00543827766514,15.00543827766514,15.00543827766514,15.00543827766514,15.00543827766514,15.00543827766514,0,0,0,0,0,0,0,0,0,Totteridge & Woodside,Barnet,"POLYGON ((-0.189857768138636 51.6409003190311, -0.184082164402897 51.6399865238328, -0.179771614382814 51.634276043843, -0.182588492345011 51.623220939374, -0.178307217428221 51.6231949311656, -0.180155183212041 51.6166619494467, -0.197719365724262 51.6091965251298, -0.202106031312481 51.60508592905, -0.216152593879131 51.6152533916308, -0.212744741754776 51.6195471889602, -0.199248499507161 51.6201013878734, -0.199588383700054 51.6232973333232, -0.23105174880155 51.6252663103687, -0.236008723492922 51.6304076297837, -0.237251486700483 51.6373341625739, -0.235237950548223 51.6371328369093, -0.222372298039917 51.63771152596, -0.215010840059667 51.641365517197, -0.189857768138636 51.6409003190311))"
E05013647,4967,12.618780695580734,12.618780695580734,12.618780695580734,37.00943967856746,44.83966111049701,44.83966111049701,44.83966111049701,44.83966111049701,40.18173593502428,40.18173593502428,40.18173593502428,40.18173593502428,40.18173593502428,14.223565679610507,14.223565679610507,14.223565679610507,14.223565679610507,14.223565679610507,14.223565679610507,14.223565679610507,0,0,0,0,0,0,0,0,0,Underhill,Barnet,"POLYGON ((-0.196221605484365 51.6509023744323, -0.190309096405635 51.6477321500376, -0.189857768138636 51.6409003190311, -0.215010840059667 51.641365517197, -0.222372298039917 51.63771152596, -0.235237950548223 51.6371328369093, -0.232711371583105 51.6403892827637, -0.220103719535342 51.64330949587, -0.213795289654364 51.6528643379394, -0.196221605484365 51.6509023744323))"
E05013648,8163,28.187392753652546,28.187392753652546,28.187392753652546,92.55697459484448,112.13958952880728,112.13958952880728,112.13958952880728,112.13958952880728,50.909027980333825,50.909027980333825,50.909027980333825,50.909027980333825,50.909027980333825,39.24348881735872,39.24348881735872,39.24348881735872,39.24348881735872,39.24348881735872,39.24348881735872,39.24348881735872,0,0,0,0,0,0,0,0,0,West Finchley,Barnet,"POLYGON ((-0.173453365076942 51.6013553898248, -0.181299867702721 51.5961461151144, -0.193585617770367 51.6013778822789, -0.192086306868389 51.6056708794539, -0.197719365724262 51.6091965251298, -0.180155183212041 51.6166619494467, -0.176771595854811 51.6164392888835, -0.173453365076942 51.6013553898248))"
E05013649,6836,125.13918226262884,125.13918226262884,125.13918226262884,142.96805581863677,173.21632611062628,173.21632611062628,173.21632611062628,173.21632611062628,30.330141199535923,30.330141199535923,30.330141199535923,30.330141199535923,30.330141199535923,15.787310875719772,15.787310875719772,15.787310875719772,15.787310875719772,15.787310875719772,15.787310875719772,15.787310875719772,0,0,0,0,0,0,0,0,0,West Hendon,Barnet,"POLYGON ((-0.218353173916773 51.5767978982275, -0.232225691146582 51.5709688919372, -0.244263853490763 51.5725672612509, -0.247000297052359 51.5686222543882, -0.253106306419443 51.5724409222569, -0.251712644278942 51.583384459652, -0.249489440729929 51.5855746189987, -0.245113502629523 51.5870642712743, -0.243160638151963 51.5837269917291, -0.239487425540456 51.5842533511249, -0.238410238926358 51.5880573965505, -0.218353173916773 51.5767978982275))"
E05013650,4543,46.14030241721186,46.14030241721186,46.14030241721186,123.50069707119796,149.63018764073917,149.63018764073917,149.63018764073917,149.63018764073917,48.50086037832556,48.50086037832556,48.50086037832556,48.50086037832556,48.50086037832556,13.910816640388656,13.910816640388656,13.910816640388656,13.910816640388656,13.910816640388656,13.910816640388656,13.910816640388656,0,0,0,0,0,0,0,0,0,Whetstone,Barnet,"POLYGON ((-0.162200187140277 51.6335780514607, -0.156251532196849 51.6275119305399, -0.160751117963879 51.6198837769124, -0.167275330175932 51.6189126980104, -0.174797202874475 51.6214559613808, -0.173776942870216 51.623784826347, -0.178307217428221 51.6231949311656, -0.182588492345011 51.623220939374, -0.179771614382814 51.634276043843, -0.167284209895442 51.6388725850601, -0.162200187140277 51.6335780514607))"
E05013651,5695,14.28251820337259,14.28251820337259,14.28251820337259,85.08332864597456,103.08471719035263,103.08471719035263,103.08471719035263,103.08471719035263,24.41918435824291,24.41918435824291,24.41918435824291,24.41918435824291,24.41918435824291,19.38392482677108,19.38392482677108,19.38392482677108,19.38392482677108,19.38392482677108,19.38392482677108,19.38392482677108,0,0,0,0,0,0,0,0,0,Woodhouse,Barnet,"POLYGON ((-0.160751117963879 51.6198837769124, -0.158569885989409 51.6128814564496, -0.162563004517594 51.6054887738057, -0.173453365076942 51.6013553898248, -0.176771595854811 51.6164392888835, -0.180155183212041 51.6166619494467, -0.178307217428221 51.6231949311656, -0.173776942870216 51.623784826347, -0.174797202874475 51.6214559613808, -0.167275330175932 51.6189126980104, -0.160751117963879 51.6198837769124))"
E05013652,7171,10.790398934833508,10.790398934833508,10.790398934833508,16.022763903989322,19.41275819759168,19.41275819759168,19.41275819759168,19.41275819759168,22.549205727895576,22.549205727895576,22.549205727895576,22.549205727895576,22.549205727895576,20.922910723941943,20.922910723941943,20.922910723941943,20.922910723941943,20.922910723941943,20.922910723941943,20.922910723941943,0,0,0,0,0,0,0,0,0,Belsize,Camden,"POLYGON ((-0.161736873857539 51.5486819230184, -0.161277839067888 51.5454653462211, -0.175081583707601 51.5435893305212, -0.179537192577749 51.5468907587462, -0.180252385666018 51.5476633337619, -0.179837603549235 51.5518338780722, -0.175901709895852 51.5523115985774, -0.167722998627606 51.5524833164824, -0.161736873857539 51.5486819230184))"
E05013653,6681,18.53444705033767,18.53444705033767,18.53444705033767,20.980743403369356,25.41971540839584,25.41971540839584,25.41971540839584,25.41971540839584,38.53068163213225,38.53068163213225,38.53068163213225,38.53068163213225,38.53068163213225,26.55239342993529,26.55239342993529,26.55239342993529,26.55239342993529,26.55239342993529,26.55239342993529,26.55239342993529,0,0,0,0,0,0,0,0,0,Bloomsbury,Camden,"POLYGON ((-0.121857906993595 51.5229924852766, -0.125012816025377 51.5221899869851, -0.120406704112241 51.5176218599194, -0.130352202259822 51.5164348803781, -0.143494259717961 51.5239642040091, -0.130817578076872 51.5273232624754, -0.126191722998352 51.5291205644903, -0.121857906993595 51.5229924852766))"
E05013654,3851,23.110724531040415,23.110724531040415,23.110724531040415,15.4509835704779,18.72000422436288,18.72000422436288,18.72000422436288,18.72000422436288,20.797811108253203,20.797811108253203,20.797811108253203,20.797811108253203,20.797811108253203,18.42091841016712,18.42091841016712,18.42091841016712,18.42091841016712,18.42091841016712,18.42091841016712,18.42091841016712,0,0,0,0,0,0,0,0,0,Camden Square,Camden,"POLYGON ((-0.126329931049997 51.545038324673, -0.125062587090604 51.5411433179081, -0.137561069942509 51.5408839576542, -0.138380743969641 51.5418178124098, -0.129106175158119 51.5488381413114, -0.126329931049997 51.545038324673))"
E05013655,3223,121.85357481809088,121.85357481809088,121.85357481809088,28.801108609699565,34.89466365559237,34.89466365559237,34.89466365559237,34.89466365559237,45.09841145579116,45.09841145579116,45.09841145579116,45.09841145579116,45.09841145579116,21.8611578416075,21.8611578416075,21.8611578416075,21.8611578416075,21.8611578416075,21.8611578416075,21.8611578416075,0,0,0,0,0,0,0,0,0,Camden Town,Camden,"POLYGON ((-0.138380743969641 51.5418178124098, -0.137561069942509 51.5408839576542, -0.137485538954274 51.5407934252287, -0.139936467352813 51.5375845845075, -0.14628240247291 51.5367646062807, -0.155008380868182 51.5428965450369, -0.147327675557463 51.5425006480096, -0.146424581113286 51.54546710166, -0.138380743969641 51.5418178124098))"
E05013656,5768,15.270937446657005,15.270937446657005,15.270937446657005,21.400441468767653,25.928210516255824,25.928210516255824,25.928210516255824,25.928210516255824,22.33028140044028,22.33028140044028,22.33028140044028,22.33028140044028,22.33028140044028,20.766536204331015,20.766536204331015,20.766536204331015,20.766536204331015,20.766536204331015,20.766536204331015,20.766536204331015,0,0,0,0,0,0,0,0,0,Fortune Green,Camden,"POLYGON ((-0.188746225722953 51.5529461479741, -0.198661837208795 51.5516221662494, -0.197796947667277 51.5480089618205, -0.203711511004685 51.5469596248513, -0.213476554588311 51.555188542315, -0.205967506046487 51.556418404815, -0.199385017692441 51.5561952331522, -0.1967928195342 51.5591859494606, -0.188746225722953 51.5529461479741))"
E05013657,3946,34.67367601493865,34.67367601493865,34.67367601493865,27.702939163852157,33.56415051566455,33.56415051566455,33.56415051566455,33.56415051566455,20.359962453342607,20.359962453342607,20.359962453342607,20.359962453342607,20.359962453342607,19.671914567054532,19.671914567054532,19.671914567054532,19.671914567054532,19.671914567054532,19.671914567054532,19.671914567054532,0,0,0,0,0,0,0,0,0,Frognal,Camden,"POLYGON ((-0.175901709895852 51.5523115985774, -0.179837603549235 51.5518338780722, -0.180252385666018 51.5476633337619, -0.188746225722953 51.5529461479741, -0.1967928195342 51.5591859494606, -0.190319900324105 51.5628524902228, -0.184467608627272 51.5621489928858, -0.175901709895852 51.5523115985774))"
E05013658,5704,34.33925113654484,34.33925113654484,34.33925113654484,19.89309013172648,24.101943387804205,24.101943387804205,24.101943387804205,24.101943387804205,25.17629765735914,25.17629765735914,25.17629765735914,25.17629765735914,25.17629765735914,47.35020453818849,47.35020453818849,47.35020453818849,47.35020453818849,47.35020453818849,47.35020453818849,47.35020453818849,0,0,0,0,0,0,0,0,0,Gospel Oak,Camden,"POLYGON ((-0.148247256623484 51.5532342316213, -0.147766415418032 51.5524673062212, -0.147187426561649 51.5487985259621, -0.156731270314568 51.5510105571294, -0.161736873857539 51.5486819230184, -0.167722998627606 51.5524833164824, -0.158558585505163 51.5561056480529, -0.148247256623484 51.5532342316213))"
E05013659,4340,11.258944252474736,11.258944252474736,11.258944252474736,14.416795737438768,17.467009519205842,17.467009519205842,17.467009519205842,17.467009519205842,19.48426514352142,19.48426514352142,19.48426514352142,19.48426514352142,19.48426514352142,25.61414631226973,25.61414631226973,25.61414631226973,25.61414631226973,25.61414631226973,25.61414631226973,25.61414631226973,0,0,0,0,0,0,0,0,0,Hampstead Town,Camden,"POLYGON ((-0.158558585505163 51.5561056480529, -0.167722998627606 51.5524833164824, -0.175901709895852 51.5523115985774, -0.184467608627272 51.5621489928858, -0.190319900324105 51.5628524902228, -0.182108655035085 51.5687238900824, -0.173435927702792 51.5711019804725, -0.158558585505163 51.5561056480529))"
E05013660,5635,22.075315053770854,22.075315053770854,22.075315053770854,16.918666862021393,20.49821059500568,20.49821059500568,20.49821059500568,20.49821059500568,22.33028140044028,22.33028140044028,22.33028140044028,22.33028140044028,22.33028140044028,21.079285243552867,21.079285243552867,21.079285243552867,21.079285243552867,21.079285243552867,21.079285243552867,21.079285243552867,0,0,0,0,0,0,0,0,0,Haverstock,Camden,"POLYGON ((-0.147187426561649 51.5487985259621, -0.146424581113286 51.54546710166, -0.147327675557463 51.5425006480096, -0.155008380868182 51.5428965450369, -0.161277839067888 51.5454653462211, -0.161736873857539 51.5486819230184, -0.156731270314568 51.5510105571294, -0.147187426561649 51.5487985259621))"
E05013661,4881,11.02364913534882,11.02364913534882,11.02364913534882,17.02549463505806,20.627640307580528,20.627640307580528,20.627640307580528,20.627640307580528,22.76813005535087,22.76813005535087,22.76813005535087,22.76813005535087,22.76813005535087,19.515540047443604,19.515540047443604,19.515540047443604,19.515540047443604,19.515540047443604,19.515540047443604,19.515540047443604,0,0,0,0,0,0,0,0,0,Highgate,Camden,"POLYGON ((-0.142389915041378 51.5691229084999, -0.139414037002799 51.5582441525867, -0.148247256623484 51.5532342316213, -0.158558585505163 51.5561056480529, -0.173435927702792 51.5711019804725, -0.171259811936078 51.5724322033182, -0.142389915041378 51.5691229084999))"
E05013662,6692,102.9323087862823,102.9323087862823,102.9323087862823,33.195363984026585,40.21862758287954,40.21862758287954,40.21862758287954,40.21862758287954,48.38227636762061,48.38227636762061,48.38227636762061,48.38227636762061,48.38227636762061,37.49860980270013,37.49860980270013,37.49860980270013,37.49860980270013,37.49860980270013,37.49860980270013,37.49860980270013,0,0,0,0,0,0,0,0,0,Holborn & Covent Garden,Camden,"POLYGON ((-0.105322049415006 51.518544582242, -0.113795291953892 51.5182593202663, -0.111581077794617 51.5153396471014, -0.129041448588674 51.5134527300329, -0.130352202259822 51.5164348803781, -0.120406704112241 51.5176218599194, -0.125012816025377 51.5221899869851, -0.121857906993595 51.5229924852766, -0.114227491789358 51.5255189133939, -0.105322049415006 51.518544582242))"
E05013663,3654,12.30029317179077,12.30029317179077,12.30029317179077,15.305265743082415,18.543456347526064,18.543456347526064,18.543456347526064,18.543456347526064,22.33028140044028,22.33028140044028,22.33028140044028,22.33028140044028,22.33028140044028,20.922910723941943,20.922910723941943,20.922910723941943,20.922910723941943,20.922910723941943,20.922910723941943,20.922910723941943,0,0,0,0,0,0,0,0,0,Kentish Town North,Camden,"POLYGON ((-0.138372221484241 51.5568664506386, -0.130691568284157 51.5506740014336, -0.147766415418032 51.5524673062212, -0.148247256623484 51.5532342316213, -0.139414037002799 51.5582441525867, -0.138372221484241 51.5568664506386))"
E05013664,4816,99.85015719424187,99.85015719424187,99.85015719424187,123.63775079252233,149.79623831514797,149.79623831514797,149.79623831514797,149.79623831514797,32.61972479083923,32.61972479083923,32.61972479083923,32.61972479083923,32.61972479083923,27.959764106433628,27.959764106433628,27.959764106433628,27.959764106433628,27.959764106433628,27.959764106433628,27.959764106433628,0,0,0,0,0,0,0,0,0,Kentish Town South,Camden,"POLYGON ((-0.130691568284157 51.5506740014336, -0.129106175158119 51.5488381413114, -0.138380743969641 51.5418178124098, -0.146424581113286 51.54546710166, -0.147187426561649 51.5487985259621, -0.147766415418032 51.5524673062212, -0.130691568284157 51.5506740014336))"
E05013665,6249,32.6406027084239,32.6406027084239,32.6406027084239,17.67362681544811,21.412900164954905,21.412900164954905,21.412900164954905,21.412900164954905,23.643827365172054,23.643827365172054,23.643827365172054,23.643827365172054,23.643827365172054,21.861157841607497,21.861157841607497,21.861157841607497,21.861157841607497,21.861157841607497,21.861157841607497,21.861157841607497,0,0,0,0,0,0,0,0,0,Kilburn,Camden,"POLYGON ((-0.201708327521894 51.5455521219594, -0.192457068145801 51.5445331442915, -0.19198018147515 51.541064137485, -0.178328139673015 51.539794984165, -0.188748581031736 51.5345256984123, -0.191458547220205 51.5362913453065, -0.201907715003858 51.5452888464907, -0.203441196980801 51.5467097865813, -0.201708327521894 51.5455521219594))"
E05013666,5374,184.06506622533203,184.06506622533203,184.06506622533203,49.441652630480185,59.90220246370012,59.90220246370012,59.90220246370012,59.90220246370012,43.56594116360407,43.56594116360407,43.56594116360407,43.56594116360407,43.56594116360407,19.359165527832676,19.359165527832676,19.359165527832676,19.359165527832676,19.359165527832676,19.359165527832676,19.359165527832676,0,0,0,0,0,0,0,0,0,King's Cross,Camden,"POLYGON ((-0.119870070991019 51.5309394886792, -0.114227491789358 51.5255189133939, -0.121857906993595 51.5229924852766, -0.126191722998352 51.5291205644903, -0.126333641155928 51.5346937907901, -0.137485538954274 51.5407934252287, -0.137561069942509 51.5408839576542, -0.125062587090604 51.5411433179081, -0.119870070991019 51.5309394886792))"
E05013667,6742,34.42799947602059,34.42799947602059,34.42799947602059,26.865988166315873,32.550122758920295,32.550122758920295,32.550122758920295,32.550122758920295,54.07430888145832,54.07430888145832,54.07430888145832,54.07430888145832,54.07430888145832,28.741636704488258,28.741636704488258,28.741636704488258,28.741636704488258,28.741636704488258,28.741636704488258,28.741636704488258,0,0,0,0,0,0,0,0,0,Primrose Hill,Camden,"POLYGON ((-0.155008380868182 51.5428965450369, -0.14628240247291 51.5367646062807, -0.152706883198073 51.5375212232938, -0.164935703520094 51.5357815053199, -0.173485635946981 51.5376342787527, -0.17576552433296 51.5396167268367, -0.175081583707601 51.5435893305212, -0.161277839067888 51.5454653462211, -0.155008380868182 51.5428965450369))"
E05013668,5932,10.894854089490671,10.894854089490671,10.894854089490671,18.316464533134507,22.19174539094183,22.19174539094183,22.19174539094183,22.19174539094183,708.4391236453407,708.4391236453407,708.4391236453407,708.4391236453407,708.4391236453407,173.2316928249842,173.2316928249842,173.2316928249842,173.2316928249842,173.2316928249842,173.2316928249842,173.2316928249842,0,0,0,0,0,0,0,0,0,Regent's Park,Camden,"POLYGON ((-0.130817578076872 51.5273232624754, -0.143494259717961 51.5239642040091, -0.14517318268498 51.5239960338076, -0.152706883198073 51.5375212232938, -0.14628240247291 51.5367646062807, -0.139936467352813 51.5375845845075, -0.135475202677153 51.5352432966138, -0.139048549204604 51.5317380117758, -0.130817578076872 51.5273232624754))"
E05013669,5383,75.91524825182032,75.91524825182032,75.91524825182032,87.14050001762162,105.57713177301082,105.57713177301082,105.57713177301082,105.57713177301082,29.554784206465076,29.554784206465076,29.554784206465076,29.554784206465076,29.554784206465076,26.239644390713437,26.239644390713437,26.239644390713437,26.239644390713437,26.239644390713437,26.239644390713437,26.239644390713437,0,0,0,0,0,0,0,0,0,St Pancras & Somers Town,Camden,"POLYGON ((-0.126191722998352 51.5291205644903, -0.130817578076872 51.5273232624754, -0.139048549204604 51.5317380117758, -0.135475202677153 51.5352432966138, -0.139936467352813 51.5375845845075, -0.137485538954274 51.5407934252287, -0.126333641155928 51.5346937907901, -0.126191722998352 51.5291205644903))"
E05013670,6223,11.076939273582482,11.076939273582482,11.076939273582482,16.547372467603815,20.048360098415944,20.048360098415944,20.048360098415944,20.048360098415944,22.549205727895576,22.549205727895576,22.549205727895576,22.549205727895576,22.549205727895576,20.922910723941943,20.922910723941943,20.922910723941943,20.922910723941943,20.922910723941943,20.922910723941943,20.922910723941943,0,0,0,0,0,0,0,0,0,South Hampstead,Camden,"POLYGON ((-0.175081583707601 51.5435893305212, -0.17576552433296 51.5396167268367, -0.178328139673015 51.539794984165, -0.19198018147515 51.541064137485, -0.192457068145801 51.5445331442915, -0.191115679340636 51.5467548962816, -0.179537192577749 51.5468907587462, -0.175081583707601 51.5435893305212))"
E05013671,5968,81.34413526327954,81.34413526327954,81.34413526327954,135.21608006938578,163.8242367260766,163.8242367260766,163.8242367260766,163.8242367260766,26.927692277001512,26.927692277001512,26.927692277001512,26.927692277001512,26.927692277001512,19.671914567054532,19.671914567054532,19.671914567054532,19.671914567054532,19.671914567054532,19.671914567054532,19.671914567054532,0,0,0,0,0,0,0,0,0,West Hampstead,Camden,"POLYGON ((-0.180252385666018 51.5476633337619, -0.179537192577749 51.5468907587462, -0.191115679340636 51.5467548962816, -0.192457068145801 51.5445331442915, -0.201708327521894 51.5455521219594, -0.203441196980801 51.5467097865813, -0.203522652826487 51.5467782832017, -0.203711511004685 51.5469596248513, -0.197796947667277 51.5480089618205, -0.198661837208795 51.5516221662494, -0.188746225722953 51.5529461479741, -0.180252385666018 51.5476633337619))"
E05013672,3083,17.54939983579738,17.54939983579738,17.54939983579738,22.68956720276751,27.490081259055778,27.490081259055778,27.490081259055778,27.490081259055778,11.340280162184378,11.340280162184378,11.340280162184378,11.340280162184378,11.340280162184378,10.6522322758963,10.6522322758963,10.6522322758963,10.6522322758963,10.6522322758963,10.6522322758963,10.6522322758963,0,0,0,0,0,0,0,0,0,Arnos Grove,Enfield,"POLYGON ((-0.113106629692744 51.6245049682568, -0.119781960873394 51.6234817309479, -0.123007882466367 51.6180521330827, -0.112317518854748 51.6162502586515, -0.11559340151726 51.6125637059876, -0.142033433838137 51.6162803140032, -0.132461611431331 51.6272055463987, -0.116985702567218 51.6270019317505, -0.113106629692744 51.6245049682568))"
E05013673,4114,7.386947461392498,7.386947461392498,7.386947461392498,11.215061914163153,13.58787325428059,13.58787325428059,13.58787325428059,13.58787325428059,11.99705314455027,11.99705314455027,11.99705314455027,11.99705314455027,11.99705314455027,10.964981315118155,10.964981315118155,10.964981315118155,10.964981315118155,10.964981315118155,10.964981315118155,10.964981315118155,0,0,0,0,0,0,0,0,0,Bowes,Enfield,"POLYGON ((-0.0855997227370935 51.6084707151938, -0.0974605165649003 51.6085222467739, -0.114445122732012 51.6084034546589, -0.113783531768616 51.6126266896458, -0.101389996036886 51.6145991631195, -0.0867622158106509 51.6159041315998, -0.0855997227370935 51.6084707151938))"
E05013674,5955,14.956496792112787,14.956496792112787,14.956496792112787,22.649288103642615,27.44128016478679,27.44128016478679,27.44128016478679,27.44128016478679,15.499842383835018,15.499842383835018,15.499842383835018,15.499842383835018,15.499842383835018,13.154224589671124,13.154224589671124,13.154224589671124,13.154224589671124,13.154224589671124,13.154224589671124,13.154224589671124,0,0,0,0,0,0,0,0,0,Brimsdown,Enfield,"POLYGON ((-0.0098314217297946 51.6617704482379, -0.0118372581969093 51.6488475117328, -0.0280384460294872 51.6501405128084, -0.0333865545747629 51.6473177150662, -0.0463240253608847 51.6494219526347, -0.0484279598383164 51.6543240329144, -0.0414719945287697 51.6682901656852, -0.0413745006263238 51.6684967287883, -0.0289651454888403 51.6680604270339, -0.0098314217297946 51.6617704482379))"
E05013675,4150,11.290414331392144,11.290414331392144,11.290414331392144,13.731790276198772,16.63707496716698,16.63707496716698,16.63707496716698,16.63707496716698,15.280918056379722,15.280918056379722,15.280918056379722,15.280918056379722,15.280918056379722,13.466973628892976,13.466973628892976,13.466973628892976,13.466973628892976,13.466973628892976,13.466973628892976,13.466973628892976,0,0,0,0,0,0,0,0,0,Bullsmoor,Enfield,"POLYGON ((-0.033399956934476 51.6824948872414, -0.0413745006263238 51.6684967287883, -0.0414719945287697 51.6682901656852, -0.0551040162984584 51.6689915548894, -0.0489204290987119 51.6840471822187, -0.033399956934476 51.6824948872414))"
E05013676,5100,18.95980853393698,18.95980853393698,18.95980853393698,16.973920096154764,20.565153956356653,20.565153956356653,20.565153956356653,20.565153956356653,8.932112560176112,8.932112560176112,8.932112560176112,8.932112560176112,8.932112560176112,8.932112560176112,8.932112560176112,8.932112560176112,8.932112560176112,8.932112560176112,8.932112560176112,8.932112560176112,0,0,0,0,0,0,0,0,0,Bush Hill Park,Enfield,"POLYGON ((-0.0660016972002132 51.6376127115587, -0.0804051814852411 51.626537676855, -0.0944121931925633 51.6313653614978, -0.0933923920427155 51.6329623005189, -0.0806428105829786 51.6438929323988, -0.0758731420018098 51.6437618022008, -0.0796435504245742 51.6472899511142, -0.0766917020361713 51.6501677788756, -0.0660016972002132 51.6376127115587))"
E05013677,4256,6.972525877351776,6.972525877351776,6.972525877351776,16.138486618875756,19.552964787136435,19.552964787136435,19.552964787136435,19.552964787136435,12.65382612691616,12.65382612691616,12.65382612691616,12.65382612691616,12.65382612691616,10.964981315118155,10.964981315118155,10.964981315118155,10.964981315118155,10.964981315118155,10.964981315118155,10.964981315118155,0,0,0,0,0,0,0,0,0,Carterhatch,Enfield,"POLYGON ((-0.0414719945287697 51.6682901656852, -0.0484279598383164 51.6543240329144, -0.0463240253608847 51.6494219526347, -0.0601321313359994 51.6494360138808, -0.0567330742057627 51.6650137120723, -0.0551040162984584 51.6689915548894, -0.0414719945287697 51.6682901656852))"
E05013678,4368,80.44706527739211,80.44706527739211,80.44706527739211,20.844126215739248,25.25419362669886,25.25419362669886,25.25419362669886,25.25419362669886,8.932112560176112,8.932112560176112,8.932112560176112,8.932112560176112,8.932112560176112,8.932112560176112,8.932112560176112,8.932112560176112,8.932112560176112,8.932112560176112,8.932112560176112,8.932112560176112,0,0,0,0,0,0,0,0,0,Cockfosters,Enfield,"POLYGON ((-0.125081081626606 51.6515036711657, -0.135293679920796 51.6468768195686, -0.133000152949217 51.6418953303842, -0.138936689363391 51.6411824926498, -0.138409524657595 51.6365160726786, -0.142293114581278 51.6393160496941, -0.152142114336191 51.6458254968023, -0.149893583589641 51.6487952911382, -0.154761728709057 51.6555335830556, -0.175559509831424 51.6605774433406, -0.185429286574437 51.6635330272543, -0.182085377482676 51.6686040585302, -0.176385932804326 51.6726449807618, -0.172473161628764 51.6730913561043, -0.163503164635797 51.6859169983437, -0.148883616575176 51.6809614478806, -0.152434905840896 51.6668802938135, -0.138422314847664 51.6684804835785, -0.121232328582259 51.6631056812842, -0.121005889229398 51.6603809581083, -0.126213990793996 51.6592975500038, -0.125081081626606 51.6515036711657))"
E05013679,6657,20.25603918617268,20.25603918617268,20.25603918617268,31.17828924871444,37.77479302738587,37.77479302738587,37.77479302738587,37.77479302738587,12.65382612691616,12.65382612691616,12.65382612691616,12.65382612691616,12.65382612691616,11.434104873950933,11.434104873950933,11.434104873950933,11.434104873950933,11.434104873950933,11.434104873950933,11.434104873950933,0,0,0,0,0,0,0,0,0,Edmonton Green,Enfield,"POLYGON ((-0.0259720068496478 51.6217642487495, -0.0353633534301074 51.6129820535532, -0.0464283356399191 51.6112995491357, -0.0717288705960504 51.6147447172264, -0.0711640649494573 51.6250532693535, -0.0611608694336468 51.6251705633919, -0.0554604698709772 51.6268659296347, -0.0584660094130056 51.6226224953596, -0.0313924961167902 51.6189772521191, -0.0259720068496478 51.6217642487495))"
E05013680,6843,15.176059097294395,15.176059097294395,15.176059097294395,18.214764210576003,22.06852796214643,22.06852796214643,22.06852796214643,22.06852796214643,8.932112560176112,8.932112560176112,8.932112560176112,8.932112560176112,8.932112560176112,8.932112560176112,8.932112560176112,8.932112560176112,8.932112560176112,8.932112560176112,8.932112560176112,8.932112560176112,0,0,0,0,0,0,0,0,0,Enfield Lock,Enfield,"POLYGON ((-0.0119186760120882 51.6808778146802, -0.0103284005914734 51.676664671279, -0.0098314217297946 51.6617704482379, -0.0289651454888403 51.6680604270339, -0.0413745006263238 51.6684967287883, -0.033399956934476 51.6824948872414, -0.0119186760120882 51.6808778146802))"
E05013681,3798,12.001106396177736,12.001106396177736,12.001106396177736,14.404090144284211,17.451615757608632,17.451615757608632,17.451615757608632,17.451615757608632,8.932112560176112,8.932112560176112,8.932112560176112,8.932112560176112,8.932112560176112,8.932112560176112,8.932112560176112,8.932112560176112,8.932112560176112,8.932112560176112,8.932112560176112,8.932112560176112,0,0,0,0,0,0,0,0,0,Grange Park,Enfield,"POLYGON ((-0.0796435504245742 51.6472899511142, -0.0758731420018098 51.6437618022008, -0.0806428105829786 51.6438929323988, -0.0933923920427155 51.6329623005189, -0.0998011490873748 51.6363510441242, -0.098323273060824 51.6399397808669, -0.105455445053161 51.6390362426626, -0.109617984814724 51.6398600451761, -0.109492203284494 51.6439764404029, -0.109396784504483 51.6454637589727, -0.0993210247532881 51.6478955539337, -0.0972737179571029 51.6456327513203, -0.0911847413609751 51.6518924243014, -0.0818968055548631 51.6506419247762, -0.0796435504245742 51.6472899511142))"
E05013682,6531,12.930620859926185,12.930620859926185,12.930620859926185,15.700415660586032,19.02220956677472,19.02220956677472,19.02220956677472,19.02220956677472,9.151036887631408,9.151036887631408,9.151036887631408,9.151036887631408,9.151036887631408,9.088487079787038,9.088487079787038,9.088487079787038,9.088487079787038,9.088487079787038,9.088487079787038,9.088487079787038,0,0,0,0,0,0,0,0,0,Haselbury,Enfield,"POLYGON ((-0.0645950027639397 51.6326792735857, -0.0611608694336468 51.6251705633919, -0.0711640649494573 51.6250532693535, -0.0717288705960504 51.6147447172264, -0.0859940799093852 51.6163027844762, -0.0804051814852411 51.626537676855, -0.0660016972002132 51.6376127115587, -0.0645950027639397 51.6326792735857))"
E05013683,3457,10.987363836431877,10.987363836431877,10.987363836431877,13.368059924714853,16.196388865518543,16.196388865518543,16.196388865518543,16.196388865518543,9.151036887631408,9.151036887631408,9.151036887631408,9.151036887631408,9.151036887631408,8.932112560176112,8.932112560176112,8.932112560176112,8.932112560176112,8.932112560176112,8.932112560176112,8.932112560176112,0,0,0,0,0,0,0,0,0,Highfield,Enfield,"POLYGON ((-0.0804051814852411 51.626537676855, -0.0859940799093852 51.6163027844762, -0.0867622158106509 51.6159041315998, -0.101389996036886 51.6145991631195, -0.0996405233874986 51.6224062815555, -0.0944121931925633 51.6313653614978, -0.0804051814852411 51.626537676855))"
E05013684,6074,11.680428669214198,11.680428669214198,11.680428669214198,14.380591456813384,17.42314536757072,17.42314536757072,17.42314536757072,17.42314536757072,9.369961215086706,9.369961215086706,9.369961215086706,9.369961215086706,9.369961215086706,11.277730354340006,11.277730354340006,11.277730354340006,11.277730354340006,11.277730354340006,11.277730354340006,11.277730354340006,0,0,0,0,0,0,0,0,0,Jubilee,Enfield,"POLYGON ((-0.0147663875445932 51.6367390522639, -0.0168090877314008 51.6335288975069, -0.0233926043352953 51.6252784390004, -0.0240246130002274 51.6246439662838, -0.0432913150393838 51.6287633285956, -0.0429205928328443 51.6310671181592, -0.0645950027639397 51.6326792735857, -0.0660016972002132 51.6376127115587, -0.0604596664207148 51.6449424720268, -0.0511971724252031 51.6438302419345, -0.0518652202970361 51.6407870047757, -0.0312388160120416 51.6374316628879, -0.0270321224973725 51.640138271241, -0.0147663875445932 51.6367390522639))"
E05013685,6294,18.45683296320182,18.45683296320182,18.45683296320182,74.73446022324575,90.54630112724716,90.54630112724716,90.54630112724716,90.54630112724716,18.564782968209176,18.564782968209176,18.564782968209176,18.564782968209176,18.564782968209176,15.81259142305687,15.81259142305687,15.81259142305687,15.81259142305687,15.81259142305687,15.81259142305687,15.81259142305687,0,0,0,0,0,0,0,0,0,Lower Edmonton,Enfield,"POLYGON ((-0.0240246130002274 51.6246439662838, -0.0259720068496478 51.6217642487495, -0.0313924961167902 51.6189772521191, -0.0584660094130056 51.6226224953596, -0.0554604698709772 51.6268659296347, -0.0611608694336468 51.6251705633919, -0.0645950027639397 51.6326792735857, -0.0429205928328443 51.6310671181592, -0.0432913150393838 51.6287633285956, -0.0240246130002274 51.6246439662838))"
E05013686,4955,46.70880559244658,46.70880559244658,46.70880559244658,13.59818136264388,16.475197931006058,16.475197931006058,16.475197931006058,16.475197931006058,77.01757839877344,77.01757839877344,77.01757839877344,77.01757839877344,77.01757839877344,67.88530645349535,67.88530645349535,67.88530645349535,67.88530645349535,67.88530645349535,67.88530645349535,67.88530645349535,0,0,0,0,0,0,0,0,0,New Southgate,Enfield,"POLYGON ((-0.11559340151726 51.6125637059876, -0.113783531768616 51.6126266896458, -0.114445122732012 51.6084034546589, -0.115623127779697 51.6084286353437, -0.13876012089654 51.610194942666, -0.144510483515812 51.6154872034944, -0.142033433838137 51.6162803140032, -0.11559340151726 51.6125637059876))"
E05013687,3365,11.322795757252608,11.322795757252608,11.322795757252608,13.589961240967735,16.465238648362313,16.465238648362313,16.465238648362313,16.465238648362313,8.932112560176112,8.932112560176112,8.932112560176112,8.932112560176112,8.932112560176112,8.932112560176112,8.932112560176112,8.932112560176112,8.932112560176112,8.932112560176112,8.932112560176112,8.932112560176112,0,0,0,0,0,0,0,0,0,Oakwood,Enfield,"POLYGON ((-0.109396784504483 51.6454637589727, -0.109492203284494 51.6439764404029, -0.116009558627245 51.6443019993265, -0.11690866424602 51.6395054895066, -0.125747182268566 51.6391732261621, -0.127287255475142 51.64333035096, -0.133000152949217 51.6418953303842, -0.135293679920796 51.6468768195686, -0.125081081626606 51.6515036711657, -0.113515558832938 51.6538373918934, -0.112552313967205 51.6501193348789, -0.108395143007612 51.6514177760387, -0.103541746224688 51.6482503184724, -0.109396784504483 51.6454637589727))"
E05013688,4518,11.01540935002651,11.01540935002651,11.01540935002651,17.015604996000285,20.61565828170532,20.61565828170532,20.61565828170532,20.61565828170532,13.748447764192642,13.748447764192642,13.748447764192642,13.748447764192642,13.748447764192642,10.183108717063522,10.183108717063522,10.183108717063522,10.183108717063522,10.183108717063522,10.183108717063522,10.183108717063522,0,0,0,0,0,0,0,0,0,Palmers Green,Enfield,"POLYGON ((-0.0996405233874986 51.6224062815555, -0.101389996036886 51.6145991631195, -0.113783531768616 51.6126266896458, -0.11559340151726 51.6125637059876, -0.112317518854748 51.6162502586515, -0.123007882466367 51.6180521330827, -0.119781960873394 51.6234817309479, -0.113106629692744 51.6245049682568, -0.112022357902858 51.6261426141368, -0.108813926397707 51.6220248252077, -0.105782270761943 51.6250733394584, -0.0996405233874986 51.6224062815555))"
E05013689,4789,28.779389345052664,28.779389345052664,28.779389345052664,45.20284958189937,54.76658047473565,54.76658047473565,54.76658047473565,54.76658047473565,24.69466413695749,24.69466413695749,24.69466413695749,24.69466413695749,24.69466413695749,21.28569960943929,21.28569960943929,21.28569960943929,21.28569960943929,21.28569960943929,21.28569960943929,21.28569960943929,0,0,0,0,0,0,0,0,0,Ponders End,Enfield,"POLYGON ((-0.0118372581969093 51.6488475117328, -0.0122587363440997 51.6462340740994, -0.0147663875445932 51.6367390522639, -0.0270321224973725 51.640138271241, -0.0312388160120416 51.6374316628879, -0.0518652202970361 51.6407870047757, -0.0511971724252031 51.6438302419345, -0.0604596664207148 51.6449424720268, -0.0601321313359994 51.6494360138808, -0.0463240253608847 51.6494219526347, -0.0333865545747629 51.6473177150662, -0.0280384460294872 51.6501405128084, -0.0118372581969093 51.6488475117328))"
E05013690,5801,88.72475676145532,88.72475676145532,88.72475676145532,23.551493394367707,28.534368302288048,28.534368302288048,28.534368302288048,28.534368302288048,12.65382612691616,12.65382612691616,12.65382612691616,12.65382612691616,12.65382612691616,11.434104873950933,11.434104873950933,11.434104873950933,11.434104873950933,11.434104873950933,11.434104873950933,11.434104873950933,0,0,0,0,0,0,0,0,0,Ridgeway,Enfield,"POLYGON ((-0.0938032652216582 51.6625217736242, -0.0911847413609751 51.6518924243014, -0.0972737179571029 51.6456327513203, -0.0993210247532881 51.6478955539337, -0.109396784504483 51.6454637589727, -0.103541746224688 51.6482503184724, -0.108395143007612 51.6514177760387, -0.112552313967205 51.6501193348789, -0.113515558832938 51.6538373918934, -0.125081081626606 51.6515036711657, -0.126213990793996 51.6592975500038, -0.121005889229398 51.6603809581083, -0.121232328582259 51.6631056812842, -0.138422314847664 51.6684804835785, -0.152434905840896 51.6668802938135, -0.148883616575176 51.6809614478806, -0.163503164635797 51.6859169983437, -0.163493271938224 51.6881150805638, -0.149370126892843 51.6855183589113, -0.118098711044608 51.6889625446564, -0.109722254200935 51.6744225256771, -0.0938032652216582 51.6625217736242))"
E05013691,6295,15.655463914150411,15.655463914150411,15.655463914150411,20.235713942100663,24.51705736086072,24.51705736086072,24.51705736086072,24.51705736086072,10.902431507273786,10.902431507273786,10.902431507273786,10.902431507273786,10.902431507273786,10.33948323667445,10.33948323667445,10.33948323667445,10.33948323667445,10.33948323667445,10.33948323667445,10.33948323667445,0,0,0,0,0,0,0,0,0,Southbury,Enfield,"POLYGON ((-0.0601321313359994 51.6494360138808, -0.0604596664207148 51.6449424720268, -0.0660016972002132 51.6376127115587, -0.0766917020361713 51.6501677788756, -0.0648453630098643 51.6623899844037, -0.0567330742057627 51.6650137120723, -0.0601321313359994 51.6494360138808))"
E05013692,6023,42.60416999137651,42.60416999137651,42.60416999137651,33.06539081326939,40.06115551681137,40.06115551681137,40.06115551681137,40.06115551681137,14.405220746558534,14.405220746558534,14.405220746558534,14.405220746558534,14.405220746558534,12.528726511227417,12.528726511227417,12.528726511227417,12.528726511227417,12.528726511227417,12.528726511227417,12.528726511227417,0,0,0,0,0,0,0,0,0,Southgate,Enfield,"POLYGON ((-0.109492203284494 51.6439764404029, -0.109617984814724 51.6398600451761, -0.105455445053161 51.6390362426626, -0.117937975215087 51.6335690375295, -0.119471312540399 51.6294658111538, -0.112022357902858 51.6261426141368, -0.113106629692744 51.6245049682568, -0.116985702567218 51.6270019317505, -0.132461611431331 51.6272055463987, -0.129121091209286 51.6322690372456, -0.138409524657595 51.6365160726786, -0.138936689363391 51.6411824926498, -0.133000152949217 51.6418953303842, -0.127287255475142 51.64333035096, -0.125747182268566 51.6391732261621, -0.11690866424602 51.6395054895066, -0.116009558627245 51.6443019993265, -0.109492203284494 51.6439764404029))"
E05013693,5762,48.48174097595473,48.48174097595473,48.48174097595473,56.92438951747674,68.96808914304495,68.96808914304495,68.96808914304495,68.96808914304495,18.564782968209176,18.564782968209176,18.564782968209176,18.564782968209176,18.564782968209176,15.81259142305687,15.81259142305687,15.81259142305687,15.81259142305687,15.81259142305687,15.81259142305687,15.81259142305687,0,0,0,0,0,0,0,0,0,Town,Enfield,"POLYGON ((-0.0648453630098643 51.6623899844037, -0.0766917020361713 51.6501677788756, -0.0796435504245742 51.6472899511142, -0.0818968055548631 51.6506419247762, -0.0911847413609751 51.6518924243014, -0.0938032652216582 51.6625217736242, -0.0789959753543367 51.661142127133, -0.0726821959857957 51.6666545546892, -0.0648453630098643 51.6623899844037))"
E05013694,5903,373.0337936020644,373.0337936020644,373.0337936020644,631.6731144916637,765.3184871864217,765.3184871864217,765.3184871864217,765.3184871864217,26.883907411510453,26.883907411510453,26.883907411510453,26.883907411510453,26.883907411510453,20.81657605060651,20.81657605060651,20.81657605060651,20.81657605060651,20.81657605060651,20.81657605060651,20.81657605060651,0,0,0,0,0,0,0,0,0,Upper Edmonton,Enfield,"POLYGON ((-0.0717288705960504 51.6147447172264, -0.0464283356399191 51.6112995491357, -0.0353633534301074 51.6129820535532, -0.0339951481904725 51.6094884308111, -0.0414260272729628 51.6056328600517, -0.0674831164309989 51.6086447178001, -0.0855997227370935 51.6084707151938, -0.0867622158106509 51.6159041315998, -0.0859940799093852 51.6163027844762, -0.0717288705960504 51.6147447172264))"
E05013695,5785,18.09910832376891,18.09910832376891,18.09910832376891,11.423526724930404,13.840443721422268,13.840443721422268,13.840443721422268,13.840443721422268,10.026734197452596,10.026734197452596,10.026734197452596,10.026734197452596,10.026734197452596,9.713985158230743,9.713985158230743,9.713985158230743,9.713985158230743,9.713985158230743,9.713985158230743,9.713985158230743,0,0,0,0,0,0,0,0,0,Whitewebbs,Enfield,"POLYGON ((-0.0489204290987119 51.6840471822187, -0.0551040162984584 51.6689915548894, -0.0567330742057627 51.6650137120723, -0.0648453630098643 51.6623899844037, -0.0726821959857957 51.6666545546892, -0.0789959753543367 51.661142127133, -0.0938032652216582 51.6625217736242, -0.109722254200935 51.6744225256771, -0.118098711044608 51.6889625446564, -0.10577913835527 51.6918756459932, -0.0839100200643835 51.6899650044714, -0.0620167342520407 51.6830080596294, -0.0489204290987119 51.6840471822187))"
E05013696,4184,15.316946511026638,15.316946511026638,15.316946511026638,19.648720936920988,23.805872115823593,23.805872115823593,23.805872115823593,23.805872115823593,10.683507179818488,10.683507179818488,10.683507179818488,10.683507179818488,10.683507179818488,10.183108717063522,10.183108717063522,10.183108717063522,10.183108717063522,10.183108717063522,10.183108717063522,10.183108717063522,0,0,0,0,0,0,0,0,0,Winchmore Hill,Enfield,"POLYGON ((-0.0933923920427155 51.6329623005189, -0.0944121931925633 51.6313653614978, -0.0996405233874986 51.6224062815555, -0.105782270761943 51.6250733394584, -0.108813926397707 51.6220248252077, -0.112022357902858 51.6261426141368, -0.119471312540399 51.6294658111538, -0.117937975215087 51.6335690375295, -0.105455445053161 51.6390362426626, -0.098323273060824 51.6399397808669, -0.0998011490873748 51.6363510441242, -0.0933923920427155 51.6329623005189))"
E05013697,6514,25.3189017766867,25.3189017766867,25.3189017766867,30.930592751082216,37.47469048304721,37.47469048304721,37.47469048304721,37.47469048304721,32.04021921816344,32.04021921816344,32.04021921816344,32.04021921816344,32.04021921816344,31.633645467175036,31.633645467175036,31.633645467175036,31.633645467175036,31.633645467175036,31.633645467175036,31.633645467175036,0,0,0,0,0,0,0,0,0,Arsenal,Islington,"POLYGON ((-0.0995655142792235 51.5615627979077, -0.0985613418320497 51.5608398450544, -0.0981094244647801 51.5557795783819, -0.105605760609881 51.5554962633948, -0.109490542969847 51.550538956304, -0.111490046457585 51.5520103160757, -0.11691859999943 51.5560901465955, -0.111183502378058 51.5584756769011, -0.109441110548003 51.5567246948495, -0.106799510585983 51.5619174588398, -0.0995655142792235 51.5615627979077))"
E05013698,6163,22.821317363489086,22.821317363489086,22.821317363489086,29.37847014971656,35.59417967143708,35.59417967143708,35.59417967143708,35.59417967143708,33.57268951035052,33.57268951035052,33.57268951035052,33.57268951035052,33.57268951035052,36.1685065358919,36.1685065358919,36.1685065358919,36.1685065358919,36.1685065358919,36.1685065358919,36.1685065358919,0,0,0,0,0,0,0,0,0,Barnsbury,Islington,"POLYGON ((-0.106111051447393 51.5408749982128, -0.105987020676487 51.5331945115413, -0.106257140740625 51.5319047326703, -0.114166862243296 51.5313790591455, -0.116437037710365 51.5431848315788, -0.107812005365312 51.54522889526, -0.106111051447393 51.5408749982128))"
E05013699,6064,51.92517930402688,51.92517930402688,51.92517930402688,27.62888114355704,33.47442377131531,33.47442377131531,33.47442377131531,33.47442377131531,34.229462492716415,34.229462492716415,34.229462492716415,34.229462492716415,34.229462492716415,33.35376518289523,33.35376518289523,33.35376518289523,33.35376518289523,33.35376518289523,33.35376518289523,33.35376518289523,0,0,0,0,0,0,0,0,0,Bunhill,Islington,"POLYGON ((-0.0849960244072782 51.5262047436291, -0.0851915950746035 51.520336203493, -0.0862004216421469 51.5188114598553, -0.0923541809364011 51.5210352346731, -0.097382426222659 51.5215942974358, -0.0975685901436759 51.5211767277461, -0.100254255914613 51.5201314202724, -0.101749342507811 51.5196829529722, -0.103499780420865 51.5258783255262, -0.100111779437209 51.5265070663226, -0.0914896770890562 51.5281974727228, -0.0849960244072782 51.5262047436291))"
E05013700,5675,23.096837194868097,23.096837194868097,23.096837194868097,28.082909568072484,34.02451263692965,34.02451263692965,34.02451263692965,34.02451263692965,31.60237056325285,31.60237056325285,31.60237056325285,31.60237056325285,31.60237056325285,31.320896427953183,31.320896427953183,31.320896427953183,31.320896427953183,31.320896427953183,31.320896427953183,31.320896427953183,0,0,0,0,0,0,0,0,0,Caledonian,Islington,"POLYGON ((-0.116437037710365 51.5431848315788, -0.114166862243296 51.5313790591455, -0.119870070991019 51.5309394886792, -0.125062587090604 51.5411433179081, -0.126329931049997 51.545038324673, -0.119598300452885 51.5468257788379, -0.116437037710365 51.5431848315788))"
E05013701,6446,23.368934488429964,23.368934488429964,23.368934488429964,28.04810055299774,33.98233895224008,33.98233895224008,33.98233895224008,33.98233895224008,31.16452190834226,31.16452190834226,31.16452190834226,31.16452190834226,31.16452190834226,31.16452190834226,31.16452190834226,31.16452190834226,31.16452190834226,31.16452190834226,31.16452190834226,31.16452190834226,0,0,0,0,0,0,0,0,0,Canonbury,Islington,"POLYGON ((-0.0865582719666779 51.5373667814732, -0.0985415560835235 51.5431538620716, -0.10047738313786 51.5463007165492, -0.098584145517551 51.546763246356, -0.0838093677597725 51.5465901347409, -0.0865582719666779 51.5373667814732))"
E05013702,5696,72.45306461971103,72.45306461971103,72.45306461971103,28.23474012819302,34.20846653953262,34.20846653953262,34.20846653953262,34.20846653953262,32.04021921816344,32.04021921816344,32.04021921816344,32.04021921816344,32.04021921816344,31.47727094756411,31.47727094756411,31.47727094756411,31.47727094756411,31.47727094756411,31.47727094756411,31.47727094756411,0,0,0,0,0,0,0,0,0,Clerkenwell,Islington,"POLYGON ((-0.100111779437209 51.5265070663226, -0.103499780420865 51.5258783255262, -0.101749342507811 51.5196829529722, -0.105322049415006 51.518544582242, -0.114227491789358 51.5255189133939, -0.119870070991019 51.5309394886792, -0.114166862243296 51.5313790591455, -0.106257140740625 51.5319047326703, -0.100111779437209 51.5265070663226))"
E05013703,6814,52.005540659258315,52.005540659258315,52.005540659258315,40.01253886549267,48.47813688836504,48.47813688836504,48.47813688836504,48.47813688836504,48.02169512240012,48.02169512240012,48.02169512240012,48.02169512240012,48.02169512240012,43.205359918383586,43.205359918383586,43.205359918383586,43.205359918383586,43.205359918383586,43.205359918383586,43.205359918383586,0,0,0,0,0,0,0,0,0,Finsbury Park,Islington,"POLYGON ((-0.104370616733993 51.5647782736229, -0.0995655142792235 51.5615627979077, -0.106799510585983 51.5619174588398, -0.109441110548003 51.5567246948495, -0.111183502378058 51.5584756769011, -0.11691859999943 51.5560901465955, -0.119457092441897 51.5578283306126, -0.115162575147022 51.5603370432368, -0.118659093749351 51.5637035905512, -0.110686877727987 51.5686110827298, -0.104370616733993 51.5647782736229))"
E05013704,6537,25.53337216870892,25.53337216870892,25.53337216870892,34.801890588601225,42.16505285004837,42.16505285004837,42.16505285004837,42.16505285004837,31.60237056325285,31.60237056325285,31.60237056325285,31.60237056325285,31.60237056325285,31.320896427953183,31.320896427953183,31.320896427953183,31.320896427953183,31.320896427953183,31.320896427953183,31.320896427953183,0,0,0,0,0,0,0,0,0,Highbury,Islington,"POLYGON ((-0.0917208658954034 51.5602294857003, -0.0903892852395189 51.5575769993214, -0.098584145517551 51.546763246356, -0.10047738313786 51.5463007165492, -0.109490542969847 51.550538956304, -0.105605760609881 51.5554962633948, -0.0981094244647801 51.5557795783819, -0.0985613418320497 51.5608398450544, -0.0917208658954034 51.5602294857003))"
E05013705,6905,25.83444053709109,25.83444053709109,25.83444053709109,31.36866373264124,38.005445731601405,38.005445731601405,38.005445731601405,38.005445731601405,31.60237056325285,31.60237056325285,31.60237056325285,31.60237056325285,31.60237056325285,31.633645467175036,31.633645467175036,31.633645467175036,31.633645467175036,31.633645467175036,31.633645467175036,31.633645467175036,0,0,0,0,0,0,0,0,0,Hillrise,Islington,"POLYGON ((-0.115689761974841 51.572022035014, -0.127488964534075 51.5651764945882, -0.138317943054664 51.5706033196083, -0.133393892888697 51.5728727412005, -0.118867764102146 51.5747348402581, -0.115689761974841 51.572022035014))"
E05013706,5842,23.784952688602345,23.784952688602345,23.784952688602345,29.270194954018557,35.46299629973684,35.46299629973684,35.46299629973684,35.46299629973684,32.25914354561874,32.25914354561874,32.25914354561874,32.25914354561874,32.25914354561874,31.946394506396892,31.946394506396892,31.946394506396892,31.946394506396892,31.946394506396892,31.946394506396892,31.946394506396892,0,0,0,0,0,0,0,0,0,Holloway,Islington,"POLYGON ((-0.11691859999943 51.5560901465955, -0.111490046457585 51.5520103160757, -0.119598300452885 51.5468257788379, -0.126329931049997 51.545038324673, -0.129106175158119 51.5488381413114, -0.119457092441897 51.5578283306126, -0.11691859999943 51.5560901465955))"
E05013707,6410,32.5053343665355,32.5053343665355,32.5053343665355,63.046212060048234,76.38512789239064,76.38512789239064,76.38512789239064,76.38512789239064,46.27030050275774,46.27030050275774,46.27030050275774,46.27030050275774,46.27030050275774,31.633645467175036,31.633645467175036,31.633645467175036,31.633645467175036,31.633645467175036,31.633645467175036,31.633645467175036,0,0,0,0,0,0,0,0,0,Junction,Islington,"POLYGON ((-0.127488964534075 51.5651764945882, -0.12574722959859 51.5622220692054, -0.128797423774313 51.5584433220895, -0.138372221484241 51.5568664506386, -0.139414037002799 51.5582441525867, -0.142389915041378 51.5691229084999, -0.138317943054664 51.5706033196083, -0.127488964534075 51.5651764945882))"
E05013708,5767,35.82867516920284,35.82867516920284,35.82867516920284,30.534757611622396,36.995107066946936,36.995107066946936,36.995107066946936,36.995107066946936,153.32429662839792,153.32429662839792,153.32429662839792,153.32429662839792,153.32429662839792,32.10276902600782,32.10276902600782,32.10276902600782,32.10276902600782,32.10276902600782,32.10276902600782,32.10276902600782,0,0,0,0,0,0,0,0,0,Laycock,Islington,"POLYGON ((-0.109490542969847 51.550538956304, -0.10047738313786 51.5463007165492, -0.0985415560835235 51.5431538620716, -0.106111051447393 51.5408749982128, -0.107812005365312 51.54522889526, -0.116437037710365 51.5431848315788, -0.119598300452885 51.5468257788379, -0.111490046457585 51.5520103160757, -0.109490542969847 51.550538956304))"
E05013709,6699,27.19184346730395,27.19184346730395,27.19184346730395,36.79243790132894,44.57674747991357,44.57674747991357,44.57674747991357,44.57674747991357,31.16452190834226,31.16452190834226,31.16452190834226,31.16452190834226,31.16452190834226,31.16452190834226,31.16452190834226,31.16452190834226,31.16452190834226,31.16452190834226,31.16452190834226,31.16452190834226,0,0,0,0,0,0,0,0,0,Mildmay,Islington,"POLYGON ((-0.0794131992919227 51.551653660736, -0.0777229404119908 51.5494658731379, -0.0768126392849643 51.5460813997276, -0.0838093677597725 51.5465901347409, -0.098584145517551 51.546763246356, -0.0903892852395189 51.5575769993214, -0.0903769291555827 51.5541520244099, -0.0794131992919227 51.551653660736))"
E05013710,6307,23.227059429871208,23.227059429871208,23.227059429871208,28.239206225218396,34.21387754490973,34.21387754490973,34.21387754490973,34.21387754490973,31.82129489070815,31.82129489070815,31.82129489070815,31.82129489070815,31.82129489070815,31.47727094756411,31.47727094756411,31.47727094756411,31.47727094756411,31.47727094756411,31.47727094756411,31.47727094756411,0,0,0,0,0,0,0,0,0,St Mary's & St James',Islington,"POLYGON ((-0.0865582719666779 51.5373667814732, -0.0865907957638547 51.5372571635935, -0.0896640268378087 51.5360095892947, -0.0931413182455204 51.5343941301494, -0.101939503189372 51.5363507775103, -0.105987020676487 51.5331945115413, -0.106111051447393 51.5408749982128, -0.0985415560835235 51.5431538620716, -0.0865582719666779 51.5373667814732))"
E05013711,6456,106.48013528454972,106.48013528454972,106.48013528454972,37.814960836606815,45.81560930256696,45.81560930256696,45.81560930256696,45.81560930256696,31.16452190834226,31.16452190834226,31.16452190834226,31.16452190834226,31.16452190834226,34.604761339782634,34.604761339782634,34.604761339782634,34.604761339782634,34.604761339782634,34.604761339782634,34.604761339782634,0,0,0,0,0,0,0,0,0,St Peter's & Canalside,Islington,"POLYGON ((-0.0931413182455204 51.5343941301494, -0.0970072775126515 51.53298432942, -0.0914896770890562 51.5281974727228, -0.100111779437209 51.5265070663226, -0.106257140740625 51.5319047326703, -0.105987020676487 51.5331945115413, -0.101939503189372 51.5363507775103, -0.0931413182455204 51.5343941301494))"
E05013712,6666,26.29255339488664,26.29255339488664,26.29255339488664,40.41113201090538,48.961061831744374,48.961061831744374,48.961061831744374,48.961061831744374,31.60237056325285,31.60237056325285,31.60237056325285,31.60237056325285,31.60237056325285,31.320896427953183,31.320896427953183,31.320896427953183,31.320896427953183,31.320896427953183,31.320896427953183,31.320896427953183,0,0,0,0,0,0,0,0,0,Tollington,Islington,"POLYGON ((-0.110686877727987 51.5686110827298, -0.118659093749351 51.5637035905512, -0.115162575147022 51.5603370432368, -0.119457092441897 51.5578283306126, -0.12574722959859 51.5622220692054, -0.127488964534075 51.5651764945882, -0.115689761974841 51.572022035014, -0.110686877727987 51.5686110827298))"
E05013713,5943,104.31026420030628,104.31026420030628,104.31026420030628,100.62191645264164,121.91086039700446,121.91086039700446,121.91086039700446,121.91086039700446,31.16452190834226,31.16452190834226,31.16452190834226,31.16452190834226,31.16452190834226,31.16452190834226,31.16452190834226,31.16452190834226,31.16452190834226,31.16452190834226,31.16452190834226,31.16452190834226,0,0,0,0,0,0,0,0,0,Tufnell Park,Islington,"POLYGON ((-0.119457092441897 51.5578283306126, -0.129106175158119 51.5488381413114, -0.130691568284157 51.5506740014336, -0.138372221484241 51.5568664506386, -0.128797423774313 51.5584433220895, -0.12574722959859 51.5622220692054, -0.119457092441897 51.5578283306126))"
E05013714,4917,19.1572661012069,19.1572661012069,19.1572661012069,22.270352227613735,26.982171450596116,26.982171450596116,26.982171450596116,26.982171450596116,22.053745407865165,22.053745407865165,22.053745407865165,22.053745407865165,22.053745407865165,21.365697521577093,21.365697521577093,21.365697521577093,21.365697521577093,21.365697521577093,21.365697521577093,21.365697521577093,0,0,0,0,0,0,0,0,0,Bellingham,Lewisham,"POLYGON ((-0.0242333790261574 51.4386803783786, -0.0149175252298823 51.4237574887521, -0.0076693655663508 51.4144823192995, -0.0210141909921175 51.4160188020497, -0.0209274445952965 51.4209234453306, -0.0333229125823939 51.4246420827165, -0.0398957175585538 51.4242507167365, -0.0375404401736079 51.4307212009751, -0.029076680957593 51.4324853330138, -0.0265818758839784 51.43631050874, -0.0256150464833998 51.4405687088474, -0.0242333790261574 51.4386803783786))"
E05013715,7979,47.178178615784546,47.178178615784546,47.178178615784546,52.830095825870934,64.00755088002535,64.00755088002535,64.00755088002535,64.00755088002535,21.83482108040987,21.83482108040987,21.83482108040987,21.83482108040987,21.83482108040987,21.365697521577093,21.365697521577093,21.365697521577093,21.365697521577093,21.365697521577093,21.365697521577093,21.365697521577093,0,0,0,0,0,0,0,0,0,Blackheath,Lewisham,"POLYGON ((0.0104476114778738 51.4584831790939, 0.011536448459956 51.4566147913863, -0.0037729224855742 51.4588118841684, -0.0131062862104897 51.4689401280511, -0.0140435449670907 51.4726756513672, 0.0121057013588864 51.4731699397913, 0.0179629686411414 51.4738300333226, 0.0165435988886042 51.4691289962971, 0.0126101832818701 51.469808513071, 0.0132655064143929 51.466839070988, 0.0090947646581884 51.4658730016198, 0.0104476114778738 51.4584831790939))"
E05013716,8098,19.34407855006463,19.34407855006463,19.34407855006463,20.506933967945297,24.845660391624698,24.845660391624698,24.845660391624698,24.845660391624698,26.6511562844264,26.6511562844264,26.6511562844264,26.6511562844264,26.6511562844264,24.649562433406544,24.649562433406544,24.649562433406544,24.649562433406544,24.649562433406544,24.649562433406544,24.649562433406544,0,0,0,0,0,0,0,0,0,Brockley,Lewisham,"POLYGON ((-0.0227926007688938 51.4744630495243, -0.01717853882122 51.4693432634176, -0.0199133983870417 51.4680653310493, -0.024067265700935 51.4624482116496, -0.0297870234071804 51.4633256518512, -0.034007826290557 51.4585250611113, -0.0391195341662311 51.4596722444241, -0.0402626909314677 51.4749135829526, -0.0400322034639363 51.4749700577162, -0.0322995617668536 51.4758730457904, -0.0279855552595349 51.4718651410585, -0.0227926007688938 51.4744630495243))"
E05013717,6685,29.29498229996897,29.29498229996897,29.29498229996897,30.1012844122332,36.4699223700181,36.4699223700181,36.4699223700181,36.4699223700181,27.964702249158183,27.964702249158183,27.964702249158183,27.964702249158183,27.964702249158183,25.431435031461177,25.431435031461177,25.431435031461177,25.431435031461177,25.431435031461177,25.431435031461177,25.431435031461177,0,0,0,0,0,0,0,0,0,Catford South,Lewisham,"POLYGON ((-0.0027043606460789 51.4309201194727, -0.0005216422368518 51.4263322763735, -0.0108788610477836 51.4272719895638, -0.0149175252298823 51.4237574887521, -0.0242333790261574 51.4386803783786, -0.0194638207576243 51.4389303112439, -0.0203346030606866 51.4432018729045, -0.0103276215726043 51.4417484246191, -0.0089760231234241 51.4447173393163, -0.00213090638742 51.444623174281, -0.0027043606460789 51.4309201194727))"
E05013718,6612,29.494744540011578,29.494744540011578,29.494744540011578,26.72716108313003,32.38192352604683,32.38192352604683,32.38192352604683,32.38192352604683,20.740199443133385,20.740199443133385,20.740199443133385,20.740199443133385,20.740199443133385,20.740199443133385,20.740199443133385,20.740199443133385,20.740199443133385,20.740199443133385,20.740199443133385,20.740199443133385,0,0,0,0,0,0,0,0,0,Crofton Park,Lewisham,"POLYGON ((-0.034007826290557 51.4585250611113, -0.0360471255142387 51.4564028475755, -0.0256553433685366 51.4496509775262, -0.0321013509755993 51.4477926991244, -0.0343608385003681 51.4422816003645, -0.0517450380771601 51.4420552303021, -0.0461250067410523 51.4498729421208, -0.0416228442466288 51.4549902228086, -0.0391195341662311 51.4596722444241, -0.034007826290557 51.4585250611113))"
E05013719,7712,167.20582049993584,167.20582049993584,167.20582049993584,119.55377700590452,144.84820337685775,144.84820337685775,144.84820337685775,144.84820337685775,89.7013625915519,89.7013625915519,89.7013625915519,89.7013625915519,89.7013625915519,38.566894678778986,38.566894678778986,38.566894678778986,38.566894678778986,38.566894678778986,38.566894678778986,38.566894678778986,0,0,0,0,0,0,0,0,0,Deptford,Lewisham,"POLYGON ((-0.0263738682450405 51.4815084128844, -0.0178490863452866 51.480880411133, -0.0187797879978496 51.4788985179352, -0.0227415564966814 51.4753541721059, -0.0189825110139239 51.4784668078171, -0.0191561548477685 51.4780970155459, -0.0227926007688938 51.4744630495243, -0.0279855552595349 51.4718651410585, -0.0322995617668536 51.4758730457904, -0.0400322034639363 51.4749700577162, -0.0432431530435898 51.4837710053562, -0.0380895089931639 51.4822198966476, -0.0329049898703565 51.4844213459797, -0.0263738682450405 51.4815084128844))"
E05013720,7187,25.555467782270973,25.555467782270973,25.555467782270973,31.75660901151425,38.47547000068421,38.47547000068421,38.47547000068421,38.47547000068421,22.272669735320463,22.272669735320463,22.272669735320463,22.272669735320463,22.272669735320463,21.365697521577093,21.365697521577093,21.365697521577093,21.365697521577093,21.365697521577093,21.365697521577093,21.365697521577093,0,0,0,0,0,0,0,0,0,Downham,Lewisham,"POLYGON ((0.0204057645381049 51.4268876747026, 0.008103088725679 51.4230427206124, 0.0035502203231076 51.417419572772, -0.0007276864457055 51.4159120499718, -0.0076693655663508 51.4144823192995, -0.0149175252298823 51.4237574887521, -0.0108788610477836 51.4272719895638, -0.0005216422368518 51.4263322763735, -0.0027043606460789 51.4309201194727, 0.0154932731953761 51.4355910695031, 0.0204057645381049 51.4268876747026))"
E05013721,6627,241.17492416759052,241.17492416759052,241.17492416759052,451.3674269043075,546.8648710838733,546.8648710838733,546.8648710838733,546.8648710838733,154.5029635183198,154.5029635183198,154.5029635183198,154.5029635183198,154.5029635183198,38.879643718000835,38.879643718000835,38.879643718000835,38.879643718000835,38.879643718000835,38.879643718000835,38.879643718000835,0,0,0,0,0,0,0,0,0,Evelyn,Lewisham,"POLYGON ((-0.0243058593901599 51.4852044901356, -0.0263738682450405 51.4815084128844, -0.0329049898703565 51.4844213459797, -0.0380895089931639 51.4822198966476, -0.0432431530435898 51.4837710053562, -0.0459893718363169 51.4902750304388, -0.0405302460431015 51.4927920373424, -0.032422051715732 51.4933701250389, -0.0323863262307784 51.4930562801132, -0.0248209130048979 51.4855466869121, -0.0243058593901599 51.4852044901356))"
E05013722,6934,33.564824233801616,33.564824233801616,33.564824233801616,20.589847387050582,24.94611610363988,24.94611610363988,24.94611610363988,24.94611610363988,24.242988682418137,24.242988682418137,24.242988682418137,24.242988682418137,24.242988682418137,23.242191756908205,23.242191756908205,23.242191756908205,23.242191756908205,23.242191756908205,23.242191756908205,23.242191756908205,0,0,0,0,0,0,0,0,0,Forest Hill,Lewisham,"POLYGON ((-0.0461250067410523 51.4498729421208, -0.0517450380771601 51.4420552303021, -0.0530603278564293 51.4337099851682, -0.0613614505347917 51.4305471251111, -0.072838476850157 51.4320839265634, -0.0634308696972193 51.4375404765048, -0.0637179858249008 51.4442252220334, -0.0575543391638315 51.4503292377855, -0.0461250067410523 51.4498729421208))"
E05013723,6685,16.932562752571254,16.932562752571254,16.932562752571254,20.6843613167854,25.06062668840793,25.06062668840793,25.06062668840793,25.06062668840793,21.39697242549928,21.39697242549928,21.39697242549928,21.39697242549928,21.39697242549928,21.052948482355237,21.052948482355237,21.052948482355237,21.052948482355237,21.052948482355237,21.052948482355237,21.052948482355237,0,0,0,0,0,0,0,0,0,Grove Park,Lewisham,"POLYGON ((0.0293852906497411 51.4417054776711, 0.0254022647830115 51.4356896497912, 0.0287022713714477 51.4364064915035, 0.0311740064972053 51.4321041232903, 0.0377249303608997 51.4333465450045, 0.0390548434363448 51.4246712434381, 0.0346253357002274 51.4233710489029, 0.0254368850735659 51.4289892794779, 0.0204057645381049 51.4268876747026, 0.0154932731953761 51.4355910695031, 0.0055109309681412 51.4454587616394, 0.0224217069231219 51.4481233118185, 0.0215091392962622 51.4427353133445, 0.0293852906497411 51.4417054776711))"
E05013724,8571,23.48560692934422,23.48560692934422,23.48560692934422,17.707870740230437,21.454389201148608,21.454389201148608,21.454389201148608,21.454389201148608,47.448967392679606,47.448967392679606,47.448967392679606,47.448967392679606,47.448967392679606,20.896573962744313,20.896573962744313,20.896573962744313,20.896573962744313,20.896573962744313,20.896573962744313,20.896573962744313,0,0,0,0,0,0,0,0,0,Hither Green,Lewisham,"POLYGON ((0.0055109309681412 51.4454587616394, 0.0154932731953761 51.4355910695031, -0.0027043606460789 51.4309201194727, -0.00213090638742 51.444623174281, -0.0089760231234241 51.4447173393163, -0.0061101847818799 51.4467584768252, -0.0106518191539127 51.4515883473001, -0.0090692620403285 51.4566527968775, 0.0055109309681412 51.4454587616394))"
E05013725,6751,23.117446453925982,23.117446453925982,23.117446453925982,47.08053641935096,57.041536329085645,57.041536329085645,57.041536329085645,57.041536329085645,34.751356400272385,34.751356400272385,34.751356400272385,34.751356400272385,34.751356400272385,66.08881013030202,66.08881013030202,66.08881013030202,66.08881013030202,66.08881013030202,66.08881013030202,66.08881013030202,0,0,0,0,0,0,0,0,0,Ladywell,Lewisham,"POLYGON ((-0.0090692620403285 51.4566527968775, -0.0106518191539127 51.4515883473001, -0.0256553433685366 51.4496509775262, -0.0360471255142387 51.4564028475755, -0.034007826290557 51.4585250611113, -0.0297870234071804 51.4633256518512, -0.024067265700935 51.4624482116496, -0.0199133983870417 51.4680653310493, -0.0090692620403285 51.4566527968775))"
E05013726,6486,50.92996825113366,50.92996825113366,50.92996825113366,24.26606839831299,29.40012853246775,29.40012853246775,29.40012853246775,29.40012853246775,22.053745407865165,22.053745407865165,22.053745407865165,22.053745407865165,22.053745407865165,21.83482108040987,21.83482108040987,21.83482108040987,21.83482108040987,21.83482108040987,21.83482108040987,21.83482108040987,0,0,0,0,0,0,0,0,0,Lee Green,Lewisham,"POLYGON ((0.011536448459956 51.4566147913863, 0.0175448246603692 51.4550327047964, 0.01988471490724 51.4507319056202, 0.0151006526431803 51.4500104436123, 0.0224217069231219 51.4481233118185, 0.0055109309681412 51.4454587616394, -0.0090692620403285 51.4566527968775, -0.0037729224855742 51.4588118841684, 0.011536448459956 51.4566147913863))"
E05013727,4180,164.62834062976307,164.62834062976307,164.62834062976307,98.21009366912908,118.98875951651183,118.98875951651183,118.98875951651183,118.98875951651183,140.2728822337255,140.2728822337255,140.2728822337255,140.2728822337255,140.2728822337255,93.61072558182504,93.61072558182504,93.61072558182504,93.61072558182504,93.61072558182504,93.61072558182504,93.61072558182504,0,0,0,0,0,0,0,0,0,Lewisham Central,Lewisham,"POLYGON ((-0.0131062862104897 51.4689401280511, -0.0037729224855742 51.4588118841684, -0.0090692620403285 51.4566527968775, -0.0199133983870417 51.4680653310493, -0.01717853882122 51.4693432634176, -0.0131062862104897 51.4689401280511))"
E05013728,4486,152.5337470310616,152.5337470310616,152.5337470310616,183.43699574398735,222.24742648701604,222.24742648701604,222.24742648701604,222.24742648701604,256.52170011248813,256.52170011248813,256.52170011248813,256.52170011248813,256.52170011248813,20.896573962744313,20.896573962744313,20.896573962744313,20.896573962744313,20.896573962744313,20.896573962744313,20.896573962744313,0,0,0,0,0,0,0,0,0,New Cross Gate,Lewisham,"POLYGON ((-0.0432431530435898 51.4837710053562, -0.0400322034639363 51.4749700577162, -0.0402626909314677 51.4749135829526, -0.0460957714056218 51.4743686314013, -0.0526804374178928 51.4780100339098, -0.0542416984283072 51.4785837641013, -0.0539604561336417 51.4879385517111, -0.0505236106061506 51.4879087457475, -0.0459893718363169 51.4902750304388, -0.0432431530435898 51.4837710053562))"
E05013729,8060,16.848116308087686,16.848116308087686,16.848116308087686,46.60297094030917,56.462930588920734,56.462930588920734,56.462930588920734,56.462930588920734,23.14836704514165,23.14836704514165,23.14836704514165,23.14836704514165,23.14836704514165,21.991195600020795,21.991195600020795,21.991195600020795,21.991195600020795,21.991195600020795,21.991195600020795,21.991195600020795,0,0,0,0,0,0,0,0,0,Perry Vale,Lewisham,"POLYGON ((-0.0265818758839784 51.43631050874, -0.029076680957593 51.4324853330138, -0.0375404401736079 51.4307212009751, -0.0514481602289193 51.4291047619133, -0.0530603278564293 51.4337099851682, -0.0517450380771601 51.4420552303021, -0.0343608385003681 51.4422816003645, -0.0331046008007023 51.4374037649237, -0.0265818758839784 51.43631050874))"
E05013730,8551,46.73167360656672,46.73167360656672,46.73167360656672,329.65978398476256,399.4071005672834,399.4071005672834,399.4071005672834,399.4071005672834,119.03722247056167,119.03722247056167,119.03722247056167,119.03722247056167,119.03722247056167,49.66948557115476,49.66948557115476,49.66948557115476,49.66948557115476,49.66948557115476,49.66948557115476,49.66948557115476,0,0,0,0,0,0,0,0,0,Rushey Green,Lewisham,"POLYGON ((-0.0089760231234241 51.4447173393163, -0.0103276215726043 51.4417484246191, -0.0203346030606866 51.4432018729045, -0.0194638207576243 51.4389303112439, -0.0242333790261574 51.4386803783786, -0.0256150464833998 51.4405687088474, -0.0265818758839784 51.43631050874, -0.0331046008007023 51.4374037649237, -0.0343608385003681 51.4422816003645, -0.0321013509755993 51.4477926991244, -0.0256553433685366 51.4496509775262, -0.0106518191539127 51.4515883473001, -0.0061101847818799 51.4467584768252, -0.0089760231234241 51.4447173393163))"
E05013731,7670,18.12559633366311,18.12559633366311,18.12559633366311,50.66595982665169,61.385540775446145,61.385540775446145,61.385540775446145,61.385540775446145,34.31350774536179,34.31350774536179,34.31350774536179,34.31350774536179,34.31350774536179,22.460319158853576,22.460319158853576,22.460319158853576,22.460319158853576,22.460319158853576,22.460319158853576,22.460319158853576,0,0,0,0,0,0,0,0,0,Sydenham,Lewisham,"POLYGON ((-0.0375404401736079 51.4307212009751, -0.0398957175585538 51.4242507167365, -0.0517477708393865 51.422516588637, -0.0718415580276548 51.4262989525999, -0.0739190490332792 51.4261512868959, -0.072838476850157 51.4320839265634, -0.0613614505347917 51.4305471251111, -0.0530603278564293 51.4337099851682, -0.0514481602289193 51.4291047619133, -0.0375404401736079 51.4307212009751))"
E05013732,7260,87.60554034169932,87.60554034169932,87.60554034169932,21.846787664437393,26.468991795994597,26.468991795994597,26.468991795994597,26.468991795994597,27.964702249158183,27.964702249158183,27.964702249158183,27.964702249158183,27.964702249158183,25.90055859029395,25.90055859029395,25.90055859029395,25.90055859029395,25.90055859029395,25.90055859029395,25.90055859029395,0,0,0,0,0,0,0,0,0,Telegraph Hill,Lewisham,"POLYGON ((-0.0402626909314677 51.4749135829526, -0.0391195341662311 51.4596722444241, -0.0416228442466288 51.4549902228086, -0.0461306653225442 51.4569620248756, -0.0474628517195846 51.4651249823354, -0.0522560180093554 51.4692144187744, -0.0526804374178928 51.4780100339098, -0.0460957714056218 51.4743686314013, -0.0402626909314677 51.4749135829526))"
E05013733,4318,41.43318010875264,41.43318010875264,41.43318010875264,10.338017814340535,12.525269752131887,12.525269752131887,12.525269752131887,12.525269752131887,133.47086497191265,133.47086497191265,133.47086497191265,133.47086497191265,133.47086497191265,16.940572957850353,16.940572957850353,16.940572957850353,16.940572957850353,16.940572957850353,16.940572957850353,16.940572957850353,0,0,0,0,0,0,0,0,0,Addison,Hammersmith and Fulham,"POLYGON ((-0.215021105449591 51.5021889065966, -0.222826191764947 51.4971631948124, -0.225976754346381 51.4987757800671, -0.226703262983556 51.5023910081922, -0.216986053178403 51.5044655749063, -0.215021105449591 51.5021889065966))"
E05013734,4307,5.499199923370341,5.499199923370341,5.499199923370341,15.815709937007512,19.161897071574018,19.161897071574018,19.161897071574018,19.161897071574018,26.635793173727787,26.635793173727787,26.635793173727787,26.635793173727787,26.635793173727787,28.04316385022613,28.04316385022613,28.04316385022613,28.04316385022613,28.04316385022613,28.04316385022613,28.04316385022613,0,0,0,0,0,0,0,0,0,Avonmore,Hammersmith and Fulham,"POLYGON ((-0.203083347764152 51.4933725212104, -0.201811499301514 51.491852408748, -0.202360692961491 51.491665492437, -0.214566333599715 51.4907889569479, -0.219451384300693 51.49323412163, -0.207977648253101 51.4960231558301, -0.203083347764152 51.4933725212104))"
E05013735,4503,58.81741358154907,58.81741358154907,58.81741358154907,15.663398365955285,18.977360388811302,18.977360388811302,18.977360388811302,18.977360388811302,25.541171536451305,25.541171536451305,25.541171536451305,25.541171536451305,25.541171536451305,22.882804703065553,22.882804703065553,22.882804703065553,22.882804703065553,22.882804703065553,22.882804703065553,22.882804703065553,0,0,0,0,0,0,0,0,0,Brook Green,Hammersmith and Fulham,"POLYGON ((-0.207977648253101 51.4960231558301, -0.219451384300693 51.49323412163, -0.224873012016475 51.4931754434928, -0.225976754346381 51.4987757800671, -0.222826191764947 51.4971631948124, -0.215021105449591 51.5021889065966, -0.207977648253101 51.4960231558301))"
E05013736,4580,509.08304126900555,509.08304126900555,509.08304126900555,941.3258300950812,1140.4855513244702,1140.4855513244702,1140.4855513244702,1140.4855513244702,1123.6655980522205,1123.6655980522205,1123.6655980522205,1123.6655980522205,1123.6655980522205,587.0820714592878,587.0820714592878,587.0820714592878,587.0820714592878,587.0820714592878,587.0820714592878,587.0820714592878,0,0,0,0,0,0,0,0,0,College Park & Old Oak,Hammersmith and Fulham,"POLYGON ((-0.233818470091464 51.5323339940026, -0.228478855909725 51.5303545050421, -0.226539154579125 51.5195790558103, -0.222452182381575 51.5154108510613, -0.220246973729936 51.5117337451814, -0.224545528012118 51.5094870927828, -0.230108512958847 51.5148486154873, -0.238349917597278 51.5142321829123, -0.248976412979456 51.5138867544676, -0.251800085186841 51.5221065758378, -0.246287507126217 51.5327541192766, -0.233818470091464 51.5323339940026))"
E05013737,5430,16.862228015392265,16.862228015392265,16.862228015392265,10.481068244082255,12.698585880315376,12.698585880315376,12.698585880315376,12.698585880315376,34.079220307207876,34.079220307207876,34.079220307207876,34.079220307207876,34.079220307207876,13.500333526409976,13.500333526409976,13.500333526409976,13.500333526409976,13.500333526409976,13.500333526409976,13.500333526409976,0,0,0,0,0,0,0,0,0,Coningham,Hammersmith and Fulham,"POLYGON ((-0.234931561792461 51.5064745353573, -0.23030135472004 51.5061350638075, -0.228524392255636 51.5020385200568, -0.234600021878633 51.5005460295724, -0.239089803549373 51.4997897835004, -0.245122466902429 51.5067407487815, -0.245072052928578 51.5067701091961, -0.234931561792461 51.5064745353573))"
E05013738,5966,8.480953118652083,8.480953118652083,8.480953118652083,48.48626631936019,58.744681604365496,58.744681604365496,58.744681604365496,58.744681604365496,23.789776916808925,23.789776916808925,23.789776916808925,23.789776916808925,23.789776916808925,20.693561428512584,20.693561428512584,20.693561428512584,20.693561428512584,20.693561428512584,20.693561428512584,20.693561428512584,0,0,0,0,0,0,0,0,0,Fulham Reach,Hammersmith and Fulham,"MULTIPOLYGON (((-0.225134822564229 51.4766319199247, -0.225356569938479 51.4764343927807, -0.225834410217329 51.4786941441571, -0.225134822564229 51.4766319199247)), ((-0.218611077723141 51.482442117304, -0.222216221236814 51.479231526013, -0.223747436397827 51.4818953742973, -0.224064562272722 51.4824470373943, -0.226542139967936 51.4859538667002, -0.213709345863666 51.4901458585602, -0.212398872777127 51.4861852009953, -0.204958896712611 51.4844300387307, -0.207240547097305 51.4839696374238, -0.218611077723141 51.482442117304)))"
E05013739,3794,28.29796573573405,28.29796573573405,28.29796573573405,10.473826640798348,12.689812144750412,12.689812144750412,12.689812144750412,12.689812144750412,14.59495516368646,14.59495516368646,14.59495516368646,14.59495516368646,14.59495516368646,14.282206124464604,14.282206124464604,14.282206124464604,14.282206124464604,14.282206124464604,14.282206124464604,14.282206124464604,0,0,0,0,0,0,0,0,0,Fulham Town,Hammersmith and Fulham,"POLYGON ((-0.200732846951224 51.4754942229452, -0.200741905157409 51.4725801030617, -0.210265944953946 51.4692669400065, -0.211392336089402 51.4718303741132, -0.207553330958585 51.4745033771155, -0.209866809537769 51.4771252199765, -0.20393961268398 51.4790894409587, -0.200732846951224 51.4754942229452))"
E05013740,3864,44.81226121005888,44.81226121005888,44.81226121005888,19.995213147016667,24.225672939966163,24.225672939966163,24.225672939966163,24.225672939966163,28.825036448280756,28.825036448280756,28.825036448280756,28.825036448280756,28.825036448280756,16.002325840184795,16.002325840184795,16.002325840184795,16.002325840184795,16.002325840184795,16.002325840184795,16.002325840184795,0,0,0,0,0,0,0,0,0,Grove,Hammersmith and Fulham,"POLYGON ((-0.225976754346381 51.4987757800671, -0.224873012016475 51.4931754434928, -0.233966867819221 51.4943953558692, -0.234600021878633 51.5005460295724, -0.228524392255636 51.5020385200568, -0.226703262983556 51.5023910081922, -0.225976754346381 51.4987757800671))"
E05013741,4105,376.2497618576143,376.2497618576143,376.2497618576143,32.556471376395045,39.44456214819559,39.44456214819559,39.44456214819559,39.44456214819559,40.646950130866784,40.646950130866784,40.646950130866784,40.646950130866784,40.646950130866784,27.104916732560564,27.104916732560564,27.104916732560564,27.104916732560564,27.104916732560564,27.104916732560564,27.104916732560564,0,0,0,0,0,0,0,0,0,Hammersmith Broadway,Hammersmith and Fulham,"POLYGON ((-0.224873012016475 51.4931754434928, -0.219451384300693 51.49323412163, -0.214566333599715 51.4907889569479, -0.213709345863666 51.4901458585602, -0.226542139967936 51.4859538667002, -0.227559643979108 51.4873939199876, -0.234381339786281 51.4904276734632, -0.23442253720035 51.4904206803966, -0.233966867819221 51.4943953558692, -0.224873012016475 51.4931754434928))"
E05013742,3805,22.68126709996295,22.68126709996295,22.68126709996295,10.237486599606337,12.403468783544978,12.403468783544978,12.403468783544978,12.403468783544978,17.003122765694727,17.003122765694727,17.003122765694727,17.003122765694727,17.003122765694727,15.84595132057387,15.84595132057387,15.84595132057387,15.84595132057387,15.84595132057387,15.84595132057387,15.84595132057387,0,0,0,0,0,0,0,0,0,Lillie,Hammersmith and Fulham,"POLYGON ((-0.190774699191433 51.4831691609101, -0.205602232622352 51.481668635787, -0.207240547097305 51.4839696374238, -0.204958896712611 51.4844300387307, -0.196424370653639 51.4872068691094, -0.195964004161259 51.4873733014086, -0.190774699191433 51.4831691609101))"
E05013743,5854,10.19598164944233,10.19598164944233,10.19598164944233,12.23752493643503,14.82666248791592,14.82666248791592,14.82666248791592,14.82666248791592,13.500333526409976,13.500333526409976,13.500333526409976,13.500333526409976,13.500333526409976,13.500333526409976,13.500333526409976,13.500333526409976,13.500333526409976,13.500333526409976,13.500333526409976,13.500333526409976,0,0,0,0,0,0,0,0,0,Munster,Hammersmith and Fulham,"POLYGON ((-0.205602232622352 51.481668635787, -0.20393961268398 51.4790894409587, -0.209866809537769 51.4771252199765, -0.207553330958585 51.4745033771155, -0.211392336089402 51.4718303741132, -0.218611077723141 51.482442117304, -0.207240547097305 51.4839696374238, -0.205602232622352 51.481668635787))"
E05013744,5219,76.06062887784799,76.06062887784799,76.06062887784799,15.760087046511824,19.094505844322946,19.094505844322946,19.094505844322946,19.094505844322946,21.819457969711255,21.819457969711255,21.819457969711255,21.819457969711255,21.819457969711255,46.49535716431543,46.49535716431543,46.49535716431543,46.49535716431543,46.49535716431543,46.49535716431543,46.49535716431543,0,0,0,0,0,0,0,0,0,Palace & Hurlingham,Hammersmith and Fulham,"MULTIPOLYGON (((-0.209691744168807 51.4662350630862, -0.20931714204621 51.4660909484408, -0.211615625773053 51.4664469946666, -0.214265733641228 51.4679991340157, -0.209691744168807 51.4662350630862)), ((-0.225134822564229 51.4766319199247, -0.224891478005853 51.4759145556557, -0.225356569938479 51.4764343927807, -0.225134822564229 51.4766319199247)), ((-0.211392336089402 51.4718303741132, -0.210265944953946 51.4692669400065, -0.200741905157409 51.4725801030617, -0.197251310943792 51.4699532500428, -0.191459166844956 51.4719541868634, -0.18879753560119 51.4668300988076, -0.19737486402442 51.4652092462899, -0.198026881149182 51.4653567036547, -0.216664071246001 51.4695696729317, -0.222216221236814 51.479231526013, -0.218611077723141 51.482442117304, -0.211392336089402 51.4718303741132)))"
E05013745,3523,6.619093296326847,6.619093296326847,6.619093296326847,125.5763597465365,152.14500579930177,152.14500579930177,152.14500579930177,152.14500579930177,156.02007069980826,156.02007069980826,156.02007069980826,156.02007069980826,156.02007069980826,13.813082565631827,13.813082565631827,13.813082565631827,13.813082565631827,13.813082565631827,13.813082565631827,13.813082565631827,0,0,0,0,0,0,0,0,0,Parsons Green & Sandford,Hammersmith and Fulham,"POLYGON ((-0.186523906968959 51.4798711622544, -0.183883900110734 51.4774399302466, -0.191459166844956 51.4719541868634, -0.197251310943792 51.4699532500428, -0.200741905157409 51.4725801030617, -0.200732846951224 51.4754942229452, -0.188260468993328 51.48096480817, -0.186523906968959 51.4798711622544))"
E05013746,3500,17.845476461883976,17.845476461883976,17.845476461883976,13.287440508138374,16.098712506470374,16.098712506470374,16.098712506470374,16.098712506470374,21.381609314800663,21.381609314800663,21.381609314800663,21.381609314800663,21.381609314800663,18.81706719318147,18.81706719318147,18.81706719318147,18.81706719318147,18.81706719318147,18.81706719318147,18.81706719318147,0,0,0,0,0,0,0,0,0,Ravenscourt,Hammersmith and Fulham,"POLYGON ((-0.233966867819221 51.4943953558692, -0.23442253720035 51.4904206803966, -0.24347085721075 51.4888844117893, -0.243587037964877 51.4888646811721, -0.245269304499865 51.498385460009, -0.239089803549373 51.4997897835004, -0.234600021878633 51.5005460295724, -0.233966867819221 51.4943953558692))"
E05013747,6595,59.082097819369494,59.082097819369494,59.082097819369494,11.283031178425492,13.670223022391728,13.670223022391728,13.670223022391728,13.670223022391728,16.12742545587354,16.12742545587354,16.12742545587354,16.12742545587354,16.12742545587354,66.98041923334678,66.98041923334678,66.98041923334678,66.98041923334678,66.98041923334678,66.98041923334678,66.98041923334678,0,0,0,0,0,0,0,0,0,Sands End,Hammersmith and Fulham,"POLYGON ((-0.182317007249174 51.4718710962266, -0.182357595596313 51.4718128335764, -0.185901483695399 51.4673771924397, -0.18879753560119 51.4668300988076, -0.191459166844956 51.4719541868634, -0.183883900110734 51.4774399302466, -0.183785340372622 51.4774417050437, -0.183856622798358 51.4774195523249, -0.1828807609735 51.4774579943931, -0.179438042764162 51.4775199243473, -0.182317007249174 51.4718710962266))"
E05013748,2937,293.0137571178953,293.0137571178953,293.0137571178953,15.050661233940865,18.23498423861913,18.23498423861913,18.23498423861913,18.23498423861913,24.88439855408541,24.88439855408541,24.88439855408541,24.88439855408541,24.88439855408541,21.475434026567218,21.475434026567218,21.475434026567218,21.475434026567218,21.475434026567218,21.475434026567218,21.475434026567218,0,0,0,0,0,0,0,0,0,Shepherd's Bush Green,Hammersmith and Fulham,"POLYGON ((-0.215521628734731 51.5083942416232, -0.217010788529331 51.5045026471463, -0.216986053178403 51.5044655749063, -0.226703262983556 51.5023910081922, -0.228524392255636 51.5020385200568, -0.23030135472004 51.5061350638075, -0.226414037048515 51.5054693082563, -0.224545528012118 51.5094870927828, -0.220246973729936 51.5117337451814, -0.215521628734731 51.5083942416232))"
E05013749,3988,20.79666056157185,20.79666056157185,20.79666056157185,37.60937374078948,45.56652539896819,45.56652539896819,45.56652539896819,45.56652539896819,49.40392322907867,49.40392322907867,49.40392322907867,49.40392322907867,49.40392322907867,18.973441712792397,18.973441712792397,18.973441712792397,18.973441712792397,18.973441712792397,18.973441712792397,18.973441712792397,0,0,0,0,0,0,0,0,0,Walham Green,Hammersmith and Fulham,"POLYGON ((-0.188260468993328 51.48096480817, -0.200732846951224 51.4754942229452, -0.20393961268398 51.4790894409587, -0.205602232622352 51.481668635787, -0.190774699191433 51.4831691609101, -0.188260468993328 51.48096480817))"
E05013750,3416,6.030854486578502,6.030854486578502,6.030854486578502,7.238413593217102,8.769871019836877,8.769871019836877,8.769871019836877,8.769871019836877,13.500333526409976,13.500333526409976,13.500333526409976,13.500333526409976,13.500333526409976,19.129816232403325,19.129816232403325,19.129816232403325,19.129816232403325,19.129816232403325,19.129816232403325,19.129816232403325,0,0,0,0,0,0,0,0,0,Wendell Park,Hammersmith and Fulham,"POLYGON ((-0.239089803549373 51.4997897835004, -0.245269304499865 51.498385460009, -0.249211473717592 51.4969506546487, -0.253060864941531 51.5014009187711, -0.255067207454281 51.5043209720364, -0.245679355712493 51.5046261673417, -0.246488012040902 51.5067325647836, -0.245122466902429 51.5067407487815, -0.239089803549373 51.4997897835004))"
E05013751,5311,161.91855991650908,161.91855991650908,161.91855991650908,97.12606346325884,117.67537710686376,117.67537710686376,117.67537710686376,117.67537710686376,626.2695260737859,626.2695260737859,626.2695260737859,626.2695260737859,626.2695260737859,13.500333526409976,13.500333526409976,13.500333526409976,13.500333526409976,13.500333526409976,13.500333526409976,13.500333526409976,0,0,0,0,0,0,0,0,0,West Kensington,Hammersmith and Fulham,"POLYGON ((-0.196424370653639 51.4872068691094, -0.204958896712611 51.4844300387307, -0.212398872777127 51.4861852009953, -0.213709345863666 51.4901458585602, -0.214566333599715 51.4907889569479, -0.202360692961491 51.491665492437, -0.196424370653639 51.4872068691094))"
E05013752,4686,149.0145448853712,149.0145448853712,149.0145448853712,40.25930332911923,48.7771102048818,48.7771102048818,48.7771102048818,48.7771102048818,52.24993948599752,52.24993948599752,52.24993948599752,52.24993948599752,52.24993948599752,18.03519459512684,18.03519459512684,18.03519459512684,18.03519459512684,18.03519459512684,18.03519459512684,18.03519459512684,0,0,0,0,0,0,0,0,0,White City,Hammersmith and Fulham,"POLYGON ((-0.224545528012118 51.5094870927828, -0.226414037048515 51.5054693082563, -0.23030135472004 51.5061350638075, -0.234931561792461 51.5064745353573, -0.238349917597278 51.5142321829123, -0.230108512958847 51.5148486154873, -0.224545528012118 51.5094870927828))"
E05013753,3194,8.073005400187057,8.073005400187057,8.073005400187057,9.689464761067637,11.739499976271812,11.739499976271812,11.739499976271812,11.739499976271812,13.500333526409976,13.500333526409976,13.500333526409976,13.500333526409976,13.500333526409976,13.500333526409976,13.500333526409976,13.500333526409976,13.500333526409976,13.500333526409976,13.500333526409976,13.500333526409976,0,0,0,0,0,0,0,0,0,Wormholt,Hammersmith and Fulham,"POLYGON ((-0.234931561792461 51.5064745353573, -0.245072052928578 51.5067701091961, -0.248976412979456 51.5138867544676, -0.238349917597278 51.5142321829123, -0.234931561792461 51.5064745353573))"
E05013754,4245,9.060382329129126,9.060382329129126,9.060382329129126,10.87454435467892,13.1753111592568,13.1753111592568,13.1753111592568,13.1753111592568,7.388696051616269,7.388696051616269,7.388696051616269,7.388696051616269,7.388696051616269,7.388696051616269,7.388696051616269,7.388696051616269,7.388696051616269,7.388696051616269,7.388696051616269,7.388696051616269,0,0,0,0,0,0,0,0,0,Beddington,Sutton,"POLYGON ((-0.13261046435426 51.3901264349014, -0.126693593220938 51.3770648308121, -0.121408350637414 51.3623405136072, -0.137834945047526 51.3595832641875, -0.140454066946117 51.3622007376465, -0.140584560851561 51.3709411463285, -0.15393267418757 51.3773305069225, -0.152641383280427 51.3897696918266, -0.134353416957172 51.3908854911656, -0.13261046435426 51.3901264349014))"
E05013755,5052,11.782568256872835,11.782568256872835,11.782568256872835,14.322488272988886,17.35274908233217,17.35274908233217,17.35274908233217,17.35274908233217,7.607620379071566,7.607620379071566,7.607620379071566,7.607620379071566,7.607620379071566,46.63870047395878,46.63870047395878,46.63870047395878,46.63870047395878,46.63870047395878,46.63870047395878,46.63870047395878,0,0,0,0,0,0,0,0,0,Belmont,Sutton,"POLYGON ((-0.178710862166299 51.3513396562948, -0.187459117706562 51.3408122796846, -0.197319341793986 51.3435951617074, -0.202050653173641 51.3401414075991, -0.211693915817765 51.3561175525477, -0.201641595377466 51.3578893895441, -0.197888693389981 51.3512919052704, -0.184216530351056 51.3541392655607, -0.178710862166299 51.3513396562948))"
E05013756,4761,21.20863003214083,21.20863003214083,21.20863003214083,20.0344119378211,24.27316516116372,24.27316516116372,24.27316516116372,24.27316516116372,7.388696051616269,7.388696051616269,7.388696051616269,7.388696051616269,7.388696051616269,7.388696051616269,7.388696051616269,7.388696051616269,7.388696051616269,7.388696051616269,7.388696051616269,7.388696051616269,0,0,0,0,0,0,0,0,0,Carshalton Central,Sutton,"POLYGON ((-0.155523709304672 51.3592587780308, -0.159233055245195 51.3585621051105, -0.173592290537768 51.3579697838178, -0.188053437203598 51.3603304852671, -0.17857044995721 51.3616012620397, -0.181053497135099 51.3697798952419, -0.17113122087318 51.3715451475091, -0.167446341878255 51.36823796025, -0.15964491999928 51.3715150659875, -0.155523709304672 51.3592587780308))"
E05013757,3667,11.3518470613579,11.3518470613579,11.3518470613579,13.62482949305447,16.50748410305343,16.50748410305343,16.50748410305343,16.50748410305343,7.388696051616269,7.388696051616269,7.388696051616269,7.388696051616269,7.388696051616269,7.388696051616269,7.388696051616269,7.388696051616269,7.388696051616269,7.388696051616269,7.388696051616269,7.388696051616269,0,0,0,0,0,0,0,0,0,Carshalton South & Clockhouse,Sutton,"POLYGON ((-0.14904795448787 51.3461848381962, -0.144281006325339 51.3402208724176, -0.147522075023778 51.3387803325607, -0.144041970216683 51.3306684832559, -0.149304981123243 51.3287642396586, -0.144427844795996 51.3264757415144, -0.145558322827444 51.3235021391558, -0.156543168202182 51.3215085885945, -0.164187026486933 51.3260405183736, -0.163076714225111 51.3302642191708, -0.172858210232725 51.3300134638495, -0.187459117706562 51.3408122796846, -0.178710862166299 51.3513396562948, -0.173592290537768 51.3579697838178, -0.159233055245195 51.3585621051105, -0.16013237814976 51.3473971808317, -0.14904795448787 51.3461848381962))"
E05013758,4195,12.756154632001367,12.756154632001367,12.756154632001367,18.38212322711508,22.271295733033384,22.271295733033384,22.271295733033384,22.271295733033384,7.388696051616269,7.388696051616269,7.388696051616269,7.388696051616269,7.388696051616269,7.388696051616269,7.388696051616269,7.388696051616269,7.388696051616269,7.388696051616269,7.388696051616269,7.388696051616269,0,0,0,0,0,0,0,0,0,Cheam,Sutton,"POLYGON ((-0.209111973001912 51.3710298213147, -0.214488054699761 51.3648377206291, -0.211693915817765 51.3561175525477, -0.202050653173641 51.3401414075991, -0.213030837514285 51.3355410665542, -0.21409520850526 51.330350529535, -0.220940778700181 51.3298630408652, -0.229822680877552 51.3365228063624, -0.217264425569081 51.3433870908233, -0.226943704152365 51.362625173256, -0.223094842629404 51.3656575290748, -0.209763690315114 51.3716634163517, -0.209111973001912 51.3710298213147))"
E05013759,2945,79.23316177385794,79.23316177385794,79.23316177385794,21.555492989304803,26.11606684955717,26.11606684955717,26.11606684955717,26.11606684955717,7.388696051616269,7.388696051616269,7.388696051616269,7.388696051616269,7.388696051616269,7.388696051616269,7.388696051616269,7.388696051616269,7.388696051616269,7.388696051616269,7.388696051616269,7.388696051616269,0,0,0,0,0,0,0,0,0,Hackbridge,Sutton,"POLYGON ((-0.15393267418757 51.3773305069225, -0.156976512445586 51.3734420295297, -0.163941132371497 51.38140761389, -0.165265121539982 51.3879784538526, -0.152641383280427 51.3897696918266, -0.15393267418757 51.3773305069225))"
E05013760,4292,17.9274787123642,17.9274787123642,17.9274787123642,28.7448690815108,34.826525326374195,34.826525326374195,34.826525326374195,34.826525326374195,8.264393361437456,8.264393361437456,8.264393361437456,8.264393361437456,8.264393361437456,16.614792708660925,16.614792708660925,16.614792708660925,16.614792708660925,16.614792708660925,16.614792708660925,16.614792708660925,0,0,0,0,0,0,0,0,0,North Cheam,Sutton,"POLYGON ((-0.218080546340844 51.3801819376327, -0.220624425414162 51.3770153267097, -0.214198121385222 51.3763677371309, -0.209763690315114 51.3716634163517, -0.223094842629404 51.3656575290748, -0.23387126603078 51.3752058077813, -0.223196472164978 51.3820457424955, -0.218080546340844 51.3801819376327))"
E05013761,3192,3.8092512618559033,3.8092512618559033,3.8092512618559033,4.571978344886279,5.539288391549272,5.539288391549272,5.539288391549272,5.539288391549272,7.388696051616269,7.388696051616269,7.388696051616269,7.388696051616269,7.388696051616269,7.388696051616269,7.388696051616269,7.388696051616269,7.388696051616269,7.388696051616269,7.388696051616269,7.388696051616269,0,0,0,0,0,0,0,0,0,St Helier East,Sutton,"POLYGON ((-0.169929504311324 51.3916631352274, -0.165265121539982 51.3879784538526, -0.163941132371497 51.38140761389, -0.17125639293438 51.3798017730869, -0.182647101197102 51.3880543242385, -0.174842319084082 51.393417478451, -0.169929504311324 51.3916631352274))"
E05013762,4540,18.77821189475973,18.77821189475973,18.77821189475973,16.755962328407517,20.301082072883993,20.301082072883993,20.301082072883993,20.301082072883993,7.388696051616269,7.388696051616269,7.388696051616269,7.388696051616269,7.388696051616269,8.63969220850368,8.63969220850368,8.63969220850368,8.63969220850368,8.63969220850368,8.63969220850368,8.63969220850368,0,0,0,0,0,0,0,0,0,St Helier West,Sutton,"POLYGON ((-0.17125639293438 51.3798017730869, -0.176144572539194 51.3755266797379, -0.182574344440552 51.376847175142, -0.187343401226295 51.3819336848322, -0.197054264504921 51.3807332552573, -0.200284846794214 51.3849660535124, -0.193925869538765 51.3878707199244, -0.189626540746595 51.386060072182, -0.182647101197102 51.3880543242385, -0.17125639293438 51.3798017730869))"
E05013763,4162,6.196934438863173,6.196934438863173,6.196934438863173,7.437747764992192,9.011379045566668,9.011379045566668,9.011379045566668,9.011379045566668,7.388696051616269,7.388696051616269,7.388696051616269,7.388696051616269,7.388696051616269,7.388696051616269,7.388696051616269,7.388696051616269,7.388696051616269,7.388696051616269,7.388696051616269,7.388696051616269,0,0,0,0,0,0,0,0,0,South Beddington & Roundshaw,Sutton,"POLYGON ((-0.117287034566951 51.3456794501028, -0.126830974751929 51.3448565293047, -0.128347088804468 51.3474506802943, -0.144281006325339 51.3402208724176, -0.14904795448787 51.3461848381962, -0.137834945047526 51.3595832641875, -0.121408350637414 51.3623405136072, -0.124689709608309 51.3588656620409, -0.117287034566951 51.3456794501028))"
E05013764,3067,7.490829104916816,7.490829104916816,7.490829104916816,8.99071919877442,10.892918280147512,10.892918280147512,10.892918280147512,10.892918280147512,7.388696051616269,7.388696051616269,7.388696051616269,7.388696051616269,7.388696051616269,7.857819610449049,7.857819610449049,7.857819610449049,7.857819610449049,7.857819610449049,7.857819610449049,7.857819610449049,0,0,0,0,0,0,0,0,0,Stonecot,Sutton,"POLYGON ((-0.200284846794214 51.3849660535124, -0.197054264504921 51.3807332552573, -0.208572992809448 51.3714323008056, -0.209111973001912 51.3710298213147, -0.209763690315114 51.3716634163517, -0.214198121385222 51.3763677371309, -0.220624425414162 51.3770153267097, -0.218080546340844 51.3801819376327, -0.209768435062252 51.3882522913326, -0.200284846794214 51.3849660535124))"
E05013765,5754,74.80705644811276,74.80705644811276,74.80705644811276,44.79283137219529,54.269813224759936,54.269813224759936,54.269813224759936,54.269813224759936,241.41880210132865,241.41880210132865,241.41880210132865,241.41880210132865,241.41880210132865,19.585908581268523,19.585908581268523,19.585908581268523,19.585908581268523,19.585908581268523,19.585908581268523,19.585908581268523,0,0,0,0,0,0,0,0,0,Sutton Central,Sutton,"POLYGON ((-0.188053437203598 51.3603304852671, -0.193868891327548 51.359256771726, -0.197704580894861 51.361996931941, -0.195839693556783 51.366733803405, -0.200553490457871 51.3684040717261, -0.181053497135099 51.3697798952419, -0.17857044995721 51.3616012620397, -0.188053437203598 51.3603304852671))"
E05013766,4379,47.05680188705033,47.05680188705033,47.05680188705033,19.978765618419803,24.20574554806848,24.20574554806848,24.20574554806848,24.20574554806848,7.607620379071566,7.607620379071566,7.607620379071566,7.607620379071566,7.607620379071566,7.701445090838122,7.701445090838122,7.701445090838122,7.701445090838122,7.701445090838122,7.701445090838122,7.701445090838122,0,0,0,0,0,0,0,0,0,Sutton North,Sutton,"POLYGON ((-0.182574344440552 51.376847175142, -0.181053497135099 51.3697798952419, -0.200553490457871 51.3684040717261, -0.205671618434428 51.3679859436399, -0.208572992809448 51.3714323008056, -0.197054264504921 51.3807332552573, -0.187343401226295 51.3819336848322, -0.182574344440552 51.376847175142))"
E05013767,5871,8.169161909845139,8.169161909845139,8.169161909845139,44.859549499887265,54.350647148797094,54.350647148797094,54.350647148797094,54.350647148797094,7.388696051616269,7.388696051616269,7.388696051616269,7.388696051616269,7.388696051616269,10.516186443834796,10.516186443834796,10.516186443834796,10.516186443834796,10.516186443834796,10.516186443834796,10.516186443834796,0,0,0,0,0,0,0,0,0,Sutton South,Sutton,"POLYGON ((-0.173592290537768 51.3579697838178, -0.178710862166299 51.3513396562948, -0.184216530351056 51.3541392655607, -0.197888693389981 51.3512919052704, -0.201641595377466 51.3578893895441, -0.193868891327548 51.359256771726, -0.188053437203598 51.3603304852671, -0.173592290537768 51.3579697838178))"
E05013768,4618,23.51014297007979,23.51014297007979,23.51014297007979,16.65315443713112,20.176522743038536,20.176522743038536,20.176522743038536,20.176522743038536,7.388696051616269,7.388696051616269,7.388696051616269,7.388696051616269,7.388696051616269,12.54905519877684,12.54905519877684,12.54905519877684,12.54905519877684,12.54905519877684,12.54905519877684,12.54905519877684,0,0,0,0,0,0,0,0,0,Sutton West & East Cheam,Sutton,"POLYGON ((-0.200553490457871 51.3684040717261, -0.195839693556783 51.366733803405, -0.197704580894861 51.361996931941, -0.193868891327548 51.359256771726, -0.201641595377466 51.3578893895441, -0.211693915817765 51.3561175525477, -0.214488054699761 51.3648377206291, -0.209111973001912 51.3710298213147, -0.208572992809448 51.3714323008056, -0.205671618434428 51.3679859436399, -0.200553490457871 51.3684040717261))"
E05013769,4402,8.272364637965694,8.272364637965694,8.272364637965694,9.928741735811723,12.029401648716831,12.029401648716831,12.029401648716831,12.029401648716831,7.388696051616269,7.388696051616269,7.388696051616269,7.388696051616269,7.388696051616269,8.014194130059975,8.014194130059975,8.014194130059975,8.014194130059975,8.014194130059975,8.014194130059975,8.014194130059975,0,0,0,0,0,0,0,0,0,The Wrythe,Sutton,"POLYGON ((-0.156976512445586 51.3734420295297, -0.15964491999928 51.3715150659875, -0.167446341878255 51.36823796025, -0.17113122087318 51.3715451475091, -0.181053497135099 51.3697798952419, -0.182574344440552 51.376847175142, -0.176144572539194 51.3755266797379, -0.17125639293438 51.3798017730869, -0.163941132371497 51.38140761389, -0.156976512445586 51.3734420295297))"
E05013770,5123,14.51914457751274,14.51914457751274,14.51914457751274,34.95365297203216,42.34892415157216,42.34892415157216,42.34892415157216,42.34892415157216,7.607620379071566,7.607620379071566,7.607620379071566,7.607620379071566,7.607620379071566,8.483317688892754,8.483317688892754,8.483317688892754,8.483317688892754,8.483317688892754,8.483317688892754,8.483317688892754,0,0,0,0,0,0,0,0,0,Wallington North,Sutton,"POLYGON ((-0.140454066946117 51.3622007376465, -0.155523709304672 51.3592587780308, -0.15964491999928 51.3715150659875, -0.156976512445586 51.3734420295297, -0.15393267418757 51.3773305069225, -0.140584560851561 51.3709411463285, -0.140454066946117 51.3622007376465))"
E05013771,4879,24.81305850491466,24.81305850491466,24.81305850491466,23.63777898890848,28.63890965313067,28.63890965313067,28.63890965313067,28.63890965313067,21.83770166366586,21.83770166366586,21.83770166366586,21.83770166366586,21.83770166366586,8.170568649670901,8.170568649670901,8.170568649670901,8.170568649670901,8.170568649670901,8.170568649670901,8.170568649670901,0,0,0,0,0,0,0,0,0,Wallington South,Sutton,"POLYGON ((-0.137834945047526 51.3595832641875, -0.14904795448787 51.3461848381962, -0.16013237814976 51.3473971808317, -0.159233055245195 51.3585621051105, -0.155523709304672 51.3592587780308, -0.140454066946117 51.3622007376465, -0.137834945047526 51.3595832641875))"
E05013772,3334,10.3806358275983,10.3806358275983,10.3806358275983,12.459152454754877,15.095180544404558,15.095180544404558,15.095180544404558,15.095180544404558,7.388696051616269,7.388696051616269,7.388696051616269,7.388696051616269,7.388696051616269,7.857819610449049,7.857819610449049,7.857819610449049,7.857819610449049,7.857819610449049,7.857819610449049,7.857819610449049,0,0,0,0,0,0,0,0,0,Worcester Park North,Sutton,"POLYGON ((-0.223196472164978 51.3820457424955, -0.23387126603078 51.3752058077813, -0.245041244589302 51.3799602704585, -0.245030259031958 51.3800339656124, -0.244959905330948 51.3806514224095, -0.23967668186346 51.3892942876317, -0.234633353676997 51.3905378113132, -0.223196472164978 51.3820457424955))"
E05013773,2769,12.725806938642544,12.725806938642544,12.725806938642544,15.273897610085816,18.505451544820257,18.505451544820257,18.505451544820257,18.505451544820257,7.388696051616269,7.388696051616269,7.388696051616269,7.388696051616269,7.388696051616269,8.326943169281828,8.326943169281828,8.326943169281828,8.326943169281828,8.326943169281828,8.326943169281828,8.326943169281828,0,0,0,0,0,0,0,0,0,Worcester Park South,Sutton,"POLYGON ((-0.23387126603078 51.3752058077813, -0.223094842629404 51.3656575290748, -0.226943704152365 51.362625173256, -0.233949402392238 51.3653847836474, -0.245404841047607 51.3668454406997, -0.244679371284931 51.3690611545428, -0.245041244589302 51.3799602704585, -0.23387126603078 51.3752058077813))"
E05013774,4623,8.493859279571684,8.493859279571684,8.493859279571684,10.194586290375852,12.35149190023798,12.35149190023798,12.35149190023798,12.35149190023798,9.486720856396197,9.486720856396197,9.486720856396197,9.486720856396197,9.486720856396197,9.486720856396197,9.486720856396197,9.486720856396197,9.486720856396197,9.486720856396197,9.486720856396197,9.486720856396197,0,0,0,0,0,0,0,0,0,Barnes,Richmond upon Thames,"POLYGON ((-0.225834410217329 51.4786941441571, -0.225356569938479 51.4764343927807, -0.224891478005853 51.4759145556557, -0.223642311868644 51.4722316598663, -0.232924033408999 51.4716787416289, -0.245648927050744 51.4709143351917, -0.251582335067772 51.4735973466137, -0.251480720048389 51.4736359825557, -0.251405180380742 51.4738937770625, -0.248520909527052 51.4837346764794, -0.235505416577919 51.4889505349782, -0.228011328288862 51.4851101178221, -0.225834410217329 51.4786941441571))"
E05013775,4312,15.076195854269267,15.076195854269267,15.076195854269267,19.54045893170511,23.674704725363643,23.674704725363643,23.674704725363643,23.674704725363643,11.019191148583277,11.019191148583277,11.019191148583277,11.019191148583277,11.019191148583277,9.486720856396197,9.486720856396197,9.486720856396197,9.486720856396197,9.486720856396197,9.486720856396197,9.486720856396197,0,0,0,0,0,0,0,0,0,East Sheen,Richmond upon Thames,"POLYGON ((-0.252892206493031 51.4652165228006, -0.259089619978081 51.4549320259913, -0.2416054470792 51.4431326263224, -0.254066819000282 51.4372901119915, -0.256322751685764 51.4363483424704, -0.266158009418296 51.437552274458, -0.283022324959984 51.4466713504654, -0.282679483060119 51.4493856998785, -0.277636872770839 51.4566095784444, -0.282751292605377 51.4564477868837, -0.284432198981201 51.4617560895675, -0.2793524623011 51.4596050499261, -0.27815306865593 51.4642835771032, -0.271672456201365 51.4641538117415, -0.271539897249937 51.4675956102341, -0.252892206493031 51.4652165228006))"
E05013776,4631,12.551777518477472,12.551777518477472,12.551777518477472,23.015567045533395,27.88505407136136,27.88505407136136,27.88505407136136,27.88505407136136,16.71122366242099,16.71122366242099,16.71122366242099,16.71122366242099,16.71122366242099,20.276562709550113,20.276562709550113,20.276562709550113,20.276562709550113,20.276562709550113,20.276562709550113,20.276562709550113,0,0,0,0,0,0,0,0,0,Fulwell & Hampton Hill,Richmond upon Thames,"POLYGON ((-0.350729101591529 51.436061239553, -0.339712895937012 51.4335846470857, -0.339926043708869 51.4263537967407, -0.345272614917245 51.427290017588, -0.345263588291553 51.4226830261599, -0.352523078075457 51.4205102042883, -0.360188363553587 51.4220712039955, -0.366993903243827 51.4328133183863, -0.376220246060479 51.4354850417533, -0.376141543060283 51.4355267046105, -0.361416625319401 51.4393410219725, -0.350729101591529 51.436061239553))"
E05013777,4758,16.954590891498125,16.954590891498125,16.954590891498125,29.203427552457043,35.38210267677879,35.38210267677879,35.38210267677879,35.38210267677879,25.468196760632868,25.468196760632868,25.468196760632868,25.468196760632868,25.468196760632868,9.486720856396197,9.486720856396197,9.486720856396197,9.486720856396197,9.486720856396197,9.486720856396197,9.486720856396197,0,0,0,0,0,0,0,0,0,"Ham, Petersham & Richmond Riverside",Richmond upon Thames,"MULTIPOLYGON (((-0.305721933936308 51.4509921173929, -0.305944312743549 51.4508965595326, -0.305559832304913 51.4552258839736, -0.305515425258594 51.4551006036794, -0.304279006346907 51.4516121349187, -0.305721933936308 51.4509921173929)), ((-0.256322751685764 51.4363483424704, -0.278571222474179 51.4233492441412, -0.286596279700984 51.4201719476417, -0.287753932187085 51.4227385442639, -0.290616410493338 51.4289901643506, -0.294767385289856 51.4264608683694, -0.30159557731122 51.4314293684906, -0.31065617392531 51.4322104984599, -0.31444736144441 51.4282589753108, -0.318950894174912 51.4295046707333, -0.318440402732133 51.4295582066725, -0.325634190277715 51.4327954702645, -0.326941894455216 51.4334695337683, -0.329935975601981 51.4417008325464, -0.305853232909415 51.4485109112634, -0.302547817224562 51.4523442861917, -0.304885867123853 51.4562360491053, -0.299543897276558 51.4557884085452, -0.295835704327623 51.4499461528386, -0.282679483060119 51.4493856998785, -0.283022324959984 51.4466713504654, -0.266158009418296 51.437552274458, -0.256322751685764 51.4363483424704)))"
E05013778,4426,17.327222675817755,17.327222675817755,17.327222675817755,17.002077470056513,20.599268688016505,20.599268688016505,20.599268688016505,20.599268688016505,11.675964130949165,11.675964130949165,11.675964130949165,11.675964130949165,11.675964130949165,9.486720856396197,9.486720856396197,9.486720856396197,9.486720856396197,9.486720856396197,9.486720856396197,9.486720856396197,0,0,0,0,0,0,0,0,0,Hampton,Richmond upon Thames,"POLYGON ((-0.352523078075457 51.4205102042883, -0.351712765259466 51.4117054345169, -0.335899842216319 51.4110063828697, -0.33540267691974 51.4084905551623, -0.318641300980387 51.4107677259616, -0.312175251537789 51.4103403322673, -0.31848148038514 51.4009215260025, -0.312125775572857 51.3981418622059, -0.317697879461912 51.3936670802519, -0.325860281127279 51.3914396052782, -0.338342120465142 51.4008482310026, -0.359139329301899 51.4119031603976, -0.373860203915347 51.4084933058406, -0.383350028118426 51.4085382960284, -0.389649816289074 51.4106933301514, -0.386641678029352 51.4200808195965, -0.39134197049661 51.4223261130517, -0.384921173992198 51.4212586669798, -0.360188363553587 51.4220712039955, -0.352523078075457 51.4205102042883))"
E05013779,4216,3.5170658200475877,3.5170658200475877,3.5170658200475877,8.377255157379933,10.149661425720328,10.149661425720328,10.149661425720328,10.149661425720328,15.835526352599803,15.835526352599803,15.835526352599803,15.835526352599803,15.835526352599803,10.268593454450828,10.268593454450828,10.268593454450828,10.268593454450828,10.268593454450828,10.268593454450828,10.268593454450828,0,0,0,0,0,0,0,0,0,Hampton North,Richmond upon Thames,"POLYGON ((-0.360188363553587 51.4220712039955, -0.384921173992198 51.4212586669798, -0.3883602829289 51.428053706297, -0.376220246060479 51.4354850417533, -0.366993903243827 51.4328133183863, -0.360188363553587 51.4220712039955))"
E05013780,4947,10.953342256701593,10.953342256701593,10.953342256701593,11.881672598066082,14.395521179200513,14.395521179200513,14.395521179200513,14.395521179200513,9.92456951130679,9.92456951130679,9.92456951130679,9.92456951130679,9.92456951130679,9.643095376007125,9.643095376007125,9.643095376007125,9.643095376007125,9.643095376007125,9.643095376007125,9.643095376007125,0,0,0,0,0,0,0,0,0,Hampton Wick & South Teddington,Richmond upon Thames,"POLYGON ((-0.31444736144441 51.4282589753108, -0.308382047758409 51.424996436813, -0.308477787622889 51.4135198944494, -0.31027513707757 51.3996059315675, -0.312125775572857 51.3981418622059, -0.31848148038514 51.4009215260025, -0.312175251537789 51.4103403322673, -0.318641300980387 51.4107677259616, -0.320262931561947 51.4181408470814, -0.329500796943035 51.4229534263036, -0.328299898712331 51.4270333856779, -0.320155158282653 51.4295140555238, -0.319940908618239 51.4294008376814, -0.31901378002931 51.4294980752364, -0.318950894174912 51.4295046707333, -0.31444736144441 51.4282589753108))"
E05013781,3863,8.521312406174811,8.521312406174811,8.521312406174811,10.227536361584274,12.39141333756274,12.39141333756274,12.39141333756274,12.39141333756274,10.58134249367268,10.58134249367268,10.58134249367268,10.58134249367268,10.58134249367268,10.112218934839902,10.112218934839902,10.112218934839902,10.112218934839902,10.112218934839902,10.112218934839902,10.112218934839902,0,0,0,0,0,0,0,0,0,Heathfield,Richmond upon Thames,"POLYGON ((-0.353004782903914 51.4488206440241, -0.367078699364153 51.4417132700475, -0.378222807998155 51.4424912268383, -0.387671957727299 51.4493692634999, -0.369567298725676 51.4569679270368, -0.377225019366554 51.4521010092929, -0.353004782903914 51.4488206440241))"
E05013782,5390,17.29905357574433,17.29905357574433,17.29905357574433,16.78757386591128,20.33938177807168,20.33938177807168,20.33938177807168,20.33938177807168,14.303056060412729,14.303056060412729,14.303056060412729,14.303056060412729,14.303056060412729,12.77058576822565,12.77058576822565,12.77058576822565,12.77058576822565,12.77058576822565,12.77058576822565,12.77058576822565,0,0,0,0,0,0,0,0,0,Kew,Richmond upon Thames,"MULTIPOLYGON (((-0.308372862008595 51.4757015774785, -0.308449292001495 51.4756715930869, -0.30431061260375 51.4792360883207, -0.304398983515156 51.47913657024, -0.306958809473683 51.4762536119496, -0.308372862008595 51.4757015774785)), ((-0.283968228521337 51.4863232551949, -0.283824843454084 51.486221194219, -0.284113622024457 51.4863378321891, -0.283968228521337 51.4863232551949)), ((-0.273465153845283 51.4763676516121, -0.270539522539533 51.4726804305998, -0.276961688709406 51.4690296442395, -0.28831144769626 51.4676518471351, -0.290712862407654 51.4744091211707, -0.29354844966178 51.4703933944328, -0.309820417549382 51.473756875013, -0.295386562512078 51.484759483039, -0.287272129073823 51.4865216784335, -0.27834252133451 51.4823184385095, -0.277986808365265 51.4820651831361, -0.273465153845283 51.4763676516121)), ((-0.290706994661781 51.4869986720621, -0.295419837580966 51.4860039770734, -0.292518111949495 51.4871801285466, -0.290706994661781 51.4869986720621)))"
E05013783,5527,57.066492978555495,57.066492978555495,57.066492978555495,92.52525599288722,112.10116010715122,112.10116010715122,112.10116010715122,112.10116010715122,38.82258073540598,38.82258073540598,38.82258073540598,38.82258073540598,38.82258073540598,9.486720856396197,9.486720856396197,9.486720856396197,9.486720856396197,9.486720856396197,9.486720856396197,9.486720856396197,0,0,0,0,0,0,0,0,0,Mortlake & Barnes Common,Richmond upon Thames,"MULTIPOLYGON (((-0.255065830748371 51.472924263257, -0.25521169579162 51.4725763934941, -0.255740940674504 51.4726138164156, -0.255783084832855 51.4726169005125, -0.255065830748371 51.472924263257)), ((-0.251582335067772 51.4735973466137, -0.245648927050744 51.4709143351917, -0.232924033408999 51.4716787416289, -0.233549098846449 51.4653449480144, -0.239532958192522 51.4648393672552, -0.252892206493031 51.4652165228006, -0.271539897249937 51.4675956102341, -0.2768262226794 51.4667945309067, -0.276961688709406 51.4690296442395, -0.270539522539533 51.4726804305998, -0.260215048755059 51.4703144337835, -0.251582335067772 51.4735973466137)))"
E05013784,4839,12.022062577237852,12.022062577237852,12.022062577237852,65.38500677588216,79.21874989196245,79.21874989196245,79.21874989196245,79.21874989196245,71.22338119878991,71.22338119878991,71.22338119878991,71.22338119878991,71.22338119878991,9.799469895618053,9.799469895618053,9.799469895618053,9.799469895618053,9.799469895618053,9.799469895618053,9.799469895618053,0,0,0,0,0,0,0,0,0,North Richmond,Richmond upon Thames,"POLYGON ((-0.276961688709406 51.4690296442395, -0.2768262226794 51.4667945309067, -0.271539897249937 51.4675956102341, -0.271672456201365 51.4641538117415, -0.27815306865593 51.4642835771032, -0.288909396491983 51.4616970544726, -0.303299574936339 51.4648263847457, -0.313673393749735 51.4606574910062, -0.313854906653685 51.460745486439, -0.319245650051518 51.468361331958, -0.31012093679786 51.4735277232241, -0.309820417549382 51.473756875013, -0.29354844966178 51.4703933944328, -0.290712862407654 51.4744091211707, -0.28831144769626 51.4676518471351, -0.276961688709406 51.4690296442395))"
E05013785,5066,40.24501540385626,40.24501540385626,40.24501540385626,16.13971467000478,19.55445266149849,19.55445266149849,19.55445266149849,19.55445266149849,9.92456951130679,9.92456951130679,9.92456951130679,9.92456951130679,9.92456951130679,9.643095376007125,9.643095376007125,9.643095376007125,9.643095376007125,9.643095376007125,9.643095376007125,9.643095376007125,0,0,0,0,0,0,0,0,0,St Margarets & North Twickenham,Richmond upon Thames,"POLYGON ((-0.313776538623357 51.4596665212513, -0.318661264728941 51.4526989297437, -0.322456030434337 51.4538156357102, -0.337924586835939 51.4481723162646, -0.346217431517447 51.4479616414734, -0.342657978796241 51.4581068267004, -0.341702041927378 51.459021326517, -0.336961686652331 51.4546306123898, -0.32702552748154 51.4569989960641, -0.325383967732106 51.4636246946027, -0.321386133831888 51.4651686731652, -0.313872211174679 51.4597090163854, -0.313776538623357 51.4596665212513))"
E05013786,5585,6.25812258362587,6.25812258362587,6.25812258362587,6.788410823405153,8.224659531297696,8.224659531297696,8.224659531297696,8.224659531297696,20.214012901705747,20.214012901705747,20.214012901705747,20.214012901705747,20.214012901705747,16.99269779772066,16.99269779772066,16.99269779772066,16.99269779772066,16.99269779772066,16.99269779772066,16.99269779772066,0,0,0,0,0,0,0,0,0,South Richmond,Richmond upon Thames,"POLYGON ((-0.27815306865593 51.4642835771032, -0.2793524623011 51.4596050499261, -0.284432198981201 51.4617560895675, -0.282751292605377 51.4564477868837, -0.277636872770839 51.4566095784444, -0.282679483060119 51.4493856998785, -0.295835704327623 51.4499461528386, -0.299543897276558 51.4557884085452, -0.304885867123853 51.4562360491053, -0.305022033220876 51.4564626820492, -0.313673393749735 51.4606574910062, -0.303299574936339 51.4648263847457, -0.288909396491983 51.4616970544726, -0.27815306865593 51.4642835771032))"
E05013787,4357,14.34257641669693,14.34257641669693,14.34257641669693,17.214393139051364,20.856504753432834,20.856504753432834,20.856504753432834,20.856504753432834,9.486720856396197,9.486720856396197,9.486720856396197,9.486720856396197,9.486720856396197,9.486720856396197,9.486720856396197,9.486720856396197,9.486720856396197,9.486720856396197,9.486720856396197,9.486720856396197,0,0,0,0,0,0,0,0,0,South Twickenham,Richmond upon Thames,"POLYGON ((-0.330626186985562 51.4421522437012, -0.330964782906169 51.4418849460865, -0.331364063270804 51.4415697355629, -0.328495017073711 51.4339831005002, -0.339712895937012 51.4335846470857, -0.350729101591529 51.436061239553, -0.343511574663817 51.4423054146601, -0.346217431517447 51.4479616414734, -0.337924586835939 51.4481723162646, -0.329830048250599 51.4455541442397, -0.330626186985562 51.4421522437012))"
E05013788,5175,26.493095021818228,26.493095021818228,26.493095021818228,16.0774169293642,19.478974361839423,19.478974361839423,19.478974361839423,19.478974361839423,9.92456951130679,9.92456951130679,9.92456951130679,9.92456951130679,9.92456951130679,9.643095376007125,9.643095376007125,9.643095376007125,9.643095376007125,9.643095376007125,9.643095376007125,9.643095376007125,0,0,0,0,0,0,0,0,0,Teddington,Richmond upon Thames,"MULTIPOLYGON (((-0.326941894455216 51.4334695337683, -0.325634190277715 51.4327954702645, -0.325947416677613 51.4329364031656, -0.326928618555641 51.4334330286381, -0.326941894455216 51.4334695337683)), ((-0.328299898712331 51.4270333856779, -0.329500796943035 51.4229534263036, -0.320262931561947 51.4181408470814, -0.318641300980387 51.4107677259616, -0.33540267691974 51.4084905551623, -0.335899842216319 51.4110063828697, -0.351712765259466 51.4117054345169, -0.352523078075457 51.4205102042883, -0.345263588291553 51.4226830261599, -0.345272614917245 51.427290017588, -0.339926043708869 51.4263537967407, -0.339712895937012 51.4335846470857, -0.328495017073711 51.4339831005002, -0.328481718815092 51.4339479296831, -0.320191773126606 51.4295334042274, -0.320155158282653 51.4295140555238, -0.328299898712331 51.4270333856779)))"
E05013789,5246,18.588114509844488,18.588114509844488,18.588114509844488,13.817388709537958,16.740783771619412,16.740783771619412,16.740783771619412,16.740783771619412,11.675964130949165,11.675964130949165,11.675964130949165,11.675964130949165,11.675964130949165,9.486720856396197,9.486720856396197,9.486720856396197,9.486720856396197,9.486720856396197,9.486720856396197,9.486720856396197,0,0,0,0,0,0,0,0,0,Twickenham Riverside,Richmond upon Thames,"POLYGON ((-0.305559832304913 51.4552258839736, -0.305944312743549 51.4508965595326, -0.315798396056739 51.4466615144021, -0.325075276811457 51.446533688409, -0.330626186985562 51.4421522437012, -0.329830048250599 51.4455541442397, -0.337924586835939 51.4481723162646, -0.322456030434337 51.4538156357102, -0.318661264728941 51.4526989297437, -0.313776538623357 51.4596665212513, -0.305892400035465 51.4561641079539, -0.305559832304913 51.4552258839736))"
E05013790,4456,11.505067298099103,11.505067298099103,11.505067298099103,13.808729046069995,16.730291951732195,16.730291951732195,16.730291951732195,16.730291951732195,11.019191148583277,11.019191148583277,11.019191148583277,11.019191148583277,11.019191148583277,10.268593454450828,10.268593454450828,10.268593454450828,10.268593454450828,10.268593454450828,10.268593454450828,10.268593454450828,0,0,0,0,0,0,0,0,0,West Twickenham,Richmond upon Thames,"POLYGON ((-0.346217431517447 51.4479616414734, -0.343511574663817 51.4423054146601, -0.350729101591529 51.436061239553, -0.361416625319401 51.4393410219725, -0.376141543060283 51.4355267046105, -0.367078699364153 51.4417132700475, -0.353004782903914 51.4488206440241, -0.346217431517447 51.4479616414734))"
E05013791,4169,17.914673347888773,17.914673347888773,17.914673347888773,26.38047509697988,31.961887927946876,31.961887927946876,31.961887927946876,31.961887927946876,16.930147989876293,16.930147989876293,16.930147989876293,16.930147989876293,16.930147989876293,10.58134249367268,10.58134249367268,10.58134249367268,10.58134249367268,10.58134249367268,10.58134249367268,10.58134249367268,0,0,0,0,0,0,0,0,0,Whitton,Richmond upon Thames,"POLYGON ((-0.346217431517447 51.4479616414734, -0.353004782903914 51.4488206440241, -0.377225019366554 51.4521010092929, -0.369567298725676 51.4569679270368, -0.342657978796241 51.4581068267004, -0.346217431517447 51.4479616414734))"
E05013792,7287,22.11809279979267,22.11809279979267,22.11809279979267,27.08888520214325,32.82017892934165,32.82017892934165,32.82017892934165,32.82017892934165,31.306178826107455,31.306178826107455,31.306178826107455,31.306178826107455,31.306178826107455,31.11852940257434,31.11852940257434,31.11852940257434,31.11852940257434,31.11852940257434,31.11852940257434,31.11852940257434,0,0,0,0,0,0,0,0,0,Abbey Road,Westminster,"POLYGON ((-0.17576552433296 51.5396167268367, -0.173485635946981 51.5376342787527, -0.176089126900714 51.5360135091538, -0.168957647843202 51.530121996237, -0.171939792855637 51.5264310232544, -0.176826267876741 51.524626254039, -0.181358550027571 51.5283880825431, -0.188748581031736 51.5345256984123, -0.178328139673015 51.539794984165, -0.17576552433296 51.5396167268367))"
E05013793,7945,24.852162544288436,24.852162544288436,24.852162544288436,24.94957223706651,30.228243758302423,30.228243758302423,30.228243758302423,30.228243758302423,30.64940584374156,30.64940584374156,30.64940584374156,30.64940584374156,30.64940584374156,30.64940584374156,30.64940584374156,30.64940584374156,30.64940584374156,30.64940584374156,30.64940584374156,30.64940584374156,0,0,0,0,0,0,0,0,0,Bayswater,Westminster,"POLYGON ((-0.184942891422216 51.5195254123183, -0.18332536633873 51.5184064900173, -0.18964780608945 51.5152289597446, -0.189079283257286 51.5101220258654, -0.192121606468868 51.5098744443778, -0.195049639830061 51.515033034598, -0.199178343182813 51.5145533565738, -0.199916228771765 51.5168480352109, -0.195143516697357 51.5205489699384, -0.184942891422216 51.5195254123183))"
E05013794,5103,166.94961092261428,166.94961092261428,166.94961092261428,96.29810314190254,116.67224221627922,116.67224221627922,116.67224221627922,116.67224221627922,31.306178826107455,31.306178826107455,31.306178826107455,31.306178826107455,31.306178826107455,31.11852940257434,31.11852940257434,31.11852940257434,31.11852940257434,31.11852940257434,31.11852940257434,31.11852940257434,0,0,0,0,0,0,0,0,0,Church Street,Westminster,"POLYGON ((-0.164271913941335 51.5209412266352, -0.165246888495999 51.5207699720101, -0.170113790155872 51.5199472819677, -0.176826267876741 51.524626254039, -0.171939792855637 51.5264310232544, -0.167333434098311 51.5282871783808, -0.164271913941335 51.5209412266352))"
E05013795,5630,29.23536074371624,29.23536074371624,29.23536074371624,27.31931182127417,33.09935774432521,33.09935774432521,33.09935774432521,33.09935774432521,30.64940584374156,30.64940584374156,30.64940584374156,30.64940584374156,30.64940584374156,30.64940584374156,30.64940584374156,30.64940584374156,30.64940584374156,30.64940584374156,30.64940584374156,30.64940584374156,0,0,0,0,0,0,0,0,0,Harrow Road,Westminster,"POLYGON ((-0.197339667992266 51.5278963565528, -0.19744620560205 51.5252450060379, -0.190278996818331 51.5249370706737, -0.189803526836799 51.5247033974883, -0.201614842679578 51.5227436735689, -0.207295433042116 51.5262405492271, -0.201403075004127 51.5285550101486, -0.203034598889536 51.5328995274811, -0.197339667992266 51.5278963565528))"
E05013796,7622,63.22773624954465,63.22773624954465,63.22773624954465,37.580667152452975,45.53174525358294,45.53174525358294,45.53174525358294,45.53174525358294,31.08725449865215,31.08725449865215,31.08725449865215,31.08725449865215,31.08725449865215,30.805780363352486,30.805780363352486,30.805780363352486,30.805780363352486,30.805780363352486,30.805780363352486,30.805780363352486,0,0,0,0,0,0,0,0,0,Hyde Park,Westminster,"POLYGON ((-0.161641146385814 51.5142188510758, -0.152520650063153 51.5039082128447, -0.171232030021368 51.5066780255957, -0.172277497620776 51.5120120130273, -0.18332536633873 51.5184064900173, -0.184942891422216 51.5195254123183, -0.179906561423405 51.5201004248778, -0.170113790155872 51.5199472819677, -0.165246888495999 51.5207699720101, -0.167442734284429 51.5181154943003, -0.161641146385814 51.5142188510758))"
E05013797,8919,68.61636737838782,68.61636737838782,68.61636737838782,50.19186768537385,60.81114323971802,60.81114323971802,60.81114323971802,60.81114323971802,31.962951808473345,31.962951808473345,31.962951808473345,31.962951808473345,31.962951808473345,31.431278441796195,31.431278441796195,31.431278441796195,31.431278441796195,31.431278441796195,31.431278441796195,31.431278441796195,0,0,0,0,0,0,0,0,0,Knightsbridge & Belgravia,Westminster,"POLYGON ((-0.152520650063153 51.5039082128447, -0.149887541323165 51.5032090087203, -0.144841385422374 51.4966975042946, -0.148260457676381 51.490062314598, -0.147470161153049 51.4853435045441, -0.149979158603456 51.4854851824766, -0.150332330164787 51.4854382898946, -0.155816826032337 51.4947324152021, -0.158448217525237 51.5022504177161, -0.165481234843845 51.4986979728123, -0.179546548954858 51.4977795217552, -0.180311745243243 51.5014622351373, -0.174677579680423 51.5021599564779, -0.171232030021368 51.5066780255957, -0.152520650063153 51.5039082128447))"
E05013798,7505,42.03540015224539,42.03540015224539,42.03540015224539,24.974273885677505,30.258171624333563,30.258171624333563,30.258171624333563,30.258171624333563,31.306178826107455,31.306178826107455,31.306178826107455,31.306178826107455,31.306178826107455,33.30777267712731,33.30777267712731,33.30777267712731,33.30777267712731,33.30777267712731,33.30777267712731,33.30777267712731,0,0,0,0,0,0,0,0,0,Lancaster Gate,Westminster,"POLYGON ((-0.171232030021368 51.5066780255957, -0.174677579680423 51.5021599564779, -0.180311745243243 51.5014622351373, -0.184234923274109 51.5017946276641, -0.189079283257286 51.5101220258654, -0.18964780608945 51.5152289597446, -0.18332536633873 51.5184064900173, -0.172277497620776 51.5120120130273, -0.171232030021368 51.5066780255957))"
E05013799,5491,67.90067942871696,67.90067942871696,67.90067942871696,25.48124300991359,30.872402045590015,30.872402045590015,30.872402045590015,30.872402045590015,31.962951808473345,31.962951808473345,31.962951808473345,31.962951808473345,31.962951808473345,31.58765296140712,31.58765296140712,31.58765296140712,31.58765296140712,31.58765296140712,31.58765296140712,31.58765296140712,0,0,0,0,0,0,0,0,0,Little Venice,Westminster,"POLYGON ((-0.176826267876741 51.524626254039, -0.170113790155872 51.5199472819677, -0.179906561423405 51.5201004248778, -0.189803526836799 51.5247033974883, -0.190278996818331 51.5249370706737, -0.181358550027571 51.5283880825431, -0.176826267876741 51.524626254039))"
E05013800,5555,30.967174217859466,30.967174217859466,30.967174217859466,25.06122582769823,30.363520304210148,30.363520304210148,30.363520304210148,30.363520304210148,30.64940584374156,30.64940584374156,30.64940584374156,30.64940584374156,30.64940584374156,30.64940584374156,30.64940584374156,30.64940584374156,30.64940584374156,30.64940584374156,30.64940584374156,30.64940584374156,0,0,0,0,0,0,0,0,0,Maida Vale,Westminster,"POLYGON ((-0.188748581031736 51.5345256984123, -0.181358550027571 51.5283880825431, -0.190278996818331 51.5249370706737, -0.19744620560205 51.5252450060379, -0.197339667992266 51.5278963565528, -0.191458547220205 51.5362913453065, -0.188748581031736 51.5345256984123))"
E05013801,9720,51.49901901370555,51.49901901370555,51.49901901370555,25.12975450004023,30.44654783639802,30.44654783639802,30.44654783639802,30.44654783639802,31.306178826107455,31.306178826107455,31.306178826107455,31.306178826107455,31.306178826107455,31.11852940257434,31.11852940257434,31.11852940257434,31.11852940257434,31.11852940257434,31.11852940257434,31.11852940257434,0,0,0,0,0,0,0,0,0,Marylebone,Westminster,"POLYGON ((-0.161641146385814 51.5142188510758, -0.167442734284429 51.5181154943003, -0.165246888495999 51.5207699720101, -0.164271913941335 51.5209412266352, -0.147957055444403 51.5234780462583, -0.142961958513316 51.5173733884812, -0.161641146385814 51.5142188510758))"
E05013802,6707,31.516193334899977,31.516193334899977,31.516193334899977,27.165728743578303,32.913280537644944,32.913280537644944,32.913280537644944,32.913280537644944,33.933270755571016,33.933270755571016,33.933270755571016,33.933270755571016,33.933270755571016,38.6245063438988,38.6245063438988,38.6245063438988,38.6245063438988,38.6245063438988,38.6245063438988,38.6245063438988,0,0,0,0,0,0,0,0,0,Pimlico North,Westminster,"POLYGON ((-0.142711032747907 51.4965536260831, -0.131512874923402 51.4896078769303, -0.141407112854475 51.4877542885288, -0.148260457676381 51.490062314598, -0.144841385422374 51.4966975042946, -0.142711032747907 51.4965536260831))"
E05013803,6359,31.205079714583185,31.205079714583185,31.205079714583185,24.62399038606262,29.8337773737925,29.8337773737925,29.8337773737925,29.8337773737925,30.64940584374156,30.64940584374156,30.64940584374156,30.64940584374156,30.64940584374156,30.64940584374156,30.64940584374156,30.64940584374156,30.64940584374156,30.64940584374156,30.64940584374156,30.64940584374156,0,0,0,0,0,0,0,0,0,Pimlico South,Westminster,"POLYGON ((-0.131512874923402 51.4896078769303, -0.128457519716824 51.4882394309284, -0.136490890379183 51.4854030742651, -0.141875968135479 51.4850274154261, -0.147470161153049 51.4853435045441, -0.148260457676381 51.490062314598, -0.141407112854475 51.4877542885288, -0.131512874923402 51.4896078769303))"
E05013804,5447,23.672501760851915,23.672501760851915,23.672501760851915,28.41245115638985,34.42377653474334,34.42377653474334,34.42377653474334,34.42377653474334,30.64940584374156,30.64940584374156,30.64940584374156,30.64940584374156,30.64940584374156,30.64940584374156,30.64940584374156,30.64940584374156,30.64940584374156,30.64940584374156,30.64940584374156,30.64940584374156,0,0,0,0,0,0,0,0,0,Queen's Park,Westminster,"POLYGON ((-0.207295433042116 51.5262405492271, -0.215546934485741 51.5267216493086, -0.216004504140691 51.5279299344382, -0.215182844575574 51.5313912776595, -0.203034598889536 51.5328995274811, -0.201403075004127 51.5285550101486, -0.207295433042116 51.5262405492271))"
E05013805,7858,30.719961465005547,30.719961465005547,30.719961465005547,26.210067219457155,31.755426237495968,31.755426237495968,31.755426237495968,31.755426237495968,31.744027481018048,31.744027481018048,31.744027481018048,31.744027481018048,31.744027481018048,35.80976499090213,35.80976499090213,35.80976499090213,35.80976499090213,35.80976499090213,35.80976499090213,35.80976499090213,0,0,0,0,0,0,0,0,0,Regent's Park,Westminster,"POLYGON ((-0.14517318268498 51.5239960338076, -0.147957055444403 51.5234780462583, -0.164271913941335 51.5209412266352, -0.167333434098311 51.5282871783808, -0.171939792855637 51.5264310232544, -0.168957647843202 51.530121996237, -0.176089126900714 51.5360135091538, -0.173485635946981 51.5376342787527, -0.164935703520094 51.5357815053199, -0.152706883198073 51.5375212232938, -0.14517318268498 51.5239960338076))"
E05013806,8861,119.67496363039008,119.67496363039008,119.67496363039008,27.631827301627727,33.47799325873839,33.47799325873839,33.47799325873839,33.47799325873839,35.246816720302796,35.246816720302796,35.246816720302796,35.246816720302796,35.246816720302796,36.748012108567686,36.748012108567686,36.748012108567686,36.748012108567686,36.748012108567686,36.748012108567686,36.748012108567686,0,0,0,0,0,0,0,0,0,St James's,Westminster,"POLYGON ((-0.111474950392423 51.5107577789505, -0.121349370238457 51.50741025314, -0.122264781903832 51.5038952155563, -0.124654468169523 51.4947164003967, -0.142711032747907 51.4965536260831, -0.144841385422374 51.4966975042946, -0.149887541323165 51.5032090087203, -0.129041448588674 51.5134527300329, -0.111581077794617 51.5153396471014, -0.111474950392423 51.5107577789505))"
E05013807,6555,75.5943968437721,75.5943968437721,75.5943968437721,24.41590548451417,29.58166719464145,29.58166719464145,29.58166719464145,29.58166719464145,30.64940584374156,30.64940584374156,30.64940584374156,30.64940584374156,30.64940584374156,30.64940584374156,30.64940584374156,30.64940584374156,30.64940584374156,30.64940584374156,30.64940584374156,30.64940584374156,0,0,0,0,0,0,0,0,0,Vincent Square,Westminster,"POLYGON ((-0.124654468169523 51.4947164003967, -0.124856944842419 51.4943665146596, -0.128457519716824 51.4882394309284, -0.131512874923402 51.4896078769303, -0.142711032747907 51.4965536260831, -0.124654468169523 51.4947164003967))"
E05013808,11165,40.89640687455315,40.89640687455315,40.89640687455315,27.582492173091907,33.41822011805855,33.41822011805855,33.41822011805855,33.41822011805855,35.465741047758094,35.465741047758094,35.465741047758094,35.465741047758094,35.465741047758094,39.71912798117529,39.71912798117529,39.71912798117529,39.71912798117529,39.71912798117529,39.71912798117529,39.71912798117529,0,0,0,0,0,0,0,0,0,West End,Westminster,"POLYGON ((-0.143494259717961 51.5239642040091, -0.130352202259822 51.5164348803781, -0.129041448588674 51.5134527300329, -0.149887541323165 51.5032090087203, -0.152520650063153 51.5039082128447, -0.161641146385814 51.5142188510758, -0.142961958513316 51.5173733884812, -0.147957055444403 51.5234780462583, -0.14517318268498 51.5239960338076, -0.143494259717961 51.5239642040091))"
E05013809,5179,78.56424407036769,78.56424407036769,78.56424407036769,27.799711569309785,33.68139741005837,33.68139741005837,33.68139741005837,33.68139741005837,35.246816720302796,35.246816720302796,35.246816720302796,35.246816720302796,35.246816720302796,38.6245063438988,38.6245063438988,38.6245063438988,38.6245063438988,38.6245063438988,38.6245063438988,38.6245063438988,0,0,0,0,0,0,0,0,0,Westbourne,Westminster,"POLYGON ((-0.179906561423405 51.5201004248778, -0.184942891422216 51.5195254123183, -0.195143516697357 51.5205489699384, -0.199916228771765 51.5168480352109, -0.203742319568994 51.52062432557, -0.201614842679578 51.5227436735689, -0.189803526836799 51.5247033974883, -0.179906561423405 51.5201004248778))"
E05013810,4860,26.436888340294004,26.436888340294004,26.436888340294004,170.684191144904,206.7964647486669,206.7964647486669,206.7964647486669,206.7964647486669,19.320071897929942,19.320071897929942,19.320071897929942,19.320071897929942,19.320071897929942,9.249552834986291,9.249552834986291,9.249552834986291,9.249552834986291,9.249552834986291,9.249552834986291,9.249552834986291,0,0,0,0,0,0,0,0,0,Abbey,Merton,"POLYGON ((-0.182325092498919 51.4162298848838, -0.184061528715631 51.412120131254, -0.185683417648812 51.4070835671587, -0.186895661997032 51.4059433317572, -0.202104613217371 51.4144494496039, -0.201909659998562 51.4195343810879, -0.188041982718564 51.4213370689415, -0.187153956280671 51.415933246478, -0.182325092498919 51.4162298848838))"
E05013811,3643,12.205604690563128,12.205604690563128,12.205604690563128,14.64953516988766,17.748990477812498,17.748990477812498,17.748990477812498,17.748990477812498,9.249552834986291,9.249552834986291,9.249552834986291,9.249552834986291,9.249552834986291,9.249552834986291,9.249552834986291,9.249552834986291,9.249552834986291,9.249552834986291,9.249552834986291,9.249552834986291,0,0,0,0,0,0,0,0,0,Cannon Hill,Merton,"POLYGON ((-0.200135486472123 51.3972747319381, -0.203279128114653 51.3944526261492, -0.217455527510593 51.3921172055635, -0.221123613266917 51.3965238726296, -0.228768250026486 51.4070758636543, -0.214078194168785 51.4092021784188, -0.200135486472123 51.3972747319381))"
E05013812,5110,15.366377393408914,15.366377393408914,15.366377393408914,29.1041477722586,35.26181791327288,35.26181791327288,35.26181791327288,35.26181791327288,22.166088154848808,22.166088154848808,22.166088154848808,22.166088154848808,22.166088154848808,61.94776594386847,61.94776594386847,61.94776594386847,61.94776594386847,61.94776594386847,61.94776594386847,61.94776594386847,0,0,0,0,0,0,0,0,0,Colliers Wood,Merton,"POLYGON ((-0.16157368060006 51.4198639130111, -0.161971013192783 51.4180856125118, -0.161795427216287 51.4161101540128, -0.17107663703932 51.4165125720267, -0.184061528715631 51.412120131254, -0.182325092498919 51.4162298848838, -0.178672821015639 51.4243134205855, -0.16157368060006 51.4198639130111))"
E05013813,4396,56.083307102295706,56.083307102295706,56.083307102295706,92.79076022694169,112.42283803531768,112.42283803531768,112.42283803531768,112.42283803531768,77.11609434612832,77.11609434612832,77.11609434612832,77.11609434612832,77.11609434612832,31.767483658959687,31.767483658959687,31.767483658959687,31.767483658959687,31.767483658959687,31.767483658959687,31.767483658959687,0,0,0,0,0,0,0,0,0,Cricket Green,Merton,"POLYGON ((-0.167886809263229 51.4068605970445, -0.164590910670507 51.4020626507291, -0.162037667381191 51.4049324831506, -0.157496689939603 51.4030547997789, -0.158776290382829 51.3983126995511, -0.134308288693061 51.3909223082518, -0.134353416957172 51.3908854911656, -0.152641383280427 51.3897696918266, -0.165265121539982 51.3879784538526, -0.169929504311324 51.3916631352274, -0.167387007839492 51.3968150012108, -0.186895661997032 51.4059433317572, -0.185683417648812 51.4070835671587, -0.173474766239874 51.4074475617608, -0.171840795465315 51.4049617466491, -0.167886809263229 51.4068605970445))"
E05013814,4496,31.206799019831053,31.206799019831053,31.206799019831053,78.472925538118,95.0757271128369,95.0757271128369,95.0757271128369,95.0757271128369,21.50931517248291,21.50931517248291,21.50931517248291,21.50931517248291,21.50931517248291,15.660908139034271,15.660908139034271,15.660908139034271,15.660908139034271,15.660908139034271,15.660908139034271,15.660908139034271,0,0,0,0,0,0,0,0,0,Figge's Marsh,Merton,"POLYGON ((-0.153138165562929 51.4094190834915, -0.146825144197751 51.4072450080397, -0.150647303680535 51.4039325086562, -0.157496689939603 51.4030547997789, -0.162037667381191 51.4049324831506, -0.164590910670507 51.4020626507291, -0.167886809263229 51.4068605970445, -0.164704225121528 51.4081529134145, -0.167291150591248 51.4109842819064, -0.161502840613193 51.4112760344485, -0.161795427216287 51.4161101540128, -0.161971013192783 51.4180856125118, -0.153138165562929 51.4094190834915))"
E05013815,4424,13.989900642395144,13.989900642395144,13.989900642395144,18.598043029051144,22.532898470873956,22.532898470873956,22.532898470873956,22.532898470873956,22.822861137214694,22.822861137214694,22.822861137214694,22.822861137214694,22.822861137214694,15.660908139034271,15.660908139034271,15.660908139034271,15.660908139034271,15.660908139034271,15.660908139034271,15.660908139034271,0,0,0,0,0,0,0,0,0,Graveney,Merton,"POLYGON ((-0.140379469201757 51.4192492641484, -0.143228674206665 51.4172592994488, -0.153138165562929 51.4094190834915, -0.161971013192783 51.4180856125118, -0.16157368060006 51.4198639130111, -0.159857820713139 51.4226280295963, -0.144454366216548 51.4177517052053, -0.140379469201757 51.4192492641484))"
E05013816,4150,7.814181068222812,7.814181068222812,7.814181068222812,12.992699984685776,15.74161266108151,15.74161266108151,15.74161266108151,15.74161266108151,25.449953066678265,25.449953066678265,25.449953066678265,25.449953066678265,25.449953066678265,37.55334088456396,37.55334088456396,37.55334088456396,37.55334088456396,37.55334088456396,37.55334088456396,37.55334088456396,0,0,0,0,0,0,0,0,0,Hillside,Merton,"POLYGON ((-0.20404164257166 51.4226533886281, -0.219037742459062 51.4129442474082, -0.222017376175151 51.4114786369496, -0.22212962864743 51.4156541768221, -0.219338989805539 51.4168524563084, -0.22369848614836 51.4197084861656, -0.21731678747074 51.4226163521936, -0.214221661219953 51.4212207879796, -0.203978795297759 51.4286101434876, -0.199089880767827 51.4273328281476, -0.20404164257166 51.4226533886281))"
E05013817,4466,67.55831302916215,67.55831302916215,67.55831302916215,27.419349122567517,33.220560300412544,33.220560300412544,33.220560300412544,33.220560300412544,16.255131313555793,16.255131313555793,16.255131313555793,16.255131313555793,16.255131313555793,15.660908139034271,15.660908139034271,15.660908139034271,15.660908139034271,15.660908139034271,15.660908139034271,15.660908139034271,0,0,0,0,0,0,0,0,0,Lavender Fields,Merton,"POLYGON ((-0.161795427216287 51.4161101540128, -0.161502840613193 51.4112760344485, -0.167291150591248 51.4109842819064, -0.164704225121528 51.4081529134145, -0.167886809263229 51.4068605970445, -0.171840795465315 51.4049617466491, -0.173474766239874 51.4074475617608, -0.185683417648812 51.4070835671587, -0.184061528715631 51.412120131254, -0.17107663703932 51.4165125720267, -0.161795427216287 51.4161101540128))"
E05013818,4311,7.368501443221321,7.368501443221321,7.368501443221321,8.843897846806186,10.715033402040236,10.715033402040236,10.715033402040236,10.715033402040236,9.249552834986291,9.249552834986291,9.249552834986291,9.249552834986291,9.249552834986291,9.249552834986291,9.249552834986291,9.249552834986291,9.249552834986291,9.249552834986291,9.249552834986291,9.249552834986291,0,0,0,0,0,0,0,0,0,Longthornton,Merton,"POLYGON ((-0.127722267477981 51.4123206689225, -0.131508189010393 51.4049290291027, -0.145754652193945 51.3997469532007, -0.150647303680535 51.4039325086562, -0.146825144197751 51.4072450080397, -0.153138165562929 51.4094190834915, -0.143228674206665 51.4172592994488, -0.148059824268802 51.412870194636, -0.127722267477981 51.4123206689225))"
E05013819,4234,5.388982070776956,5.388982070776956,5.388982070776956,13.515092743855028,16.374529951674585,16.374529951674585,16.374529951674585,16.374529951674585,18.882223243019354,18.882223243019354,18.882223243019354,18.882223243019354,18.882223243019354,10.344174472262775,10.344174472262775,10.344174472262775,10.344174472262775,10.344174472262775,10.344174472262775,10.344174472262775,0,0,0,0,0,0,0,0,0,Lower Morden,Merton,"POLYGON ((-0.203279128114653 51.3944526261492, -0.198325617192094 51.3903745946616, -0.200284846794214 51.3849660535124, -0.209768435062252 51.3882522913326, -0.218080546340844 51.3801819376327, -0.223196472164978 51.3820457424955, -0.234633353676997 51.3905378113132, -0.221123613266917 51.3965238726296, -0.217455527510593 51.3921172055635, -0.203279128114653 51.3944526261492))"
E05013820,3207,104.37891878917569,104.37891878917569,104.37891878917569,103.23403656203853,125.07563623534548,125.07563623534548,125.07563623534548,125.07563623534548,61.353542769346944,61.353542769346944,61.353542769346944,61.353542769346944,61.353542769346944,9.875050913429996,9.875050913429996,9.875050913429996,9.875050913429996,9.875050913429996,9.875050913429996,9.875050913429996,0,0,0,0,0,0,0,0,0,Merton Park,Merton,"POLYGON ((-0.186895661997032 51.4059433317572, -0.188889931222343 51.4040895295217, -0.194552906060711 51.4019750079015, -0.19818610681253 51.3949774523514, -0.200135486472123 51.3972747319381, -0.214078194168785 51.4092021784188, -0.202104613217371 51.4144494496039, -0.186895661997032 51.4059433317572))"
E05013821,4022,5.3510169077171135,5.3510169077171135,5.3510169077171135,6.42245201049918,7.7812734845587475,7.7812734845587475,7.7812734845587475,7.7812734845587475,9.249552834986291,9.249552834986291,9.249552834986291,9.249552834986291,9.249552834986291,9.249552834986291,9.249552834986291,9.249552834986291,9.249552834986291,9.249552834986291,9.249552834986291,9.249552834986291,0,0,0,0,0,0,0,0,0,Pollards Hill,Merton,"POLYGON ((-0.125391517089764 51.3988244843397, -0.134308288693061 51.3909223082518, -0.158776290382829 51.3983126995511, -0.157496689939603 51.4030547997789, -0.150647303680535 51.4039325086562, -0.145754652193945 51.3997469532007, -0.131508189010393 51.4049290291027, -0.125391517089764 51.3988244843397))"
E05013822,3573,55.627465613960894,55.627465613960894,55.627465613960894,14.545139527716184,17.62250747085434,17.62250747085434,17.62250747085434,17.62250747085434,16.692979968466386,16.692979968466386,16.692979968466386,16.692979968466386,16.692979968466386,14.409911982146864,14.409911982146864,14.409911982146864,14.409911982146864,14.409911982146864,14.409911982146864,14.409911982146864,0,0,0,0,0,0,0,0,0,Ravensbury,Merton,"POLYGON ((-0.169929504311324 51.3916631352274, -0.174842319084082 51.393417478451, -0.182647101197102 51.3880543242385, -0.189626540746595 51.386060072182, -0.185737638047755 51.4006522834945, -0.188889931222343 51.4040895295217, -0.186895661997032 51.4059433317572, -0.167387007839492 51.3968150012108, -0.169929504311324 51.3916631352274))"
E05013823,5454,19.633646904058192,19.633646904058192,19.633646904058192,28.26294484551331,34.24263863122985,34.24263863122985,34.24263863122985,34.24263863122985,18.225450260653464,18.225450260653464,18.225450260653464,18.225450260653464,18.225450260653464,43.80832166900102,43.80832166900102,43.80832166900102,43.80832166900102,43.80832166900102,43.80832166900102,43.80832166900102,0,0,0,0,0,0,0,0,0,Raynes Park,Merton,"POLYGON ((-0.219037742459062 51.4129442474082, -0.214078194168785 51.4092021784188, -0.228768250026486 51.4070758636543, -0.236613103322305 51.4021695410995, -0.24467358153133 51.4038463222229, -0.247127020033179 51.4095169011444, -0.249576471808633 51.414904712653, -0.242377806174939 51.4122762159078, -0.22212962864743 51.4156541768221, -0.222017376175151 51.4114786369496, -0.219037742459062 51.4129442474082))"
E05013824,4238,73.53359063572996,73.53359063572996,73.53359063572996,151.3195108451578,183.3347287781928,183.3347287781928,183.3347287781928,183.3347287781928,9.249552834986291,9.249552834986291,9.249552834986291,9.249552834986291,9.249552834986291,19.413896609696508,19.413896609696508,19.413896609696508,19.413896609696508,19.413896609696508,19.413896609696508,19.413896609696508,0,0,0,0,0,0,0,0,0,St Helier,Merton,"POLYGON ((-0.189626540746595 51.386060072182, -0.193925869538765 51.3878707199244, -0.200284846794214 51.3849660535124, -0.198325617192094 51.3903745946616, -0.203279128114653 51.3944526261492, -0.200135486472123 51.3972747319381, -0.19818610681253 51.3949774523514, -0.194552906060711 51.4019750079015, -0.188889931222343 51.4040895295217, -0.185737638047755 51.4006522834945, -0.189626540746595 51.386060072182))"
E05013825,5387,9.330111272060872,9.330111272060872,9.330111272060872,5.958149374596381,7.218736655376528,7.218736655376528,7.218736655376528,7.218736655376528,9.249552834986291,9.249552834986291,9.249552834986291,9.249552834986291,9.249552834986291,9.249552834986291,9.249552834986291,9.249552834986291,9.249552834986291,9.249552834986291,9.249552834986291,9.249552834986291,0,0,0,0,0,0,0,0,0,Village,Merton,"POLYGON ((-0.209125204284082 51.438302078308, -0.212245492294696 51.430115153868, -0.203978795297759 51.4286101434876, -0.214221661219953 51.4212207879796, -0.21731678747074 51.4226163521936, -0.22369848614836 51.4197084861656, -0.219338989805539 51.4168524563084, -0.22212962864743 51.4156541768221, -0.242377806174939 51.4122762159078, -0.249576471808633 51.414904712653, -0.254224081510499 51.4293169620162, -0.251060202228833 51.4325655064198, -0.224509604384766 51.4385889243113, -0.209125204284082 51.438302078308))"
E05013826,2660,99.38080888006402,99.38080888006402,99.38080888006402,34.35357259526989,41.62188259226259,41.62188259226259,41.62188259226259,41.62188259226259,10.563098799718071,10.563098799718071,10.563098799718071,10.563098799718071,10.563098799718071,10.18779995265185,10.18779995265185,10.18779995265185,10.18779995265185,10.18779995265185,10.18779995265185,10.18779995265185,0,0,0,0,0,0,0,0,0,Wandle,Merton,"POLYGON ((-0.184229599015785 51.4312752657472, -0.184067846895003 51.4263790817244, -0.178672821015639 51.4243134205855, -0.182325092498919 51.4162298848838, -0.187153956280671 51.415933246478, -0.188041982718564 51.4213370689415, -0.189442835956174 51.425480494303, -0.189772073903049 51.4313512240008, -0.185736789975447 51.4331638714559, -0.184229599015785 51.4312752657472))"
E05013827,4076,12.631378014951114,12.631378014951114,12.631378014951114,22.20763496427132,26.90618486829505,26.90618486829505,26.90618486829505,26.90618486829505,9.249552834986291,9.249552834986291,9.249552834986291,9.249552834986291,9.249552834986291,15.191784580201492,15.191784580201492,15.191784580201492,15.191784580201492,15.191784580201492,15.191784580201492,15.191784580201492,0,0,0,0,0,0,0,0,0,West Barnes,Merton,"POLYGON ((-0.221123613266917 51.3965238726296, -0.234633353676997 51.3905378113132, -0.23967668186346 51.3892942876317, -0.246891669374426 51.3971086714084, -0.24467358153133 51.4038463222229, -0.236613103322305 51.4021695410995, -0.228768250026486 51.4070758636543, -0.221123613266917 51.3965238726296))"
E05013828,4424,31.82657490037589,31.82657490037589,31.82657490037589,34.22394346593838,41.4648273577128,41.4648273577128,41.4648273577128,41.4648273577128,10.12525014480748,10.12525014480748,10.12525014480748,10.12525014480748,10.12525014480748,15.34815909981242,15.34815909981242,15.34815909981242,15.34815909981242,15.34815909981242,15.34815909981242,15.34815909981242,0,0,0,0,0,0,0,0,0,Wimbledon Park,Merton,"POLYGON ((-0.189847029229653 51.4402784903936, -0.189772073903049 51.4313512240008, -0.189442835956174 51.425480494303, -0.20404164257166 51.4226533886281, -0.199089880767827 51.4273328281476, -0.203978795297759 51.4286101434876, -0.212245492294696 51.430115153868, -0.209125204284082 51.438302078308, -0.204498219750806 51.438967837622, -0.190020341140797 51.4414735533163, -0.189847029229653 51.4402784903936))"
E05013829,5494,13.231933514005672,13.231933514005672,13.231933514005672,27.08440640094208,32.814752531920185,32.814752531920185,32.814752531920185,32.814752531920185,22.166088154848808,22.166088154848808,22.166088154848808,22.166088154848808,22.166088154848808,46.62306302199769,46.62306302199769,46.62306302199769,46.62306302199769,46.62306302199769,46.62306302199769,46.62306302199769,0,0,0,0,0,0,0,0,0,Wimbledon Town & Dundonald,Merton,"POLYGON ((-0.188041982718564 51.4213370689415, -0.201909659998562 51.4195343810879, -0.202104613217371 51.4144494496039, -0.214078194168785 51.4092021784188, -0.219037742459062 51.4129442474082, -0.20404164257166 51.4226533886281, -0.189442835956174 51.425480494303, -0.188041982718564 51.4213370689415))"
E05013882,6107,32.532282465485906,32.532282465485906,32.532282465485906,21.15750158960868,25.633870965418964,25.633870965418964,25.633870965418964,25.633870965418964,17.523897302217172,17.523897302217172,17.523897302217172,17.523897302217172,17.523897302217172,25.154973859230378,25.154973859230378,25.154973859230378,25.154973859230378,25.154973859230378,25.154973859230378,25.154973859230378,0,0,0,0,0,0,0,0,0,Cann Hall,Waltham Forest,"POLYGON ((0.0203688672025549 51.5562688389235, 0.0162692370758874 51.5532254717214, 0.0146012632506383 51.5549562082886, 0.0095356984873178 51.5512392642911, -0.0001586728719226 51.5517401436209, 0.0095283253136774 51.5630018044227, 0.0142688152217677 51.5635091011541, 0.0203688672025549 51.5562688389235))"
E05013883,4093,13.44850583751559,13.44850583751559,13.44850583751559,55.89402663544777,67.71972864766113,67.71972864766113,67.71972864766113,67.71972864766113,28.25118934752672,28.25118934752672,28.25118934752672,28.25118934752672,28.25118934752672,37.50856090849356,37.50856090849356,37.50856090849356,37.50856090849356,37.50856090849356,37.50856090849356,37.50856090849356,0,0,0,0,0,0,0,0,0,Cathall,Waltham Forest,"POLYGON ((0.0095283253136774 51.5630018044227, -0.0001586728719226 51.5517401436209, -0.0041687220555767 51.5510431433054, -0.0086526192812125 51.5499286278292, -0.0108360170656893 51.5526261890895, -0.0059075146242032 51.5567098640703, 0.0056609459744038 51.5647721378563, 0.0095283253136774 51.5630018044227))"
E05013884,5060,12.709976572428944,12.709976572428944,12.709976572428944,117.16642630779911,141.95575222967253,141.95575222967253,141.95575222967253,141.95575222967253,51.67609238524348,51.67609238524348,51.67609238524348,51.67609238524348,51.67609238524348,13.583259408021828,13.583259408021828,13.583259408021828,13.583259408021828,13.583259408021828,13.583259408021828,13.583259408021828,0,0,0,0,0,0,0,0,0,Chapel End,Waltham Forest,"POLYGON ((-0.0170883640784667 51.6011509093613, -0.010734614872449 51.6004315051586, -0.0032591526323292 51.6003177003207, -0.0011966279854738 51.592440746396, -0.0087091686704081 51.5907109885373, -0.0173571898123494 51.5901679630493, -0.0234799853260621 51.5962956006946, -0.0270997649364001 51.5958982680341, -0.0203603787917016 51.6028846050007, -0.0170883640784667 51.6011509093613))"
E05013885,4913,14.159739582306386,14.159739582306386,14.159739582306386,53.6758694447627,65.03226789213583,65.03226789213583,65.03226789213583,65.03226789213583,17.523897302217172,17.523897302217172,17.523897302217172,17.523897302217172,17.523897302217172,13.583259408021828,13.583259408021828,13.583259408021828,13.583259408021828,13.583259408021828,13.583259408021828,13.583259408021828,0,0,0,0,0,0,0,0,0,Chingford Green,Waltham Forest,"POLYGON ((0.02515921561762 51.6372893906118, 0.0252244080890443 51.6352496039113, 0.0218144126030301 51.6288272201855, 0.020091050089819 51.6264295704631, 0.0048012856745168 51.627840727109, -0.0025402790991828 51.6280413221889, -0.0008134872826815 51.6315696932826, -0.0168090877314008 51.6335288975069, -0.0147663875445932 51.6367390522639, -0.0122587363440997 51.6462340740994, 0.0010672813362612 51.6417623958215, 0.0227195431411399 51.6411154937777, 0.02515921561762 51.6372893906118))"
E05013886,3700,12.355773153092954,12.355773153092954,12.355773153092954,17.901573290807924,21.68907410315115,21.68907410315115,21.68907410315115,21.68907410315115,17.08604864730658,17.08604864730658,17.08604864730658,17.08604864730658,17.08604864730658,13.583259408021828,13.583259408021828,13.583259408021828,13.583259408021828,13.583259408021828,13.583259408021828,13.583259408021828,0,0,0,0,0,0,0,0,0,Endlebury,Waltham Forest,"POLYGON ((0.0048012856745168 51.627840727109, 0.0014265781892187 51.6207954272883, -0.0166384967090931 51.622845823397, -0.0159739152367749 51.6262579751517, -0.0233926043352953 51.6252784390004, -0.0168090877314008 51.6335288975069, -0.0008134872826815 51.6315696932826, -0.0025402790991828 51.6280413221889, 0.0048012856745168 51.627840727109))"
E05013887,6066,15.844045586620084,15.844045586620084,15.844045586620084,105.20763514190789,127.46679622744742,127.46679622744742,127.46679622744742,127.46679622744742,57.80597355399179,57.80597355399179,57.80597355399179,57.80597355399179,57.80597355399179,32.97369983977669,32.97369983977669,32.97369983977669,32.97369983977669,32.97369983977669,32.97369983977669,32.97369983977669,0,0,0,0,0,0,0,0,0,Forest,Waltham Forest,"POLYGON ((0.016489795278798 51.5728899400021, 0.0076079981715347 51.5748950241196, -0.0053152286416062 51.5688491171402, -0.0082446028133908 51.5698534537613, -0.0171276565652045 51.5702787745595, -0.009870483213108 51.5738872345884, -0.0128445607777144 51.5754059528043, -0.0059483370498715 51.5789697130421, -0.0003815659917919 51.581336850706, 0.01492712956376 51.5833966694207, 0.016489795278798 51.5728899400021))"
E05013888,5792,22.42780185901761,22.42780185901761,22.42780185901761,33.242821762369395,40.27612617557456,40.27612617557456,40.27612617557456,40.27612617557456,13.583259408021828,13.583259408021828,13.583259408021828,13.583259408021828,13.583259408021828,13.583259408021828,13.583259408021828,13.583259408021828,13.583259408021828,13.583259408021828,13.583259408021828,13.583259408021828,0,0,0,0,0,0,0,0,0,Grove Green,Waltham Forest,"POLYGON ((-0.0053152286416062 51.5688491171402, 0.0056609459744038 51.5647721378563, -0.0059075146242032 51.5567098640703, -0.0111506894802591 51.5644990943793, -0.0082446028133908 51.5698534537613, -0.0053152286416062 51.5688491171402))"
E05013889,3631,13.993674198231378,13.993674198231378,13.993674198231378,32.154637162152106,38.95771041129424,38.95771041129424,38.95771041129424,38.95771041129424,20.588837886591328,20.588837886591328,20.588837886591328,20.588837886591328,20.588837886591328,23.903977702342967,23.903977702342967,23.903977702342967,23.903977702342967,23.903977702342967,23.903977702342967,23.903977702342967,0,0,0,0,0,0,0,0,0,Hale End & Highams Park South,Waltham Forest,"POLYGON ((0.0164071044917183 51.6039404967797, 0.0125543135204849 51.595357882183, -0.0032591526323292 51.6003177003207, -0.010734614872449 51.6004315051586, -0.0104499759055296 51.6073971225795, -0.0023061342241819 51.6103600743542, 0.0030927085232653 51.6068297982218, 0.0112613419126584 51.6083887377657, 0.0164071044917183 51.6039404967797))"
E05013890,5119,17.24296000626941,17.24296000626941,17.24296000626941,19.611355870133337,23.76060158628624,23.76060158628624,23.76060158628624,23.76060158628624,13.583259408021828,13.583259408021828,13.583259408021828,13.583259408021828,13.583259408021828,13.583259408021828,13.583259408021828,13.583259408021828,13.583259408021828,13.583259408021828,13.583259408021828,13.583259408021828,0,0,0,0,0,0,0,0,0,Hatch Lane & Highams Park North,Waltham Forest,"POLYGON ((0.020091050089819 51.6264295704631, 0.0145258422604809 51.6189035250088, 0.0087085350671692 51.6190749193472, 0.0212592156276525 51.6122735093353, 0.0195790105420407 51.6076109417719, 0.0164071044917183 51.6039404967797, 0.0112613419126584 51.6083887377657, 0.0030927085232653 51.6068297982218, -0.0023061342241819 51.6103600743542, 0.0014265781892187 51.6207954272883, 0.0048012856745168 51.627840727109, 0.020091050089819 51.6264295704631))"
E05013891,4777,173.20338853056634,173.20338853056634,173.20338853056634,40.019023206063814,48.48599314439756,48.48599314439756,48.48599314439756,48.48599314439756,60.65198981091065,60.65198981091065,60.65198981091065,60.65198981091065,60.65198981091065,14.834255564909238,14.834255564909238,14.834255564909238,14.834255564909238,14.834255564909238,14.834255564909238,14.834255564909238,0,0,0,0,0,0,0,0,0,High Street,Waltham Forest,"POLYGON ((-0.020537261784668 51.5869354172315, -0.0187958108913159 51.5830249515258, -0.0281688680478676 51.5819951499735, -0.0299613725532557 51.5773028430884, -0.0405466929019716 51.5872177623111, -0.0306337871872448 51.588886846583, -0.0286865249734653 51.5841869712859, -0.020537261784668 51.5869354172315))"
E05013892,5208,63.385746282685275,63.385746282685275,63.385746282685275,16.629094167610738,20.147371954999286,20.147371954999286,20.147371954999286,20.147371954999286,13.583259408021828,13.583259408021828,13.583259408021828,13.583259408021828,13.583259408021828,13.583259408021828,13.583259408021828,13.583259408021828,13.583259408021828,13.583259408021828,13.583259408021828,13.583259408021828,0,0,0,0,0,0,0,0,0,Higham Hill,Waltham Forest,"POLYGON ((-0.0203603787917016 51.6028846050007, -0.0270997649364001 51.5958982680341, -0.0401644466024587 51.589541661239, -0.0531593155370422 51.5869155117408, -0.0523537545303537 51.5935459941806, -0.0414260272729628 51.6056328600517, -0.0339951481904725 51.6094884308111, -0.0203603787917016 51.6028846050007))"
E05013893,5980,25.91808065102843,25.91808065102843,25.91808065102843,15.748655724944529,19.08065595657608,19.08065595657608,19.08065595657608,19.08065595657608,14.677881045298312,14.677881045298312,14.677881045298312,14.677881045298312,14.677881045298312,19.83824019245888,19.83824019245888,19.83824019245888,19.83824019245888,19.83824019245888,19.83824019245888,19.83824019245888,0,0,0,0,0,0,0,0,0,Hoe Street,Waltham Forest,"POLYGON ((-0.0059483370498715 51.5789697130421, -0.0128445607777144 51.5754059528043, -0.015511955807124 51.57646277141, -0.0187958108913159 51.5830249515258, -0.020537261784668 51.5869354172315, -0.0173571898123494 51.5901679630493, -0.0087091686704081 51.5907109885373, -0.0104489728499486 51.5828549640248, -0.0059483370498715 51.5789697130421))"
E05013894,5281,24.645104914950892,24.645104914950892,24.645104914950892,42.409087017112775,51.38173142767563,51.38173142767563,51.38173142767563,51.38173142767563,30.65935694953498,30.65935694953498,30.65935694953498,30.65935694953498,30.65935694953498,15.928877202185722,15.928877202185722,15.928877202185722,15.928877202185722,15.928877202185722,15.928877202185722,15.928877202185722,0,0,0,0,0,0,0,0,0,Larkswood,Waltham Forest,"POLYGON ((0.0014265781892187 51.6207954272883, -0.0023061342241819 51.6103600743542, -0.0104499759055296 51.6073971225795, -0.010734614872449 51.6004315051586, -0.0170883640784667 51.6011509093613, -0.0166384967090931 51.622845823397, 0.0014265781892187 51.6207954272883))"
E05013895,5978,107.59245871324435,107.59245871324435,107.59245871324435,143.2298641713429,173.53352620641803,173.53352620641803,173.53352620641803,173.53352620641803,25.40517309060786,25.40517309060786,25.40517309060786,25.40517309060786,25.40517309060786,29.37708588872539,29.37708588872539,29.37708588872539,29.37708588872539,29.37708588872539,29.37708588872539,29.37708588872539,0,0,0,0,0,0,0,0,0,Lea Bridge,Waltham Forest,"POLYGON ((-0.0128445607777144 51.5754059528043, -0.009870483213108 51.5738872345884, -0.0171276565652045 51.5702787745595, -0.0254294019869666 51.5674114831686, -0.0237175125136699 51.5648123597154, -0.03003074788377 51.5613653171739, -0.0451268451536833 51.5617915487147, -0.0511512761908931 51.5677252078935, -0.0481554176864058 51.5719050323804, -0.0279973547741849 51.5730337235935, -0.015511955807124 51.57646277141, -0.0128445607777144 51.5754059528043))"
E05013896,5071,205.4359827490087,205.4359827490087,205.4359827490087,86.8367947107941,105.209170432502,105.209170432502,105.209170432502,105.209170432502,73.34960080331788,73.34960080331788,73.34960080331788,73.34960080331788,73.34960080331788,49.86214795775674,49.86214795775674,49.86214795775674,49.86214795775674,49.86214795775674,49.86214795775674,49.86214795775674,0,0,0,0,0,0,0,0,0,Leyton,Waltham Forest,"POLYGON ((-0.0082446028133908 51.5698534537613, -0.0111506894802591 51.5644990943793, -0.0059075146242032 51.5567098640703, -0.0108360170656893 51.5526261890895, -0.0171400329819697 51.5515773128463, -0.0171649974466452 51.5516761847925, -0.03003074788377 51.5613653171739, -0.0237175125136699 51.5648123597154, -0.0254294019869666 51.5674114831686, -0.0171276565652045 51.5702787745595, -0.0082446028133908 51.5698534537613))"
E05013897,5174,14.05256231768509,14.05256231768509,14.05256231768509,91.13162564969082,110.41267433581916,110.41267433581916,110.41267433581916,110.41267433581916,42.70019495957631,42.70019495957631,42.70019495957631,42.70019495957631,42.70019495957631,49.70577343814581,49.70577343814581,49.70577343814581,49.70577343814581,49.70577343814581,49.70577343814581,49.70577343814581,0,0,0,0,0,0,0,0,0,Leytonstone,Waltham Forest,"POLYGON ((0.016489795278798 51.5728899400021, 0.0191562326633688 51.5698506119591, 0.0142688152217677 51.5635091011541, 0.0095283253136774 51.5630018044227, 0.0056609459744038 51.5647721378563, -0.0053152286416062 51.5688491171402, 0.0076079981715347 51.5748950241196, 0.016489795278798 51.5728899400021))"
E05013898,3341,12.946093356193405,12.946093356193405,12.946093356193405,17.164539817367324,20.79610378360028,20.79610378360028,20.79610378360028,20.79610378360028,15.991427010030094,15.991427010030094,15.991427010030094,15.991427010030094,15.991427010030094,27.96971521222705,27.96971521222705,27.96971521222705,27.96971521222705,27.96971521222705,27.96971521222705,27.96971521222705,0,0,0,0,0,0,0,0,0,Markhouse,Waltham Forest,"POLYGON ((-0.015511955807124 51.57646277141, -0.0279973547741849 51.5730337235935, -0.0299613725532557 51.5773028430884, -0.0281688680478676 51.5819951499735, -0.0187958108913159 51.5830249515258, -0.015511955807124 51.57646277141))"
E05013899,4941,105.04825180643792,105.04825180643792,105.04825180643792,120.84195084972936,146.4089208346247,146.4089208346247,146.4089208346247,146.4089208346247,17.742821629672466,17.742821629672466,17.742821629672466,17.742821629672466,17.742821629672466,16.554375280629426,16.554375280629426,16.554375280629426,16.554375280629426,16.554375280629426,16.554375280629426,16.554375280629426,0,0,0,0,0,0,0,0,0,St James,Waltham Forest,"POLYGON ((-0.0405466929019716 51.5872177623111, -0.0299613725532557 51.5773028430884, -0.0279973547741849 51.5730337235935, -0.0481554176864058 51.5719050323804, -0.0511512761908931 51.5677252078935, -0.0611585749892377 51.5777860362647, -0.0531593155370422 51.5869155117408, -0.0401644466024587 51.589541661239, -0.0405466929019716 51.5872177623111))"
E05013900,2990,17.006225238699432,17.006225238699432,17.006225238699432,20.411384856170063,24.72989560759605,24.72989560759605,24.72989560759605,24.72989560759605,13.583259408021828,13.583259408021828,13.583259408021828,13.583259408021828,13.583259408021828,13.583259408021828,13.583259408021828,13.583259408021828,13.583259408021828,13.583259408021828,13.583259408021828,13.583259408021828,0,0,0,0,0,0,0,0,0,Upper Walthamstow,Waltham Forest,"POLYGON ((0.0125543135204849 51.595357882183, 0.0129455668271882 51.5869620948654, 0.01492712956376 51.5833966694207, -0.0003815659917919 51.581336850706, -0.0011966279854738 51.592440746396, -0.0032591526323292 51.6003177003207, 0.0125543135204849 51.595357882183))"
E05013901,5206,18.51644621395941,18.51644621395941,18.51644621395941,47.882574051201885,58.0132639726924,58.0132639726924,58.0132639726924,58.0132639726924,50.1436220930564,50.1436220930564,50.1436220930564,50.1436220930564,50.1436220930564,29.064336849503537,29.064336849503537,29.064336849503537,29.064336849503537,29.064336849503537,29.064336849503537,29.064336849503537,0,0,0,0,0,0,0,0,0,Valley,Waltham Forest,"POLYGON ((-0.0166384967090931 51.622845823397, -0.0170883640784667 51.6011509093613, -0.0203603787917016 51.6028846050007, -0.0339951481904725 51.6094884308111, -0.0353633534301074 51.6129820535532, -0.0259720068496478 51.6217642487495, -0.0240246130002274 51.6246439662838, -0.0233926043352953 51.6252784390004, -0.0159739152367749 51.6262579751517, -0.0166384967090931 51.622845823397))"
E05013902,5905,20.404485664418637,20.404485664418637,20.404485664418637,16.90092319537481,20.47671283642839,20.47671283642839,20.47671283642839,20.47671283642839,13.583259408021828,13.583259408021828,13.583259408021828,13.583259408021828,13.583259408021828,14.834255564909238,14.834255564909238,14.834255564909238,14.834255564909238,14.834255564909238,14.834255564909238,14.834255564909238,0,0,0,0,0,0,0,0,0,William Morris,Waltham Forest,"POLYGON ((-0.0173571898123494 51.5901679630493, -0.020537261784668 51.5869354172315, -0.0286865249734653 51.5841869712859, -0.0306337871872448 51.588886846583, -0.0405466929019716 51.5872177623111, -0.0401644466024587 51.589541661239, -0.0270997649364001 51.5958982680341, -0.0234799853260621 51.5962956006946, -0.0173571898123494 51.5901679630493))"
E05013903,3839,38.826166352884655,38.826166352884655,38.826166352884655,27.808140009273252,33.69160908564532,33.69160908564532,33.69160908564532,33.69160908564532,25.18624876315256,25.18624876315256,25.18624876315256,25.18624876315256,25.18624876315256,13.739633927632752,13.739633927632752,13.739633927632752,13.739633927632752,13.739633927632752,13.739633927632752,13.739633927632752,0,0,0,0,0,0,0,0,0,Wood Street,Waltham Forest,"POLYGON ((-0.0003815659917919 51.581336850706, -0.0059483370498715 51.5789697130421, -0.0104489728499486 51.5828549640248, -0.0087091686704081 51.5907109885373, -0.0011966279854738 51.592440746396, -0.0003815659917919 51.581336850706))"
E05013904,5849,140.80659232330288,140.80659232330288,140.80659232330288,376.9793464466878,456.7382345460147,456.7382345460147,456.7382345460147,456.7382345460147,671.2402316718947,671.2402316718947,671.2402316718947,671.2402316718947,671.2402316718947,436.89737658296065,436.89737658296065,436.89737658296065,436.89737658296065,436.89737658296065,436.89737658296065,436.89737658296065,0,0,0,0,0,0,0,0,0,Beckton,Newham,"POLYGON ((0.0969342234120434 51.5163260924743, 0.0960699880794032 51.5167507305153, 0.0967901178299367 51.5151511996254, 0.0845804631805836 51.5122105298736, 0.0790250607428892 51.5068152508192, 0.0473943206257048 51.5090135466512, 0.0413222260746933 51.5196972025712, 0.0580331746675918 51.5201528539134, 0.0805028146733181 51.5276314417187, 0.0926345030692182 51.5256748562494, 0.0969342234120434 51.5163260924743))"
E05013905,4782,133.73958058220003,133.73958058220003,133.73958058220003,24.45554890457439,29.62969811691966,29.62969811691966,29.62969811691966,29.62969811691966,11.402308721630044,11.402308721630044,11.402308721630044,11.402308721630044,11.402308721630044,11.402308721630044,11.402308721630044,11.402308721630044,11.402308721630044,11.402308721630044,11.402308721630044,11.402308721630044,0,0,0,0,0,0,0,0,0,Boleyn,Newham,"POLYGON ((0.048704404385442 51.5268875367509, 0.0394260920301754 51.5254505268062, 0.0378359950797315 51.5302270245173, 0.0354173183331496 51.5353832142179, 0.0441720974736863 51.5373930069701, 0.048704404385442 51.5268875367509))"
E05013906,4192,249.61262233150623,249.61262233150623,249.61262233150623,555.8169793109611,673.4131942612623,673.4131942612623,673.4131942612623,673.4131942612623,114.73459128053018,114.73459128053018,114.73459128053018,114.73459128053018,114.73459128053018,42.989961683037166,42.989961683037166,42.989961683037166,42.989961683037166,42.989961683037166,42.989961683037166,42.989961683037166,0,0,0,0,0,0,0,0,0,Canning Town North,Newham,"POLYGON ((0.017363518827426 51.5171357988125, 0.0170095634296489 51.517100016197, 0.0041220976305709 51.5146596095557, -0.0022163233441921 51.5179991227225, -0.0056638402112066 51.5167641466106, -0.0080903401132746 51.5238353119479, -0.007811644691899 51.5253320137567, 0.0046316617083983 51.528302808826, 0.0119576305693617 51.5299875173792, 0.012434195143051 51.5196280609376, 0.017363518827426 51.5171357988125))"
E05013907,3198,264.81482012494706,264.81482012494706,264.81482012494706,314.2248564218885,380.7065493783081,380.7065493783081,380.7065493783081,380.7065493783081,73.79574204638966,73.79574204638966,73.79574204638966,73.79574204638966,73.79574204638966,16.093544309957835,16.093544309957835,16.093544309957835,16.093544309957835,16.093544309957835,16.093544309957835,16.093544309957835,0,0,0,0,0,0,0,0,0,Canning Town South,Newham,"POLYGON ((0.0187297300849363 51.5095749034575, 0.005987909675438 51.5101639670448, 0.0070605627709964 51.5143010584472, 0.0022350553900027 51.5110094219231, 0.0041220976305709 51.5146596095557, 0.0170095634296489 51.517100016197, 0.0217292037038793 51.5137037965261, 0.0187297300849363 51.5095749034575))"
E05013908,6484,143.5072291752352,143.5072291752352,143.5072291752352,206.9349945459736,250.7169821519213,250.7169821519213,250.7169821519213,250.7169821519213,91.3096882428134,91.3096882428134,91.3096882428134,91.3096882428134,91.3096882428134,13.74792651579394,13.74792651579394,13.74792651579394,13.74792651579394,13.74792651579394,13.74792651579394,13.74792651579394,0,0,0,0,0,0,0,0,0,Custom House,Newham,"POLYGON ((0.0473943206257048 51.5090135466512, 0.0402889422300035 51.5095049966707, 0.0187297300849363 51.5095749034575, 0.0217292037038793 51.5137037965261, 0.0170095634296489 51.517100016197, 0.017363518827426 51.5171357988125, 0.0233664509611991 51.5173114070813, 0.0413222260746933 51.5196972025712, 0.0473943206257048 51.5090135466512))"
E05013909,4600,39.90014435830973,39.90014435830973,39.90014435830973,234.90785459067155,284.6081616885299,284.6081616885299,284.6081616885299,284.6081616885299,42.2706388928269,42.2706388928269,42.2706388928269,42.2706388928269,42.2706388928269,16.875416908012465,16.875416908012465,16.875416908012465,16.875416908012465,16.875416908012465,16.875416908012465,16.875416908012465,0,0,0,0,0,0,0,0,0,East Ham,Newham,"POLYGON ((0.0593881677972887 51.5287181125132, 0.048704404385442 51.5268875367509, 0.0441720974736863 51.5373930069701, 0.0536217060192928 51.5396434479727, 0.0593881677972887 51.5287181125132))"
E05013910,5717,15.567357847068482,15.567357847068482,15.567357847068482,18.684412781218352,22.637541784877385,22.637541784877385,22.637541784877385,22.637541784877385,18.18896287274425,18.18896287274425,18.18896287274425,18.18896287274425,18.18896287274425,24.381393849336938,24.381393849336938,24.381393849336938,24.381393849336938,24.381393849336938,24.381393849336938,24.381393849336938,0,0,0,0,0,0,0,0,0,East Ham South,Newham,"POLYGON ((0.0804722688736994 51.5276517424409, 0.0805028146733181 51.5276314417187, 0.0580331746675918 51.5201528539134, 0.0413222260746933 51.5196972025712, 0.0394260920301754 51.5254505268062, 0.048704404385442 51.5268875367509, 0.0593881677972887 51.5287181125132, 0.0725981680026606 51.5307518462806, 0.0804722688736994 51.5276517424409))"
E05013911,4041,15.720066225845994,15.720066225845994,15.720066225845994,39.64753098299681,48.03590296383327,48.03590296383327,48.03590296383327,48.03590296383327,11.402308721630044,11.402308721630044,11.402308721630044,11.402308721630044,11.402308721630044,11.402308721630044,11.402308721630044,11.402308721630044,11.402308721630044,11.402308721630044,11.402308721630044,11.402308721630044,0,0,0,0,0,0,0,0,0,Forest Gate North,Newham,"POLYGON ((0.035434838427222 51.5552545421215, 0.0360065625162435 51.5510234550193, 0.0150748536281822 51.547768831056, 0.0162692370758874 51.5532254717214, 0.0203688672025549 51.5562688389235, 0.0253689556664166 51.5540638558903, 0.035434838427222 51.5552545421215))"
E05013912,6332,31.885921595090643,31.885921595090643,31.885921595090643,136.02600774139466,164.8055237342645,164.8055237342645,164.8055237342645,164.8055237342645,43.80310918501398,43.80310918501398,43.80310918501398,43.80310918501398,43.80310918501398,19.846532780620063,19.846532780620063,19.846532780620063,19.846532780620063,19.846532780620063,19.846532780620063,19.846532780620063,0,0,0,0,0,0,0,0,0,Forest Gate South,Newham,"POLYGON ((0.0386774814295495 51.5480717483574, 0.0311668530388062 51.5469491947923, 0.0212306079395623 51.5413775073089, 0.010528732245989 51.5409549430791, 0.0083989818111508 51.5446032449412, 0.0150748536281822 51.547768831056, 0.0360065625162435 51.5510234550193, 0.0438907490988524 51.5493501728364, 0.0386774814295495 51.5480717483574))"
E05013913,4698,18.359001513526987,18.359001513526987,18.359001513526987,22.03502777411562,26.697058548657772,26.697058548657772,26.697058548657772,26.697058548657772,14.029400651093606,14.029400651093606,14.029400651093606,14.029400651093606,14.029400651093606,12.809679398128385,12.809679398128385,12.809679398128385,12.809679398128385,12.809679398128385,12.809679398128385,12.809679398128385,0,0,0,0,0,0,0,0,0,Green Street East,Newham,"POLYGON ((0.042713509047127 51.5423437032262, 0.0389752917602911 51.5402677245602, 0.0441720974736863 51.5373930069701, 0.0354173183331496 51.5353832142179, 0.0311668530388062 51.5469491947923, 0.0386774814295495 51.5480717483574, 0.042713509047127 51.5423437032262))"
E05013914,4409,17.30176899707613,17.30176899707613,17.30176899707613,67.20451478719545,81.42321781484132,81.42321781484132,81.42321781484132,81.42321781484132,27.16486029841142,27.16486029841142,27.16486029841142,27.16486029841142,27.16486029841142,12.02780680007375,12.02780680007375,12.02780680007375,12.02780680007375,12.02780680007375,12.02780680007375,12.02780680007375,0,0,0,0,0,0,0,0,0,Green Street West,Newham,"POLYGON ((0.0354173183331496 51.5353832142179, 0.0269802893136911 51.5334418290744, 0.0274718886453214 51.5367175295776, 0.0220727665591187 51.5368475312203, 0.0212306079395623 51.5413775073089, 0.0311668530388062 51.5469491947923, 0.0354173183331496 51.5353832142179))"
E05013915,5338,14.067834970318104,14.067834970318104,14.067834970318104,58.986388754351424,71.46635303989363,71.46635303989363,71.46635303989363,71.46635303989363,13.372627668727716,13.372627668727716,13.372627668727716,13.372627668727716,13.372627668727716,13.27880295696116,13.27880295696116,13.27880295696116,13.27880295696116,13.27880295696116,13.27880295696116,13.27880295696116,0,0,0,0,0,0,0,0,0,Little Ilford,Newham,"POLYGON ((0.0636154519805844 51.5573078465204, 0.0649886194760412 51.5564105609889, 0.0683526095040045 51.5443920331686, 0.0682906145065432 51.5442409366187, 0.0570136403240658 51.5409161535304, 0.0571667691894705 51.5463987833941, 0.0534311402586885 51.5538301192319, 0.0443657014148482 51.5576007551001, 0.0419553911134369 51.5614522038725, 0.0503451200671899 51.5639901523825, 0.0600776414059348 51.5564654293793, 0.0636154519805844 51.5573078465204))"
E05013916,4997,16.512785601528805,16.512785601528805,16.512785601528805,40.23758830560935,48.75080085506062,48.75080085506062,48.75080085506062,48.75080085506062,42.7084875477375,42.7084875477375,42.7084875477375,42.7084875477375,42.7084875477375,14.217050074626718,14.217050074626718,14.217050074626718,14.217050074626718,14.217050074626718,14.217050074626718,14.217050074626718,0,0,0,0,0,0,0,0,0,Manor Park,Newham,"POLYGON ((0.0571667691894705 51.5463987833941, 0.0484396081329544 51.5483454322553, 0.0498659618877602 51.5436132637169, 0.042713509047127 51.5423437032262, 0.0386774814295495 51.5480717483574, 0.0438907490988524 51.5493501728364, 0.0360065625162435 51.5510234550193, 0.035434838427222 51.5552545421215, 0.0463276646802611 51.5548149155363, 0.0443657014148482 51.5576007551001, 0.0534311402586885 51.5538301192319, 0.0571667691894705 51.5463987833941))"
E05013917,4898,14.8771341115076,14.8771341115076,14.8771341115076,40.26206621556772,48.78045764524062,48.78045764524062,48.78045764524062,48.78045764524062,18.62681152765484,18.62681152765484,18.62681152765484,18.62681152765484,18.62681152765484,11.402308721630044,11.402308721630044,11.402308721630044,11.402308721630044,11.402308721630044,11.402308721630044,11.402308721630044,0,0,0,0,0,0,0,0,0,Maryland,Newham,"POLYGON ((0.0162692370758874 51.5532254717214, 0.0150748536281822 51.547768831056, 0.0083989818111508 51.5446032449412, -0.0003232817930775 51.5439073177241, -0.0041687220555767 51.5510431433054, -0.0001586728719226 51.5517401436209, 0.0095356984873178 51.5512392642911, 0.0146012632506383 51.5549562082886, 0.0162692370758874 51.5532254717214))"
E05013918,6014,32.772258313026654,32.772258313026654,32.772258313026654,93.5425136319934,113.3336426358181,113.3336426358181,113.3336426358181,113.3336426358181,17.31326556292306,17.31326556292306,17.31326556292306,17.31326556292306,17.31326556292306,11.7150577608519,11.7150577608519,11.7150577608519,11.7150577608519,11.7150577608519,11.7150577608519,11.7150577608519,0,0,0,0,0,0,0,0,0,Plaistow North,Newham,"POLYGON ((0.0220727665591187 51.5368475312203, 0.0274718886453214 51.5367175295776, 0.0269802893136911 51.5334418290744, 0.0354173183331496 51.5353832142179, 0.0378359950797315 51.5302270245173, 0.029338643857896 51.5259445438398, 0.0179856027015357 51.5313906879295, 0.018555244553111 51.5369842677789, 0.0220727665591187 51.5368475312203))"
E05013919,4413,18.705354198183763,18.705354198183763,18.705354198183763,34.73793631844718,42.08756754291639,42.08756754291639,42.08756754291639,42.08756754291639,26.727011643500823,26.727011643500823,26.727011643500823,26.727011643500823,26.727011643500823,25.31964096700249,25.31964096700249,25.31964096700249,25.31964096700249,25.31964096700249,25.31964096700249,25.31964096700249,0,0,0,0,0,0,0,0,0,Plaistow South,Newham,"POLYGON ((0.0394260920301754 51.5254505268062, 0.0413222260746933 51.5196972025712, 0.0233664509611991 51.5173114070813, 0.0226212431887397 51.522403477625, 0.029338643857896 51.5259445438398, 0.0378359950797315 51.5302270245173, 0.0394260920301754 51.5254505268062))"
E05013920,6168,18.09928824133538,18.09928824133538,18.09928824133538,43.40661606148511,52.590311311240754,52.590311311240754,52.590311311240754,52.590311311240754,23.22422240421608,23.22422240421608,23.22422240421608,23.22422240421608,23.22422240421608,11.871432280462823,11.871432280462823,11.871432280462823,11.871432280462823,11.871432280462823,11.871432280462823,11.871432280462823,0,0,0,0,0,0,0,0,0,Plaistow West & Canning Town East,Newham,"POLYGON ((0.029338643857896 51.5259445438398, 0.0226212431887397 51.522403477625, 0.0233664509611991 51.5173114070813, 0.017363518827426 51.5171357988125, 0.012434195143051 51.5196280609376, 0.0119576305693617 51.5299875173792, 0.0179856027015357 51.5313906879295, 0.029338643857896 51.5259445438398))"
E05013921,3104,14.422547588227856,14.422547588227856,14.422547588227856,27.971334751034146,33.88933153103028,33.88933153103028,33.88933153103028,33.88933153103028,15.124022288370092,15.124022288370092,15.124022288370092,15.124022288370092,15.124022288370092,13.904301035404869,13.904301035404869,13.904301035404869,13.904301035404869,13.904301035404869,13.904301035404869,13.904301035404869,0,0,0,0,0,0,0,0,0,Plashet,Newham,"POLYGON ((0.0571667691894705 51.5463987833941, 0.0570136403240658 51.5409161535304, 0.0536217060192928 51.5396434479727, 0.0441720974736863 51.5373930069701, 0.0389752917602911 51.5402677245602, 0.042713509047127 51.5423437032262, 0.0498659618877602 51.5436132637169, 0.0484396081329544 51.5483454322553, 0.0571667691894705 51.5463987833941))"
E05013922,4013,172.31803182947567,172.31803182947567,172.31803182947567,214.5911537367353,259.99298272105653,259.99298272105653,259.99298272105653,259.99298272105653,222.44536038853624,222.44536038853624,222.44536038853624,222.44536038853624,222.44536038853624,102.56865365480012,102.56865365480012,102.56865365480012,102.56865365480012,102.56865365480012,102.56865365480012,102.56865365480012,0,0,0,0,0,0,0,0,0,Royal Albert,Newham,"POLYGON ((0.0473943206257048 51.5090135466512, 0.0790250607428892 51.5068152508192, 0.0773375470091592 51.5051760309003, 0.0770639444988711 51.5049102465579, 0.0709057431350203 51.5006422869621, 0.0686613479588301 51.4990865718774, 0.0391165467851312 51.4985676946015, 0.0402889422300035 51.5095049966707, 0.0473943206257048 51.5090135466512))"
E05013923,8135,601.2111542723324,601.2111542723324,601.2111542723324,459.22379627426454,556.3834410262269,556.3834410262269,556.3834410262269,556.3834410262269,350.29716762242964,350.29716762242964,350.29716762242964,350.29716762242964,350.29716762242964,171.84256584244042,171.84256584244042,171.84256584244042,171.84256584244042,171.84256584244042,171.84256584244042,171.84256584244042,0,0,0,0,0,0,0,0,0,Royal Victoria,Newham,"POLYGON ((0.0187297300849363 51.5095749034575, 0.0402889422300035 51.5095049966707, 0.0391165467851312 51.4985676946015, 0.0244415401970016 51.4983071935252, 0.0190380042262118 51.5015470655679, 0.0157449867445838 51.5035211882606, 0.0134809968335669 51.5048782757677, 0.0094262262291154 51.5078980423496, 0.009835717622707 51.5084290698702, 0.005987909675438 51.5101639670448, 0.0187297300849363 51.5095749034575))"
E05013924,7771,358.15853688148496,358.15853688148496,358.15853688148496,1289.7963844476649,1562.6832851962868,1562.6832851962868,1562.6832851962868,1562.6832851962868,468.7352287757452,468.7352287757452,468.7352287757452,468.7352287757452,468.7352287757452,93.81168055658824,93.81168055658824,93.81168055658824,93.81168055658824,93.81168055658824,93.81168055658824,93.81168055658824,0,0,0,0,0,0,0,0,0,Stratford,Newham,"POLYGON ((0.010528732245989 51.5409549430791, 0.0008119142266118 51.5366880627518, 0.0046316617083983 51.528302808826, -0.007811644691899 51.5253320137567, -0.0136792559594497 51.5298450317844, -0.0180093218229161 51.5322241499022, -0.0003232817930775 51.5439073177241, 0.0083989818111508 51.5446032449412, 0.010528732245989 51.5409549430791))"
E05013925,5363,707.8641465443711,707.8641465443711,707.8641465443711,488.211515286538,591.5041969243331,591.5041969243331,591.5041969243331,591.5041969243331,82.77163947205682,82.77163947205682,82.77163947205682,82.77163947205682,82.77163947205682,11.402308721630044,11.402308721630044,11.402308721630044,11.402308721630044,11.402308721630044,11.402308721630044,11.402308721630044,0,0,0,0,0,0,0,0,0,Stratford Olympic Park,Newham,"POLYGON ((-0.0041687220555767 51.5510431433054, -0.0003232817930775 51.5439073177241, -0.0180093218229161 51.5322241499022, -0.0212678337033492 51.5370074023034, -0.016549676137034 51.5433298677014, -0.0171400329819697 51.5515773128463, -0.0108360170656893 51.5526261890895, -0.0086526192812125 51.5499286278292, -0.0041687220555767 51.5510431433054))"
E05013926,4788,20.28855418870685,20.28855418870685,20.28855418870685,24.35093513748068,29.50295083555806,29.50295083555806,29.50295083555806,29.50295083555806,29.573027900419685,29.573027900419685,29.573027900419685,29.573027900419685,29.573027900419685,29.698127516108425,29.698127516108425,29.698127516108425,29.698127516108425,29.698127516108425,29.698127516108425,29.698127516108425,0,0,0,0,0,0,0,0,0,Wall End,Newham,"POLYGON ((0.0692043369092765 51.5363480056376, 0.071755706916945 51.5329074163234, 0.0725981680026606 51.5307518462806, 0.0593881677972887 51.5287181125132, 0.0536217060192928 51.5396434479727, 0.0570136403240658 51.5409161535304, 0.0682906145065432 51.5442409366187, 0.0692043369092765 51.5363480056376))"
E05013927,5708,17.175081209278066,17.175081209278066,17.175081209278066,87.29021067651243,105.75851725918938,105.75851725918938,105.75851725918938,105.75851725918938,47.96267140666462,47.96267140666462,47.96267140666462,47.96267140666462,47.96267140666462,26.88338616311175,26.88338616311175,26.88338616311175,26.88338616311175,26.88338616311175,26.88338616311175,26.88338616311175,0,0,0,0,0,0,0,0,0,West Ham,Newham,"POLYGON ((0.0220727665591187 51.5368475312203, 0.018555244553111 51.5369842677789, 0.0179856027015357 51.5313906879295, 0.0119576305693617 51.5299875173792, 0.0046316617083983 51.528302808826, 0.0008119142266118 51.5366880627518, 0.010528732245989 51.5409549430791, 0.0212306079395623 51.5413775073089, 0.0220727665591187 51.5368475312203))"
E05013928,2471,72.30536256371052,72.30536256371052,72.30536256371052,17.03511746431296,20.639299073734826,20.639299073734826,20.639299073734826,20.639299073734826,7.259069805096685,7.259069805096685,7.259069805096685,7.259069805096685,7.259069805096685,7.259069805096685,7.259069805096685,7.259069805096685,7.259069805096685,7.259069805096685,7.259069805096685,7.259069805096685,0,0,0,0,0,0,0,0,0,Alexandra,Kingston upon Thames,"POLYGON ((-0.269810989769054 51.3884622389164, -0.280605456620302 51.3790644894439, -0.295017522916276 51.3851281446767, -0.29121995924883 51.386532248367, -0.2816492736563 51.3893716505404, -0.275738836713617 51.3966956926499, -0.269810989769054 51.3884622389164))"
E05013929,2638,9.369519536734328,9.369519536734328,9.369519536734328,11.245580162403767,13.624848359029007,13.624848359029007,13.624848359029007,13.624848359029007,7.259069805096685,7.259069805096685,7.259069805096685,7.259069805096685,7.259069805096685,7.259069805096685,7.259069805096685,7.259069805096685,7.259069805096685,7.259069805096685,7.259069805096685,7.259069805096685,0,0,0,0,0,0,0,0,0,Berrylands,Kingston upon Thames,"POLYGON ((-0.275738836713617 51.3966956926499, -0.2816492736563 51.3893716505404, -0.29121995924883 51.386532248367, -0.29658624177766 51.3954507044898, -0.276970982075795 51.3997929401721, -0.275738836713617 51.3966956926499))"
E05013930,3777,8.922886132128365,8.922886132128365,8.922886132128365,26.068524265930208,31.5839365277395,31.5839365277395,31.5839365277395,31.5839365277395,122.85111470149344,122.85111470149344,122.85111470149344,122.85111470149344,122.85111470149344,7.259069805096685,7.259069805096685,7.259069805096685,7.259069805096685,7.259069805096685,7.259069805096685,7.259069805096685,0,0,0,0,0,0,0,0,0,Canbury Gardens,Kingston upon Thames,"POLYGON ((-0.297625622327925 51.4218982930441, -0.293004913727276 51.4191907875201, -0.303401315811456 51.4130682259236, -0.308477787622889 51.4135198944494, -0.308382047758409 51.424996436813, -0.306648490744083 51.427684194592, -0.302156792443982 51.4203925107592, -0.297625622327925 51.4218982930441))"
E05013931,3812,13.320853034608692,13.320853034608692,13.320853034608692,15.988089895642972,19.370748083493865,19.370748083493865,19.370748083493865,19.370748083493865,7.259069805096685,7.259069805096685,7.259069805096685,7.259069805096685,7.259069805096685,19.14353329552709,19.14353329552709,19.14353329552709,19.14353329552709,19.14353329552709,19.14353329552709,19.14353329552709,0,0,0,0,0,0,0,0,0,Chessington South & Malden Rushett,Kingston upon Thames,"POLYGON ((-0.288249074170444 51.3621165672627, -0.28507723209459 51.3612106427655, -0.297771117293604 51.3492612573375, -0.30619199674676 51.3350844108749, -0.323946904733229 51.3267160657782, -0.330655551869037 51.329009639034, -0.327923135992918 51.3521845134341, -0.318481506558764 51.3657621902657, -0.288249074170444 51.3621165672627))"
E05013932,2876,6.327595544724303,6.327595544724303,6.327595544724303,41.384386561914155,50.14023137931131,50.14023137931131,50.14023137931131,50.14023137931131,17.54851319549564,17.54851319549564,17.54851319549564,17.54851319549564,17.54851319549564,38.064850168449176,38.064850168449176,38.064850168449176,38.064850168449176,38.064850168449176,38.064850168449176,38.064850168449176,0,0,0,0,0,0,0,0,0,Coombe Hill,Kingston upon Thames,"POLYGON ((-0.251060202228833 51.4325655064198, -0.254224081510499 51.4293169620162, -0.249576471808633 51.414904712653, -0.247127020033179 51.4095169011444, -0.250777982969245 51.4122751877425, -0.258705247935726 51.4095527727773, -0.261540530243336 51.4168214233657, -0.285539827244362 51.4127224529583, -0.288305745768984 51.4131043400695, -0.279059463479268 51.4190460130869, -0.278571222474179 51.4233492441412, -0.256322751685764 51.4363483424704, -0.254066819000282 51.4372901119915, -0.251060202228833 51.4325655064198))"
E05013933,3968,13.39035185797166,13.39035185797166,13.39035185797166,61.42574867280919,74.42181718688312,74.42181718688312,74.42181718688312,74.42181718688312,40.9734162332124,40.9734162332124,40.9734162332124,40.9734162332124,40.9734162332124,8.040942403151318,8.040942403151318,8.040942403151318,8.040942403151318,8.040942403151318,8.040942403151318,8.040942403151318,0,0,0,0,0,0,0,0,0,Coombe Vale,Kingston upon Thames,"POLYGON ((-0.258705247935726 51.4095527727773, -0.256843041882416 51.4037513994845, -0.265308456571134 51.4021331677478, -0.271812437073328 51.4047434844138, -0.285539827244362 51.4127224529583, -0.261540530243336 51.4168214233657, -0.258705247935726 51.4095527727773))"
E05013934,2534,8.805229981804775,8.805229981804775,8.805229981804775,22.855508403488287,27.69113124168758,27.69113124168758,27.69113124168758,27.69113124168758,23.897318691699247,23.897318691699247,23.897318691699247,23.897318691699247,23.897318691699247,8.666440481595023,8.666440481595023,8.666440481595023,8.666440481595023,8.666440481595023,8.666440481595023,8.666440481595023,0,0,0,0,0,0,0,0,0,Green Lane & St James,Kingston upon Thames,"POLYGON ((-0.265308456571134 51.4021331677478, -0.268202057481144 51.4015522624678, -0.263234910539949 51.3972124654887, -0.253935180568326 51.3945062415405, -0.263881908883964 51.3912135550017, -0.269810989769054 51.3884622389164, -0.275738836713617 51.3966956926499, -0.276970982075795 51.3997929401721, -0.277708791896465 51.4005971295156, -0.271812437073328 51.4047434844138, -0.265308456571134 51.4021331677478))"
E05013935,4249,14.0008518564497,14.0008518564497,14.0008518564497,13.73244360762252,16.637866526290495,16.637866526290495,16.637866526290495,16.637866526290495,7.259069805096685,7.259069805096685,7.259069805096685,7.259069805096685,7.259069805096685,7.259069805096685,7.259069805096685,7.259069805096685,7.259069805096685,7.259069805096685,7.259069805096685,7.259069805096685,0,0,0,0,0,0,0,0,0,Hook & Chessington North,Kingston upon Thames,"POLYGON ((-0.297806515933124 51.3740098030948, -0.300142034588693 51.3699278732546, -0.28407531400389 51.365147556108, -0.288249074170444 51.3621165672627, -0.318481506558764 51.3657621902657, -0.317898307628403 51.3697919645168, -0.312651479529226 51.3747511375039, -0.308471291881675 51.3757949805653, -0.297806515933124 51.3740098030948))"
E05013936,2135,67.36420597324368,67.36420597324368,67.36420597324368,81.93671856485933,99.27236739771882,99.27236739771882,99.27236739771882,99.27236739771882,9.01046442473906,9.01046442473906,9.01046442473906,9.01046442473906,9.01046442473906,21.332776570080057,21.332776570080057,21.332776570080057,21.332776570080057,21.332776570080057,21.332776570080057,21.332776570080057,0,0,0,0,0,0,0,0,0,King George's & Sunray,Kingston upon Thames,"POLYGON ((-0.269064609019782 51.3735618070437, -0.272545496689882 51.3722638261232, -0.274022551886991 51.370655282208, -0.28407531400389 51.365147556108, -0.300142034588693 51.3699278732546, -0.297806515933124 51.3740098030948, -0.287774398454779 51.3740316695052, -0.280605456620302 51.3790644894439, -0.269810989769054 51.3884622389164, -0.265649212662386 51.3829679341514, -0.2710585048649 51.3806255668637, -0.269064609019782 51.3735618070437))"
E05013937,4469,11.54292167134212,11.54292167134212,11.54292167134212,43.84940020188203,53.126776898748645,53.126776898748645,53.126776898748645,53.126776898748645,9.886161734560249,9.886161734560249,9.886161734560249,9.886161734560249,9.886161734560249,8.82281500120595,8.82281500120595,8.82281500120595,8.82281500120595,8.82281500120595,8.82281500120595,8.82281500120595,0,0,0,0,0,0,0,0,0,Kingston Gate,Kingston upon Thames,"POLYGON ((-0.288305745768984 51.4131043400695, -0.296104364428766 51.4128118157057, -0.303401315811456 51.4130682259236, -0.293004913727276 51.4191907875201, -0.297625622327925 51.4218982930441, -0.287753932187085 51.4227385442639, -0.286596279700984 51.4201719476417, -0.278571222474179 51.4233492441412, -0.279059463479268 51.4190460130869, -0.288305745768984 51.4131043400695))"
E05013938,4640,142.55813262223958,142.55813262223958,142.55813262223958,302.4672571970958,366.46135222613253,366.46135222613253,366.46135222613253,366.46135222613253,165.1035099003657,165.1035099003657,165.1035099003657,165.1035099003657,165.1035099003657,55.266047325651066,55.266047325651066,55.266047325651066,55.266047325651066,55.266047325651066,55.266047325651066,55.266047325651066,0,0,0,0,0,0,0,0,0,Kingston Town,Kingston upon Thames,"POLYGON ((-0.303401315811456 51.4130682259236, -0.296104364428766 51.4128118157057, -0.294357218190028 51.4044520130581, -0.288810140905169 51.4036058359233, -0.304001078606749 51.3982628014512, -0.31027513707757 51.3996059315675, -0.308477787622889 51.4135198944494, -0.303401315811456 51.4130682259236))"
E05013939,2567,11.961119659776756,11.961119659776756,11.961119659776756,14.35609685627546,17.393468355524696,17.393468355524696,17.393468355524696,17.393468355524696,7.259069805096685,7.259069805096685,7.259069805096685,7.259069805096685,7.259069805096685,14.295923187588372,14.295923187588372,14.295923187588372,14.295923187588372,14.295923187588372,14.295923187588372,14.295923187588372,0,0,0,0,0,0,0,0,0,Motspur Park & Old Malden East,Kingston upon Thames,"POLYGON ((-0.23967668186346 51.3892942876317, -0.244959905330948 51.3806514224095, -0.257463392933086 51.3906502682744, -0.263881908883964 51.3912135550017, -0.253935180568326 51.3945062415405, -0.246891669374426 51.3971086714084, -0.23967668186346 51.3892942876317))"
E05013940,3884,38.69417754644147,38.69417754644147,38.69417754644147,99.20462624647396,120.19370895964865,120.19370895964865,120.19370895964865,120.19370895964865,7.259069805096685,7.259069805096685,7.259069805096685,7.259069805096685,7.259069805096685,24.92939052113136,24.92939052113136,24.92939052113136,24.92939052113136,24.92939052113136,24.92939052113136,24.92939052113136,0,0,0,0,0,0,0,0,0,New Malden Village,Kingston upon Thames,"POLYGON ((-0.247127020033179 51.4095169011444, -0.24467358153133 51.4038463222229, -0.246891669374426 51.3971086714084, -0.253935180568326 51.3945062415405, -0.263234910539949 51.3972124654887, -0.268202057481144 51.4015522624678, -0.265308456571134 51.4021331677478, -0.256843041882416 51.4037513994845, -0.258705247935726 51.4095527727773, -0.250777982969245 51.4122751877425, -0.247127020033179 51.4095169011444))"
E05013941,4453,36.919069725381355,36.919069725381355,36.919069725381355,175.67606524427006,212.84448776295383,212.84448776295383,212.84448776295383,212.84448776295383,300.8365929226498,300.8365929226498,300.8365929226498,300.8365929226498,300.8365929226498,18.830784256305236,18.830784256305236,18.830784256305236,18.830784256305236,18.830784256305236,18.830784256305236,18.830784256305236,0,0,0,0,0,0,0,0,0,Norbiton,Kingston upon Thames,"POLYGON ((-0.285539827244362 51.4127224529583, -0.271812437073328 51.4047434844138, -0.277708791896465 51.4005971295156, -0.288810140905169 51.4036058359233, -0.294357218190028 51.4044520130581, -0.296104364428766 51.4128118157057, -0.288305745768984 51.4131043400695, -0.285539827244362 51.4127224529583))"
E05013942,2549,20.810338379435255,20.810338379435255,20.810338379435255,55.51451606732547,67.25992365168571,67.25992365168571,67.25992365168571,67.25992365168571,45.13297845486304,45.13297845486304,45.13297845486304,45.13297845486304,45.13297845486304,7.728193363929465,7.728193363929465,7.728193363929465,7.728193363929465,7.728193363929465,7.728193363929465,7.728193363929465,0,0,0,0,0,0,0,0,0,Old Malden,Kingston upon Thames,"POLYGON ((-0.244959905330948 51.3806514224095, -0.245030259031958 51.3800339656124, -0.261148558997612 51.3795998002344, -0.269064609019782 51.3735618070437, -0.2710585048649 51.3806255668637, -0.265649212662386 51.3829679341514, -0.269810989769054 51.3884622389164, -0.263881908883964 51.3912135550017, -0.257463392933086 51.3906502682744, -0.244959905330948 51.3806514224095))"
E05013943,5655,22.747226457992433,22.747226457992433,22.747226457992433,30.01232080840711,36.362136413749205,36.362136413749205,36.362136413749205,36.362136413749205,8.572615769828467,8.572615769828467,8.572615769828467,8.572615769828467,8.572615769828467,7.884567883540391,7.884567883540391,7.884567883540391,7.884567883540391,7.884567883540391,7.884567883540391,7.884567883540391,0,0,0,0,0,0,0,0,0,St Mark's & Seething Wells,Kingston upon Thames,"POLYGON ((-0.277708791896465 51.4005971295156, -0.276970982075795 51.3997929401721, -0.29658624177766 51.3954507044898, -0.313111086424265 51.3887724742728, -0.315958343747125 51.3876322521386, -0.317697879461912 51.3936670802519, -0.312125775572857 51.3981418622059, -0.31027513707757 51.3996059315675, -0.304001078606749 51.3982628014512, -0.288810140905169 51.4036058359233, -0.277708791896465 51.4005971295156))"
E05013944,5215,33.74238798885533,33.74238798885533,33.74238798885533,63.808184357555945,77.30831343350056,77.30831343350056,77.30831343350056,77.30831343350056,7.259069805096685,7.259069805096685,7.259069805096685,7.259069805096685,7.259069805096685,69.49612861024536,69.49612861024536,69.49612861024536,69.49612861024536,69.49612861024536,69.49612861024536,69.49612861024536,0,0,0,0,0,0,0,0,0,Surbiton Hill,Kingston upon Thames,"POLYGON ((-0.29121995924883 51.386532248367, -0.295017522916276 51.3851281446767, -0.29822925596688 51.3796896243773, -0.307365447908524 51.3783835469693, -0.313111086424265 51.3887724742728, -0.29658624177766 51.3954507044898, -0.29121995924883 51.386532248367))"
E05013945,4352,29.743320742792513,29.743320742792513,29.743320742792513,27.928980744692385,33.83801653389629,33.83801653389629,33.83801653389629,33.83801653389629,101.17760628341904,101.17760628341904,101.17760628341904,101.17760628341904,101.17760628341904,20.081780413192643,20.081780413192643,20.081780413192643,20.081780413192643,20.081780413192643,20.081780413192643,20.081780413192643,0,0,0,0,0,0,0,0,0,Tolworth,Kingston upon Thames,"POLYGON ((-0.280605456620302 51.3790644894439, -0.287774398454779 51.3740316695052, -0.297806515933124 51.3740098030948, -0.308471291881675 51.3757949805653, -0.307365447908524 51.3783835469693, -0.29822925596688 51.3796896243773, -0.295017522916276 51.3851281446767, -0.280605456620302 51.3790644894439))"
E05013946,2639,3.3257637837642697,3.3257637837642697,3.3257637837642697,3.991682079845034,4.836216740259043,4.836216740259043,4.836216740259043,4.836216740259043,7.259069805096685,7.259069805096685,7.259069805096685,7.259069805096685,7.259069805096685,7.259069805096685,7.259069805096685,7.259069805096685,7.259069805096685,7.259069805096685,7.259069805096685,7.259069805096685,0,0,0,0,0,0,0,0,0,Tudor,Kingston upon Thames,"POLYGON ((-0.287753932187085 51.4227385442639, -0.297625622327925 51.4218982930441, -0.302156792443982 51.4203925107592, -0.306648490744083 51.427684194592, -0.308382047758409 51.424996436813, -0.31444736144441 51.4282589753108, -0.31065617392531 51.4322104984599, -0.30159557731122 51.4314293684906, -0.294767385289856 51.4264608683694, -0.290616410493338 51.4289901643506, -0.287753932187085 51.4227385442639))"
E05013967,1958,286.41631133656,286.41631133656,286.41631133656,210.05179422878984,254.49321445212863,254.49321445212863,254.49321445212863,254.49321445212863,49.31270475930562,49.31270475930562,49.31270475930562,49.31270475930562,49.31270475930562,10.12525014480748,10.12525014480748,10.12525014480748,10.12525014480748,10.12525014480748,10.12525014480748,10.12525014480748,0,0,0,0,0,0,0,0,0,Beam Park,Havering,"POLYGON ((0.196990521023649 51.5233224110434, 0.178677698336794 51.5146022307441, 0.162286854013609 51.5213704346659, 0.165962964334517 51.5287933748564, 0.16869388588395 51.5311915273274, 0.179202903687783 51.5281174515666, 0.177198083347362 51.5245684625008, 0.185941742091718 51.5261388423239, 0.196990521023649 51.5233224110434))"
E05013968,5340,17.304715897474132,17.304715897474132,17.304715897474132,12.819097556104053,15.531280536813446,15.531280536813446,15.531280536813446,15.531280536813446,7.936006870254512,7.936006870254512,7.936006870254512,7.936006870254512,7.936006870254512,8.561504948698216,8.561504948698216,8.561504948698216,8.561504948698216,8.561504948698216,8.561504948698216,8.561504948698216,0,0,0,0,0,0,0,0,0,Cranham,Havering,"POLYGON ((0.287155261861081 51.5727210622626, 0.2901959815454 51.5645097170108, 0.259693910080091 51.5591434016009, 0.239529521334261 51.5590846752467, 0.2333471710235 51.5625199213032, 0.240629397842671 51.5686333307564, 0.245892310686651 51.5670498007942, 0.249044862842095 51.5690208632531, 0.248822684475795 51.5787169614547, 0.287155261861081 51.5727210622626))"
E05013969,6693,67.6780755007297,67.6780755007297,67.6780755007297,23.04573665675404,27.921606776690552,27.921606776690552,27.921606776690552,27.921606776690552,7.936006870254512,7.936006870254512,7.936006870254512,7.936006870254512,7.936006870254512,8.248755909476364,8.248755909476364,8.248755909476364,8.248755909476364,8.248755909476364,8.248755909476364,8.248755909476364,0,0,0,0,0,0,0,0,0,Elm Park,Havering,"POLYGON ((0.205507234815583 51.5510530489844, 0.202596409211376 51.5435493744301, 0.217025330763104 51.5421095536638, 0.216362554583287 51.5382224886204, 0.209423278403601 51.5300560105793, 0.192874110869704 51.5393175556608, 0.18607403401823 51.5357499313319, 0.173810423896385 51.5374077943746, 0.186012859973718 51.5475347695197, 0.190169325302629 51.5527206970396, 0.202520000775089 51.5562625040812, 0.207831186746364 51.555308720453, 0.205507234815583 51.5510530489844))"
E05013970,3660,8.807640578319415,8.807640578319415,8.807640578319415,10.571196076469606,12.807782385206336,12.807782385206336,12.807782385206336,12.807782385206336,7.936006870254512,7.936006870254512,7.936006870254512,7.936006870254512,7.936006870254512,8.092381389865439,8.092381389865439,8.092381389865439,8.092381389865439,8.092381389865439,8.092381389865439,8.092381389865439,0,0,0,0,0,0,0,0,0,Emerson Park,Havering,"POLYGON ((0.248822684475795 51.5787169614547, 0.249044862842095 51.5690208632531, 0.245892310686651 51.5670498007942, 0.240629397842671 51.5686333307564, 0.2333471710235 51.5625199213032, 0.212991195549423 51.5704313239188, 0.211657894698578 51.5750632646652, 0.219461851538067 51.5734399979244, 0.220661091210609 51.5803853324356, 0.231672739171042 51.5832565794426, 0.248822684475795 51.5787169614547))"
E05013971,6898,14.18897060435286,14.18897060435286,14.18897060435286,13.235452607263523,16.035725336782843,16.035725336782843,16.035725336782843,16.035725336782843,7.936006870254512,7.936006870254512,7.936006870254512,7.936006870254512,7.936006870254512,8.40513042908729,8.40513042908729,8.40513042908729,8.40513042908729,8.40513042908729,8.40513042908729,8.40513042908729,0,0,0,0,0,0,0,0,0,Gooshays,Havering,"POLYGON ((0.263326036885848 51.6091753895771, 0.236745998505596 51.5998754192288, 0.230528146197554 51.6002241709271, 0.22041056831884 51.6076193099646, 0.214120974538359 51.606089373223, 0.213167254164641 51.6102451194305, 0.207138375187525 51.6115278872875, 0.210998461125418 51.6161469522893, 0.208499434666776 51.6266822786808, 0.224087730411796 51.6317377623678, 0.263326036885848 51.6091753895771))"
E05013972,3472,16.76674679615043,16.76674679615043,16.76674679615043,45.42114359618405,55.03105974564564,55.03105974564564,55.03105974564564,55.03105974564564,38.36648838654077,38.36648838654077,38.36648838654077,38.36648838654077,38.36648838654077,7.936006870254512,7.936006870254512,7.936006870254512,7.936006870254512,7.936006870254512,7.936006870254512,7.936006870254512,0,0,0,0,0,0,0,0,0,Hacton,Havering,"POLYGON ((0.232808083227767 51.5508782133824, 0.217025330763104 51.5421095536638, 0.202596409211376 51.5435493744301, 0.205507234815583 51.5510530489844, 0.229726091589548 51.5564994635729, 0.232808083227767 51.5508782133824))"
E05013973,5906,57.09736735144547,57.09736735144547,57.09736735144547,16.128665761351698,19.541066095153585,19.541066095153585,19.541066095153585,19.541066095153585,7.936006870254512,7.936006870254512,7.936006870254512,7.936006870254512,7.936006870254512,25.76270210590011,25.76270210590011,25.76270210590011,25.76270210590011,25.76270210590011,25.76270210590011,25.76270210590011,0,0,0,0,0,0,0,0,0,Harold Wood,Havering,"POLYGON ((0.260875028634171 51.6003896951703, 0.269878876965455 51.599574795252, 0.272098974782147 51.5877465246785, 0.287155261861081 51.5727210622626, 0.248822684475795 51.5787169614547, 0.231672739171042 51.5832565794426, 0.212839833440574 51.5927255697459, 0.230528146197554 51.6002241709271, 0.236745998505596 51.5998754192288, 0.263326036885848 51.6091753895771, 0.253916397406628 51.6019201240327, 0.260875028634171 51.6003896951703))"
E05013974,6183,17.751798014761132,17.751798014761132,17.751798014761132,24.19735100621605,29.316872352401663,29.316872352401663,29.316872352401663,29.316872352401663,11.43879610953926,11.43879610953926,11.43879610953926,11.43879610953926,11.43879610953926,8.092381389865439,8.092381389865439,8.092381389865439,8.092381389865439,8.092381389865439,8.092381389865439,8.092381389865439,0,0,0,0,0,0,0,0,0,Havering-atte-Bower,Havering,"POLYGON ((0.207138375187525 51.6115278872875, 0.193592766587801 51.6032201861821, 0.180485214972196 51.6037414440475, 0.175535737401023 51.5977969183716, 0.171143984115414 51.6008249973085, 0.149882170153861 51.5970149387024, 0.148206068251708 51.5989684765055, 0.147495894337989 51.6123510992922, 0.138184233985369 51.6235453961019, 0.151073416180365 51.6232470429201, 0.168901299261908 51.621420170457, 0.181238050234538 51.6258265968908, 0.200311572560423 51.6249357585131, 0.208499434666776 51.6266822786808, 0.210998461125418 51.6161469522893, 0.207138375187525 51.6115278872875))"
E05013975,6845,27.072140575467422,27.072140575467422,27.072140575467422,14.784768681433036,17.912835834055187,17.912835834055187,17.912835834055187,17.912835834055187,7.936006870254512,7.936006870254512,7.936006870254512,7.936006870254512,7.936006870254512,7.936006870254512,7.936006870254512,7.936006870254512,7.936006870254512,7.936006870254512,7.936006870254512,7.936006870254512,0,0,0,0,0,0,0,0,0,Heaton,Havering,"POLYGON ((0.230528146197554 51.6002241709271, 0.212839833440574 51.5927255697459, 0.193949687982892 51.5951436390921, 0.193592766587801 51.6032201861821, 0.207138375187525 51.6115278872875, 0.213167254164641 51.6102451194305, 0.214120974538359 51.606089373223, 0.22041056831884 51.6076193099646, 0.230528146197554 51.6002241709271))"
E05013976,5612,42.66179918221405,42.66179918221405,42.66179918221405,10.005701511916929,12.122644083881164,12.122644083881164,12.122644083881164,12.122644083881164,7.936006870254512,7.936006870254512,7.936006870254512,7.936006870254512,7.936006870254512,25.13720402745641,25.13720402745641,25.13720402745641,25.13720402745641,25.13720402745641,25.13720402745641,25.13720402745641,0,0,0,0,0,0,0,0,0,Hylands & Harrow Lodge,Havering,"POLYGON ((0.212991195549423 51.5704313239188, 0.209730716140941 51.5603478774668, 0.202520000775089 51.5562625040812, 0.190169325302629 51.5527206970396, 0.182665429352992 51.5612472537887, 0.185180463309676 51.565513082632, 0.184974648780386 51.5680716071459, 0.197320560607752 51.5693433342622, 0.201570154888893 51.5743118239184, 0.212991195549423 51.5704313239188))"
E05013977,5147,43.94632092893376,43.94632092893376,43.94632092893376,12.992976884729096,15.741948145871651,15.741948145871651,15.741948145871651,15.741948145871651,7.936006870254512,7.936006870254512,7.936006870254512,7.936006870254512,7.936006870254512,7.936006870254512,7.936006870254512,7.936006870254512,7.936006870254512,7.936006870254512,7.936006870254512,7.936006870254512,0,0,0,0,0,0,0,0,0,Marshalls & Rise Park,Havering,"POLYGON ((0.193592766587801 51.6032201861821, 0.193949687982892 51.5951436390921, 0.212839833440574 51.5927255697459, 0.199701816336088 51.5865331919429, 0.178821281051274 51.5800147279918, 0.172679653018691 51.586443046582, 0.175535737401023 51.5977969183716, 0.180485214972196 51.6037414440475, 0.193592766587801 51.6032201861821))"
E05013978,5732,17.204575717718235,17.204575717718235,17.204575717718235,16.31279028900703,19.764146517172957,19.764146517172957,19.764146517172957,19.764146517172957,7.936006870254512,7.936006870254512,7.936006870254512,7.936006870254512,7.936006870254512,9.968875625196556,9.968875625196556,9.968875625196556,9.968875625196556,9.968875625196556,9.968875625196556,9.968875625196556,0,0,0,0,0,0,0,0,0,Mawneys,Havering,"POLYGON ((0.175535737401023 51.5977969183716, 0.172679653018691 51.586443046582, 0.16495188680679 51.5817684555594, 0.148564317567698 51.5807742317358, 0.149882170153861 51.5970149387024, 0.171143984115414 51.6008249973085, 0.175535737401023 51.5977969183716))"
E05013979,5410,21.094495284451,21.094495284451,21.094495284451,26.04102676740073,31.55062128367861,31.55062128367861,31.55062128367861,31.55062128367861,7.936006870254512,7.936006870254512,7.936006870254512,7.936006870254512,7.936006870254512,46.56051321415332,46.56051321415332,46.56051321415332,46.56051321415332,46.56051321415332,46.56051321415332,46.56051321415332,0,0,0,0,0,0,0,0,0,Rainham & Wennington,Havering,"POLYGON ((0.242858022678213 51.5243918777517, 0.240724591766995 51.5212073883266, 0.244905837771846 51.5187594749353, 0.237176008191511 51.5193344362336, 0.241919319205915 51.5079601287124, 0.226603240645007 51.5065671764696, 0.229965346752887 51.4993659214869, 0.214156929096117 51.4960396107991, 0.211870087476875 51.4899589563564, 0.210553951469516 51.4902431073138, 0.187684066854566 51.4878588743526, 0.182035195733018 51.4986273278369, 0.178574966651708 51.5052038630705, 0.159207809614416 51.5120158872491, 0.159048794054703 51.5120717943002, 0.162286854013609 51.5213704346659, 0.178677698336794 51.5146022307441, 0.196990521023649 51.5233224110434, 0.209423278403601 51.5300560105793, 0.216362554583287 51.5382224886204, 0.229796494602033 51.5375897921714, 0.233655290628904 51.5322594464634, 0.23100736427178 51.5250437771033, 0.242858022678213 51.5243918777517))"
E05013980,6293,80.2912912605027,80.2912912605027,80.2912912605027,91.669982125518,111.06493284452368,111.06493284452368,111.06493284452368,111.06493284452368,28.733817978507716,28.733817978507716,28.733817978507716,28.733817978507716,28.733817978507716,28.421068939285863,28.421068939285863,28.421068939285863,28.421068939285863,28.421068939285863,28.421068939285863,28.421068939285863,0,0,0,0,0,0,0,0,0,Rush Green & Crowlands,Havering,"POLYGON ((0.178906688889865 51.5736544647388, 0.184974648780386 51.5680716071459, 0.185180463309676 51.565513082632, 0.161896967880093 51.5616078402221, 0.154361454105901 51.5661116563254, 0.146703650652822 51.5687966359729, 0.148988110973471 51.5731491306324, 0.148564317567698 51.5807742317358, 0.16495188680679 51.5817684555594, 0.173925066883846 51.5785376819004, 0.174983269458213 51.5727664582172, 0.178906688889865 51.5736544647388))"
E05013981,3784,185.70363993667536,185.70363993667536,185.70363993667536,142.11680664154457,172.18497505660022,172.18497505660022,172.18497505660022,172.18497505660022,7.936006870254512,7.936006870254512,7.936006870254512,7.936006870254512,7.936006870254512,38.89816175321793,38.89816175321793,38.89816175321793,38.89816175321793,38.89816175321793,38.89816175321793,38.89816175321793,0,0,0,0,0,0,0,0,0,St Alban's,Havering,"POLYGON ((0.201570154888893 51.5743118239184, 0.197320560607752 51.5693433342622, 0.184974648780386 51.5680716071459, 0.178906688889865 51.5736544647388, 0.192060254350312 51.5774187268781, 0.201570154888893 51.5743118239184))"
E05013982,6520,55.85323680116646,55.85323680116646,55.85323680116646,30.536512318475072,36.99723302349493,36.99723302349493,36.99723302349493,36.99723302349493,8.373855525165105,8.373855525165105,8.373855525165105,8.373855525165105,8.373855525165105,33.73780260605736,33.73780260605736,33.73780260605736,33.73780260605736,33.73780260605736,33.73780260605736,33.73780260605736,0,0,0,0,0,0,0,0,0,St Andrew's,Havering,"POLYGON ((0.2333471710235 51.5625199213032, 0.239529521334261 51.5590846752467, 0.232808083227767 51.5508782133824, 0.229726091589548 51.5564994635729, 0.205507234815583 51.5510530489844, 0.207831186746364 51.555308720453, 0.202520000775089 51.5562625040812, 0.209730716140941 51.5603478774668, 0.212991195549423 51.5704313239188, 0.2333471710235 51.5625199213032))"
E05013983,4842,212.3030077556175,212.3030077556175,212.3030077556175,91.28422720225892,110.5975623525392,110.5975623525392,110.5975623525392,110.5975623525392,7.936006870254512,7.936006870254512,7.936006870254512,7.936006870254512,7.936006870254512,91.28362582287824,91.28362582287824,91.28362582287824,91.28362582287824,91.28362582287824,91.28362582287824,91.28362582287824,0,0,0,0,0,0,0,0,0,St Edward's,Havering,"POLYGON ((0.192060254350312 51.5774187268781, 0.178906688889865 51.5736544647388, 0.174983269458213 51.5727664582172, 0.173925066883846 51.5785376819004, 0.16495188680679 51.5817684555594, 0.172679653018691 51.586443046582, 0.178821281051274 51.5800147279918, 0.199701816336088 51.5865331919429, 0.204763167923213 51.5814017708696, 0.192060254350312 51.5774187268781))"
E05013984,4193,5.651531061718885,5.651531061718885,5.651531061718885,6.783138169006488,8.218271322277449,8.218271322277449,8.218271322277449,8.218271322277449,7.936006870254512,7.936006870254512,7.936006870254512,7.936006870254512,7.936006870254512,12.470867938971374,12.470867938971374,12.470867938971374,12.470867938971374,12.470867938971374,12.470867938971374,12.470867938971374,0,0,0,0,0,0,0,0,0,South Hornchurch,Havering,"POLYGON ((0.209423278403601 51.5300560105793, 0.196990521023649 51.5233224110434, 0.185941742091718 51.5261388423239, 0.177198083347362 51.5245684625008, 0.179202903687783 51.5281174515666, 0.16869388588395 51.5311915273274, 0.173810423896385 51.5374077943746, 0.18607403401823 51.5357499313319, 0.192874110869704 51.5393175556608, 0.209423278403601 51.5300560105793))"
E05013985,6652,49.90429196433725,49.90429196433725,49.90429196433725,31.708342357746684,38.41699139585604,38.41699139585604,38.41699139585604,38.41699139585604,7.936006870254512,7.936006870254512,7.936006870254512,7.936006870254512,7.936006870254512,12.939991497804154,12.939991497804154,12.939991497804154,12.939991497804154,12.939991497804154,12.939991497804154,12.939991497804154,0,0,0,0,0,0,0,0,0,Squirrels Heath,Havering,"POLYGON ((0.231672739171042 51.5832565794426, 0.220661091210609 51.5803853324356, 0.219461851538067 51.5734399979244, 0.211657894698578 51.5750632646652, 0.212991195549423 51.5704313239188, 0.201570154888893 51.5743118239184, 0.192060254350312 51.5774187268781, 0.204763167923213 51.5814017708696, 0.199701816336088 51.5865331919429, 0.212839833440574 51.5927255697459, 0.231672739171042 51.5832565794426))"
E05013986,5416,39.56752090364088,39.56752090364088,39.56752090364088,29.60140711835163,35.864284223395146,35.864284223395146,35.864284223395146,35.864284223395146,10.344174472262775,10.344174472262775,10.344174472262775,10.344174472262775,10.344174472262775,14.81648573313527,14.81648573313527,14.81648573313527,14.81648573313527,14.81648573313527,14.81648573313527,14.81648573313527,0,0,0,0,0,0,0,0,0,Upminster,Havering,"POLYGON ((0.322441492821971 51.5405178542356, 0.265347269252144 51.5321502678322, 0.266638181379091 51.5229558888952, 0.262307887784357 51.5179304907096, 0.253834321156039 51.5178858742432, 0.250852048177843 51.5288186252726, 0.245837496291796 51.5235161806434, 0.242858022678213 51.5243918777517, 0.23100736427178 51.5250437771033, 0.233655290628904 51.5322594464634, 0.229796494602033 51.5375897921714, 0.216362554583287 51.5382224886204, 0.217025330763104 51.5421095536638, 0.232808083227767 51.5508782133824, 0.239529521334261 51.5590846752467, 0.259693910080091 51.5591434016009, 0.2901959815454 51.5645097170108, 0.313035077012051 51.5658181319616, 0.315294827033387 51.5578352949458, 0.327816065130876 51.5509945703927, 0.333902599889603 51.5424937049473, 0.331429402036812 51.5400454610512, 0.322441492821971 51.5405178542356))"
E05013987,8504,45.94610720454195,45.94610720454195,45.94610720454195,16.477345935094156,19.963517798350143,19.963517798350143,19.963517798350143,19.963517798350143,16.946733166198662,16.946733166198662,16.946733166198662,16.946733166198662,16.946733166198662,14.663665179879136,14.663665179879136,14.663665179879136,14.663665179879136,14.663665179879136,14.663665179879136,14.663665179879136,0,0,0,0,0,0,0,0,0,Beckenham Town & Copers Cope,Bromley,"POLYGON ((-0.0076693655663508 51.4144823192995, -0.0009761091312407 51.4077637731884, -0.0075243982721457 51.4092194468711, -0.0068149509754946 51.4028205828591, -0.0112760777861474 51.4011280541315, -0.0166968804543029 51.4048346652555, -0.0327752455175458 51.4064868536285, -0.0288311807468796 51.4113240154211, -0.0352567864345852 51.415541477775, -0.0333229125823939 51.4246420827165, -0.0209274445952965 51.4209234453306, -0.0210141909921175 51.4160188020497, -0.0076693655663508 51.4144823192995))"
E05013988,7539,30.782728799046925,30.782728799046925,30.782728799046925,40.74093846569081,49.36064663478577,49.36064663478577,49.36064663478577,49.36064663478577,13.881792581824506,13.881792581824506,13.881792581824506,13.881792581824506,13.881792581824506,15.132788738711918,15.132788738711918,15.132788738711918,15.132788738711918,15.132788738711918,15.132788738711918,15.132788738711918,0,0,0,0,0,0,0,0,0,Bickley & Sundridge,Bromley,"POLYGON ((0.0457645729039595 51.4158415632087, 0.0648628528217693 51.3983394115699, 0.0654811954023672 51.3912900234841, 0.0644601874003684 51.3891795226817, 0.0640592264475716 51.3892593578144, 0.0547484822140963 51.3911127358291, 0.0430122193220348 51.3894482701596, 0.0366876383206751 51.3996659500399, 0.0326194667892938 51.3996190475384, 0.029115102815126 51.3996986577608, 0.0304927535693904 51.4058322408062, 0.021032711819903 51.4067947530852, 0.0202024146175681 51.4097453650646, 0.0250857057592995 51.4128875549194, 0.0215599437302222 51.4141242838919, 0.0245492270565805 51.4212289115548, 0.0344268591177783 51.4231374082273, 0.0457645729039595 51.4158415632087))"
E05013989,4435,4.933921685739349,4.933921685739349,4.933921685739349,4.476288135532379,5.423352657415308,5.423352657415308,5.423352657415308,5.423352657415308,11.692549307271538,11.692549307271538,11.692549307271538,11.692549307271538,11.692549307271538,11.692549307271538,11.692549307271538,11.692549307271538,11.692549307271538,11.692549307271538,11.692549307271538,11.692549307271538,0,0,0,0,0,0,0,0,0,Biggin Hill,Bromley,"POLYGON ((0.0426202011598456 51.3013288993907, 0.0329094193659263 51.3075209114754, 0.0248391391547743 51.3021549332254, 0.0191012478082206 51.2916841019891, 0.0150093785072876 51.2917860709615, 0.0121585017506257 51.2995981749523, 0.0103485950995964 51.316140332005, 0.0065832543770086 51.3156522556827, 0.0022947209661432 51.3291388513245, 0.003311737022468 51.3321555626221, 0.0217183811828517 51.327602809869, 0.0305718032894627 51.335211697468, 0.0420931020880295 51.3308905756394, 0.0392618330220282 51.3258991359914, 0.0442119552585779 51.3203097369808, 0.0434486841879276 51.3102645577348, 0.0505054927368812 51.3040297009643, 0.0426202011598456 51.3013288993907))"
E05013990,7939,8.595675977477036,8.595675977477036,8.595675977477036,10.136095564523188,12.280626079298267,12.280626079298267,12.280626079298267,12.280626079298267,16.071035856377474,16.071035856377474,16.071035856377474,16.071035856377474,16.071035856377474,12.787170944548022,12.787170944548022,12.787170944548022,12.787170944548022,12.787170944548022,12.787170944548022,12.787170944548022,0,0,0,0,0,0,0,0,0,Bromley Common & Holwood,Bromley,"POLYGON ((0.0640592264475716 51.3892593578144, 0.0644601874003684 51.3891795226817, 0.0654811954023672 51.3912900234841, 0.0653490491337261 51.3884898566287, 0.0582416831545782 51.3809494072445, 0.0571826535798301 51.3758560013903, 0.0484228409769582 51.3699800316706, 0.0554559850166731 51.3648097519183, 0.0534605615096318 51.360124350535, 0.0481908220380838 51.3598919664779, 0.0457774039659379 51.3525276715863, 0.0364563882741385 51.3476983847259, 0.0313297242923334 51.3519873161321, 0.0380998244984958 51.3592418287877, 0.0334032162261458 51.3679456727923, 0.0352673961290134 51.3776068285897, 0.0307169840085683 51.3869386671996, 0.0254766050199587 51.389074485043, 0.0331410812891265 51.3902795841376, 0.0255019018231169 51.3948640544816, 0.0326194667892938 51.3996190475384, 0.0366876383206751 51.3996659500399, 0.0430122193220348 51.3894482701596, 0.0547484822140963 51.3911127358291, 0.0640592264475716 51.3892593578144))"
E05013991,7167,167.52584028755575,167.52584028755575,167.52584028755575,224.19842779528705,271.6329026096736,271.6329026096736,271.6329026096736,271.6329026096736,27.017252229142315,27.017252229142315,27.017252229142315,27.017252229142315,27.017252229142315,24.202510876145645,24.202510876145645,24.202510876145645,24.202510876145645,24.202510876145645,24.202510876145645,24.202510876145645,0,0,0,0,0,0,0,0,0,Bromley Town,Bromley,"POLYGON ((0.0202024146175681 51.4097453650646, 0.021032711819903 51.4067947530852, 0.0304927535693904 51.4058322408062, 0.029115102815126 51.3996986577608, 0.0326194667892938 51.3996190475384, 0.0255019018231169 51.3948640544816, 0.0331410812891265 51.3902795841376, 0.0254766050199587 51.389074485043, 0.0062864700760802 51.3891159546284, 0.0065025973352148 51.3931001578514, 0.0154502036446931 51.3986072583856, -0.0007276864457055 51.4159120499718, 0.0035502203231076 51.417419572772, 0.0099657144608134 51.4106598401646, 0.0148643000976368 51.4120709605282, 0.0202024146175681 51.4097453650646))"
E05013992,4513,13.060246460983098,13.060246460983098,13.060246460983098,16.036690419627057,19.429631196671632,19.429631196671632,19.429631196671632,19.429631196671632,12.130397962182132,12.130397962182132,12.130397962182132,12.130397962182132,12.130397962182132,11.848923826882462,11.848923826882462,11.848923826882462,11.848923826882462,11.848923826882462,11.848923826882462,11.848923826882462,0,0,0,0,0,0,0,0,0,Chelsfield,Bromley,"POLYGON ((0.147284803129053 51.3670197294473, 0.141287334301148 51.3497791064572, 0.136958109807481 51.3441746039777, 0.119184939635519 51.3442568797725, 0.0931865691082381 51.3458389134343, 0.0859832425574149 51.3574981693775, 0.0916421865310685 51.3698971856165, 0.0947105274870746 51.3662834276232, 0.102346261506038 51.3604072744626, 0.103723883545567 51.3642174707462, 0.113217401456694 51.362860533032, 0.128760509319989 51.3665578147977, 0.128497413016549 51.3719897700634, 0.147284803129053 51.3670197294473))"
E05013993,6557,9.84038104225788,9.84038104225788,9.84038104225788,7.835449954798144,9.49322453062892,9.49322453062892,9.49322453062892,9.49322453062892,13.66286825436921,13.66286825436921,13.66286825436921,13.66286825436921,13.66286825436921,11.692549307271538,11.692549307271538,11.692549307271538,11.692549307271538,11.692549307271538,11.692549307271538,11.692549307271538,0,0,0,0,0,0,0,0,0,Chislehurst,Bromley,"POLYGON ((0.0951282889558978 51.4200833602833, 0.104491396528712 51.4152210873909, 0.100387114820801 51.4095221970007, 0.0885013651943137 51.4064053882791, 0.0997903691955334 51.400139840189, 0.0953919328578075 51.3949795697596, 0.0901453115098945 51.3948681716489, 0.0648628528217693 51.3983394115699, 0.0457645729039595 51.4158415632087, 0.058225702021072 51.4248830083464, 0.0632282244508723 51.4242033374641, 0.0753673382514103 51.4319850061927, 0.0832131044388571 51.4298686449399, 0.0951282889558978 51.4200833602833))"
E05013994,7907,24.117596687901912,24.117596687901912,24.117596687901912,28.04319652297811,33.9763973587962,33.9763973587962,33.9763973587962,33.9763973587962,13.66286825436921,13.66286825436921,13.66286825436921,13.66286825436921,13.66286825436921,12.787170944548022,12.787170944548022,12.787170944548022,12.787170944548022,12.787170944548022,12.787170944548022,12.787170944548022,0,0,0,0,0,0,0,0,0,Clock House,Bromley,"POLYGON ((-0.0327752455175458 51.4064868536285, -0.0412633234539594 51.3990619608077, -0.0504083719131333 51.398023167192, -0.0529643920122607 51.4014610932399, -0.0605596375513959 51.39912319268, -0.0637631964361161 51.401564289624, -0.0685661493447028 51.4038439729772, -0.0595561423859596 51.4086400171114, -0.0552762486712131 51.4064079129349, -0.04677137710152 51.4130495175774, -0.0355871799972287 51.411304721661, -0.0352567864345852 51.415541477775, -0.0288311807468796 51.4113240154211, -0.0327752455175458 51.4064868536285))"
E05013995,6101,67.0484297381254,67.0484297381254,67.0484297381254,16.32710820803091,19.781493730273574,19.781493730273574,19.781493730273574,19.781493730273574,12.787170944548022,12.787170944548022,12.787170944548022,12.787170944548022,12.787170944548022,12.161672866104317,12.161672866104317,12.161672866104317,12.161672866104317,12.161672866104317,12.161672866104317,12.161672866104317,0,0,0,0,0,0,0,0,0,Crystal Palace & Anerley,Bromley,"POLYGON ((-0.0595561423859596 51.4086400171114, -0.0685661493447028 51.4038439729772, -0.0728329633751792 51.4084829872288, -0.0727309874922919 51.4126928310316, -0.0807370147686855 51.4160158409551, -0.0785621211899689 51.4198751949025, -0.0782944939183187 51.420604880078, -0.0739190490332792 51.4261512868959, -0.0718415580276548 51.4262989525999, -0.0622099665407417 51.4217445214863, -0.0600332441155824 51.4181162658604, -0.0659826501314275 51.4116350507985, -0.0595561423859596 51.4086400171114))"
E05013996,2396,3.729524713908384,3.729524713908384,3.729524713908384,5.921841735263937,7.1747472770576834,7.1747472770576834,7.1747472770576834,7.1747472770576834,13.443943926913912,13.443943926913912,13.443943926913912,13.443943926913912,13.443943926913912,11.692549307271538,11.692549307271538,11.692549307271538,11.692549307271538,11.692549307271538,11.692549307271538,11.692549307271538,0,0,0,0,0,0,0,0,0,Darwin,Bromley,"POLYGON ((0.0859832425574149 51.3574981693775, 0.0931865691082381 51.3458389134343, 0.119184939635519 51.3442568797725, 0.116681195400245 51.3413029595856, 0.121684470205226 51.3336363858989, 0.117903916477628 51.3296632259524, 0.104901952974141 51.3274128705861, 0.0850292999070586 51.3160232034922, 0.0828162440315141 51.3056336671173, 0.0911847888867244 51.29682736787, 0.0815796790053177 51.2918392351545, 0.0585102269436989 51.2893537137148, 0.0507898949153548 51.2939868835129, 0.0423988836480159 51.2926788490678, 0.0426202011598456 51.3013288993907, 0.0505054927368812 51.3040297009643, 0.0434486841879276 51.3102645577348, 0.0442119552585779 51.3203097369808, 0.0392618330220282 51.3258991359914, 0.0420931020880295 51.3308905756394, 0.0305718032894627 51.335211697468, 0.0217183811828517 51.327602809869, 0.003311737022468 51.3321555626221, -0.0028917582235421 51.3455226842847, 0.006746983578805 51.3517617680314, 0.0147822100320894 51.3494971834124, 0.0174603383369108 51.3526033851, 0.0364563882741385 51.3476983847259, 0.0457774039659379 51.3525276715863, 0.0481908220380838 51.3598919664779, 0.0534605615096318 51.360124350535, 0.0542598147785248 51.3579205897176, 0.0859832425574149 51.3574981693775))"
E05013997,7287,22.060366241916743,22.060366241916743,22.060366241916743,17.262113246744324,20.914321177450407,20.914321177450407,20.914321177450407,20.914321177450407,16.289960183832772,16.289960183832772,16.289960183832772,16.289960183832772,16.289960183832772,15.75828681715562,15.75828681715562,15.75828681715562,15.75828681715562,15.75828681715562,15.75828681715562,15.75828681715562,0,0,0,0,0,0,0,0,0,Farnborough & Crofton,Bromley,"POLYGON ((0.0916421865310685 51.3698971856165, 0.0859832425574149 51.3574981693775, 0.0542598147785248 51.3579205897176, 0.0534605615096318 51.360124350535, 0.0554559850166731 51.3648097519183, 0.0484228409769582 51.3699800316706, 0.0571826535798301 51.3758560013903, 0.0582416831545782 51.3809494072445, 0.0814670471250293 51.3756363460161, 0.0843370407397565 51.3784097681106, 0.0916421865310685 51.3698971856165))"
E05013998,6093,23.282912892029273,23.282912892029273,23.282912892029273,21.801252037618234,26.413822031395124,26.413822031395124,26.413822031395124,26.413822031395124,11.692549307271538,11.692549307271538,11.692549307271538,11.692549307271538,11.692549307271538,11.692549307271538,11.692549307271538,11.692549307271538,11.692549307271538,11.692549307271538,11.692549307271538,11.692549307271538,0,0,0,0,0,0,0,0,0,Hayes & Coney Hall,Bromley,"POLYGON ((0.0364563882741385 51.3476983847259, 0.0174603383369108 51.3526033851, 0.0147822100320894 51.3494971834124, 0.006746983578805 51.3517617680314, -0.0028917582235421 51.3455226842847, -0.0053063568389843 51.3525782892825, -0.0182606869526157 51.3612525892697, -0.0197559082936985 51.3636151526745, 0.0021735340814097 51.3742762088493, 0.0040453851162886 51.3766646691943, -0.0022270690210173 51.3772532529878, 0.0029680906161275 51.3806359321097, 0.0026895775155796 51.388112001627, 0.0062864700760802 51.3891159546284, 0.0254766050199587 51.389074485043, 0.0307169840085683 51.3869386671996, 0.0352673961290134 51.3776068285897, 0.0334032162261458 51.3679456727923, 0.0380998244984958 51.3592418287877, 0.0313297242923334 51.3519873161321, 0.0364563882741385 51.3476983847259))"
E05013999,6218,44.09968592445233,44.09968592445233,44.09968592445233,52.38769157431719,63.47154555582149,63.47154555582149,63.47154555582149,63.47154555582149,44.09334977065547,44.09334977065547,44.09334977065547,44.09334977065547,44.09334977065547,13.569043542602651,13.569043542602651,13.569043542602651,13.569043542602651,13.569043542602651,13.569043542602651,13.569043542602651,0,0,0,0,0,0,0,0,0,Kelsey & Eden Park,Bromley,"POLYGON ((-0.0112760777861474 51.4011280541315, -0.0092058083372947 51.3991546349154, -0.0180437086117404 51.3991266279922, -0.0134668551141792 51.3917026725515, -0.0203552824443234 51.3850936430025, -0.0228654793518472 51.3869385524179, -0.0267947728464081 51.3793741724316, -0.0367702723228199 51.3769956730507, -0.0364984588922052 51.3884608124397, -0.0534794080280074 51.394918204037, -0.0504083719131333 51.398023167192, -0.0412633234539594 51.3990619608077, -0.0327752455175458 51.4064868536285, -0.0166968804543029 51.4048346652555, -0.0112760777861474 51.4011280541315))"
E05014000,4815,6.768470551611818,6.768470551611818,6.768470551611818,8.12372265905423,9.842488136847066,9.842488136847066,9.842488136847066,9.842488136847066,11.692549307271538,11.692549307271538,11.692549307271538,11.692549307271538,11.692549307271538,14.97641421910099,14.97641421910099,14.97641421910099,14.97641421910099,14.97641421910099,14.97641421910099,14.97641421910099,0,0,0,0,0,0,0,0,0,Mottingham,Bromley,"POLYGON ((0.0398075805941603 51.4409921521125, 0.058225702021072 51.4248830083464, 0.0457645729039595 51.4158415632087, 0.0344268591177783 51.4231374082273, 0.0346253357002274 51.4233710489029, 0.0390548434363448 51.4246712434381, 0.0377249303608997 51.4333465450045, 0.0311740064972053 51.4321041232903, 0.0287022713714477 51.4364064915035, 0.0254022647830115 51.4356896497912, 0.0293852906497411 51.4417054776711, 0.030603467757381 51.4443170256634, 0.0398075805941603 51.4409921521125))"
E05014001,4906,15.547611505865945,15.547611505865945,15.547611505865945,20.46765462613776,24.798070576956047,24.798070576956047,24.798070576956047,24.798070576956047,15.852111528922176,15.852111528922176,15.852111528922176,15.852111528922176,15.852111528922176,14.194541621046358,14.194541621046358,14.194541621046358,14.194541621046358,14.194541621046358,14.194541621046358,14.194541621046358,0,0,0,0,0,0,0,0,0,Orpington,Bromley,"POLYGON ((0.128497413016549 51.3719897700634, 0.128760509319989 51.3665578147977, 0.113217401456694 51.362860533032, 0.103723883545567 51.3642174707462, 0.102346261506038 51.3604072744626, 0.0947105274870746 51.3662834276232, 0.0963917904445464 51.3748925364738, 0.103294784488486 51.3800022175511, 0.107826895461982 51.3823523039398, 0.108892694301444 51.378243264783, 0.1229396469006 51.3767775269606, 0.128497413016549 51.3719897700634))"
E05014002,8864,18.90578317936823,18.90578317936823,18.90578317936823,29.55767123252328,35.81129497751779,35.81129497751779,35.81129497751779,35.81129497751779,32.92820907043533,32.92820907043533,32.92820907043533,32.92820907043533,32.92820907043533,24.98438347420028,24.98438347420028,24.98438347420028,24.98438347420028,24.98438347420028,24.98438347420028,24.98438347420028,0,0,0,0,0,0,0,0,0,Penge & Cator,Bromley,"POLYGON ((-0.0398957175585538 51.4242507167365, -0.0333229125823939 51.4246420827165, -0.0352567864345852 51.415541477775, -0.0355871799972287 51.411304721661, -0.04677137710152 51.4130495175774, -0.0552762486712131 51.4064079129349, -0.0595561423859596 51.4086400171114, -0.0659826501314275 51.4116350507985, -0.0600332441155824 51.4181162658604, -0.0622099665407417 51.4217445214863, -0.0718415580276548 51.4262989525999, -0.0517477708393865 51.422516588637, -0.0398957175585538 51.4242507167365))"
E05014003,7147,32.54236189173165,32.54236189173165,32.54236189173165,42.130126417339014,51.043750121671685,51.043750121671685,51.043750121671685,51.043750121671685,15.63318720146688,15.63318720146688,15.63318720146688,15.63318720146688,15.63318720146688,21.075020483927116,21.075020483927116,21.075020483927116,21.075020483927116,21.075020483927116,21.075020483927116,21.075020483927116,0,0,0,0,0,0,0,0,0,Petts Wood & Knoll,Bromley,"POLYGON ((0.103294784488486 51.3800022175511, 0.0963917904445464 51.3748925364738, 0.0947105274870746 51.3662834276232, 0.0916421865310685 51.3698971856165, 0.0843370407397565 51.3784097681106, 0.0814670471250293 51.3756363460161, 0.0582416831545782 51.3809494072445, 0.0653490491337261 51.3884898566287, 0.0654811954023672 51.3912900234841, 0.0648628528217693 51.3983394115699, 0.0901453115098945 51.3948681716489, 0.0887741198311602 51.3848508748347, 0.103294784488486 51.3800022175511))"
E05014004,5755,14.179153777642188,14.179153777642188,14.179153777642188,17.379636754757435,21.05670956045736,21.05670956045736,21.05670956045736,21.05670956045736,13.225019599458616,13.225019599458616,13.225019599458616,13.225019599458616,13.225019599458616,12.787170944548022,12.787170944548022,12.787170944548022,12.787170944548022,12.787170944548022,12.787170944548022,12.787170944548022,0,0,0,0,0,0,0,0,0,Plaistow,Bromley,"POLYGON ((0.0346253357002274 51.4233710489029, 0.0344268591177783 51.4231374082273, 0.0245492270565805 51.4212289115548, 0.0215599437302222 51.4141242838919, 0.0250857057592995 51.4128875549194, 0.0202024146175681 51.4097453650646, 0.0148643000976368 51.4120709605282, 0.0099657144608134 51.4106598401646, 0.0035502203231076 51.417419572772, 0.008103088725679 51.4230427206124, 0.0204057645381049 51.4268876747026, 0.0254368850735659 51.4289892794779, 0.0346253357002274 51.4233710489029))"
E05014005,7039,15.972925958803716,15.972925958803716,15.972925958803716,19.171187870800264,23.227305646299065,23.227305646299065,23.227305646299065,23.227305646299065,11.692549307271538,11.692549307271538,11.692549307271538,11.692549307271538,11.692549307271538,11.692549307271538,11.692549307271538,11.692549307271538,11.692549307271538,11.692549307271538,11.692549307271538,11.692549307271538,0,0,0,0,0,0,0,0,0,Shortlands & Park Langley,Bromley,"POLYGON ((0.0062864700760802 51.3891159546284, 0.0026895775155796 51.388112001627, 0.0005457279546091 51.3915738568044, -0.0022879854169064 51.3902939288942, -0.0059349611713294 51.3866097063005, -0.0033606495550304 51.3835893702225, -0.0076543414533119 51.3820266579929, -0.0203552824443234 51.3850936430025, -0.0134668551141792 51.3917026725515, -0.0180437086117404 51.3991266279922, -0.0092058083372947 51.3991546349154, -0.0112760777861474 51.4011280541315, -0.0068149509754946 51.4028205828591, -0.0075243982721457 51.4092194468711, -0.0009761091312407 51.4077637731884, -0.0076693655663508 51.4144823192995, -0.0007276864457055 51.4159120499718, 0.0154502036446931 51.3986072583856, 0.0065025973352148 51.3931001578514, 0.0062864700760802 51.3891159546284))"
E05014006,7917,23.94240539221222,23.94240539221222,23.94240539221222,22.77348904276637,27.591758747231793,27.591758747231793,27.591758747231793,27.591758747231793,12.568246617092726,12.568246617092726,12.568246617092726,12.568246617092726,12.568246617092726,17.478406532875812,17.478406532875812,17.478406532875812,17.478406532875812,17.478406532875812,17.478406532875812,17.478406532875812,0,0,0,0,0,0,0,0,0,St Mary Cray,Bromley,"POLYGON ((0.147725410110498 51.3926115078565, 0.153236330910372 51.3780364878889, 0.149600418363283 51.3735826174689, 0.151622150978868 51.3683837981381, 0.147284803129053 51.3670197294473, 0.128497413016549 51.3719897700634, 0.1229396469006 51.3767775269606, 0.108892694301444 51.378243264783, 0.107826895461982 51.3823523039398, 0.103294784488486 51.3800022175511, 0.0887741198311602 51.3848508748347, 0.0901453115098945 51.3948681716489, 0.0953919328578075 51.3949795697596, 0.111874908041232 51.3946561606997, 0.11254960455062 51.3965907972499, 0.147725410110498 51.3926115078565))"
E05014007,7078,17.280625658364034,17.280625658364034,17.280625658364034,50.91665991689173,61.689282393378406,61.689282393378406,61.689282393378406,61.689282393378406,14.97641421910099,14.97641421910099,14.97641421910099,14.97641421910099,14.97641421910099,13.569043542602651,13.569043542602651,13.569043542602651,13.569043542602651,13.569043542602651,13.569043542602651,13.569043542602651,0,0,0,0,0,0,0,0,0,St Paul's Cray,Bromley,"POLYGON ((0.126523294331419 51.4146730331961, 0.148869409057703 51.4084291289611, 0.161313215594569 51.3923697290386, 0.147725410110498 51.3926115078565, 0.11254960455062 51.3965907972499, 0.111874908041232 51.3946561606997, 0.0953919328578075 51.3949795697596, 0.0997903691955334 51.400139840189, 0.0885013651943137 51.4064053882791, 0.100387114820801 51.4095221970007, 0.104491396528712 51.4152210873909, 0.11312430922989 51.4129061187317, 0.126523294331419 51.4146730331961))"
E05014008,5906,22.022083370650336,22.022083370650336,22.022083370650336,30.948924186550222,37.49690036682804,37.49690036682804,37.49690036682804,37.49690036682804,18.47920345838574,18.47920345838574,18.47920345838574,18.47920345838574,18.47920345838574,13.881792581824506,13.881792581824506,13.881792581824506,13.881792581824506,13.881792581824506,13.881792581824506,13.881792581824506,0,0,0,0,0,0,0,0,0,West Wickham,Bromley,"POLYGON ((0.0026895775155796 51.388112001627, 0.0029680906161275 51.3806359321097, -0.0022270690210173 51.3772532529878, 0.0040453851162886 51.3766646691943, 0.0021735340814097 51.3742762088493, -0.0197559082936985 51.3636151526745, -0.0235630177945328 51.365292936192, -0.0267947728464081 51.3793741724316, -0.0228654793518472 51.3869385524179, -0.0203552824443234 51.3850936430025, -0.0076543414533119 51.3820266579929, -0.0033606495550304 51.3835893702225, -0.0059349611713294 51.3866097063005, -0.0022879854169064 51.3902939288942, 0.0005457279546091 51.3915738568044, 0.0026895775155796 51.388112001627))"
E05014009,8054,18.65301453811624,18.65301453811624,18.65301453811624,22.38791108086858,27.12460265696584,27.12460265696584,27.12460265696584,27.12460265696584,52.96973613838842,52.96973613838842,52.96973613838842,52.96973613838842,52.96973613838842,30.35798060264847,30.35798060264847,30.35798060264847,30.35798060264847,30.35798060264847,30.35798060264847,30.35798060264847,0,0,0,0,0,0,0,0,0,Balham,Wandsworth,"POLYGON ((-0.142290783767638 51.4509830376161, -0.145569303178896 51.4460174886133, -0.143594128798335 51.4418376095171, -0.153082757645806 51.4431484769274, -0.164740637529136 51.4470656750888, -0.164876400852363 51.4501950468288, -0.148134014237431 51.4564051495129, -0.147704339813844 51.4523400627371, -0.142290783767638 51.4509830376161))"
E05014010,10121,44.02756532643225,44.02756532643225,44.02756532643225,17.607843862090743,21.33319927347937,21.33319927347937,21.33319927347937,21.33319927347937,29.763757428126947,29.763757428126947,29.763757428126947,29.763757428126947,29.763757428126947,22.852003661324005,22.852003661324005,22.852003661324005,22.852003661324005,22.852003661324005,22.852003661324005,22.852003661324005,0,0,0,0,0,0,0,0,0,Battersea Park,Wandsworth,"MULTIPOLYGON (((-0.170615013391759 51.4815336822333, -0.172383375678463 51.4809843869174, -0.172562502054764 51.4811808782926, -0.170615013391759 51.4815336822333)), ((-0.147643918616426 51.4766265205472, -0.157234192146286 51.4704339383355, -0.164448651558081 51.4704169345479, -0.166607795643976 51.474809399575, -0.17321278330196 51.474897607306, -0.169895228644062 51.4782548253953, -0.17129010950686 51.4797850913634, -0.166275582534315 51.4813175702037, -0.147406293946757 51.4831815068632, -0.147643918616426 51.4766265205472)))"
E05014011,8122,16.978943862100877,16.978943862100877,16.978943862100877,20.37864092450132,24.690223923501307,24.690223923501307,24.690223923501307,24.690223923501307,24.94742222411042,24.94742222411042,24.94742222411042,24.94742222411042,24.94742222411042,22.070131063269375,22.070131063269375,22.070131063269375,22.070131063269375,22.070131063269375,22.070131063269375,22.070131063269375,0,0,0,0,0,0,0,0,0,East Putney,Wandsworth,"POLYGON ((-0.200021954483467 51.4603145012727, -0.196510684378865 51.4529053674075, -0.195808004484826 51.4501042467082, -0.207634951785698 51.449882737682, -0.21095514666457 51.4539729736188, -0.22281275844005 51.4483106575323, -0.216988440857092 51.4611525178643, -0.200021954483467 51.4603145012727))"
E05014012,5461,56.67322572038556,56.67322572038556,56.67322572038556,45.795529567639875,55.484655915444584,55.484655915444584,55.484655915444584,55.484655915444584,43.99383871272124,43.99383871272124,43.99383871272124,43.99383871272124,43.99383871272124,94.31515912351736,94.31515912351736,94.31515912351736,94.31515912351736,94.31515912351736,94.31515912351736,94.31515912351736,0,0,0,0,0,0,0,0,0,Falconbrook,Wandsworth,"POLYGON ((-0.165902578356904 51.465702005848, -0.172418294283389 51.4613148141039, -0.184712903044481 51.4615966411846, -0.175991315077515 51.4695819132647, -0.166802726203065 51.4707293253938, -0.165902578356904 51.465702005848))"
E05014013,7239,18.97354644490361,18.97354644490361,18.97354644490361,22.772623150495345,27.59070965499132,27.59070965499132,27.59070965499132,27.59070965499132,22.977103277012745,22.977103277012745,22.977103277012745,22.977103277012745,22.977103277012745,21.757382024047523,21.757382024047523,21.757382024047523,21.757382024047523,21.757382024047523,21.757382024047523,21.757382024047523,0,0,0,0,0,0,0,0,0,Furzedown,Wandsworth,"POLYGON ((-0.138363403779828 51.430485935607, -0.137825920461977 51.4211062533284, -0.140379469201757 51.4192492641484, -0.144454366216548 51.4177517052053, -0.159857820713139 51.4226280295963, -0.163570405793539 51.4247116654544, -0.159580022929266 51.4254899877636, -0.14902723278705 51.4316712040317, -0.138363403779828 51.430485935607))"
E05014014,6340,35.98708176320507,35.98708176320507,35.98708176320507,17.35351118965339,21.025056514754425,21.025056514754425,21.025056514754425,21.025056514754425,20.350011347549184,20.350011347549184,20.350011347549184,20.350011347549184,20.350011347549184,20.350011347549184,20.350011347549184,20.350011347549184,20.350011347549184,20.350011347549184,20.350011347549184,20.350011347549184,0,0,0,0,0,0,0,0,0,Lavender,Wandsworth,"POLYGON ((-0.149666190968344 51.4612976856336, -0.162475141706203 51.4610435565361, -0.172548395230854 51.4571661306608, -0.173421624302478 51.4591121287673, -0.172418294283389 51.4613148141039, -0.165902578356904 51.465702005848, -0.150532424714838 51.46629748362, -0.149666190968344 51.4612976856336))"
E05014015,4207,727.8057255645946,727.8057255645946,727.8057255645946,786.2591017026239,952.6107925866904,952.6107925866904,952.6107925866904,952.6107925866904,440.9036443891744,440.9036443891744,440.9036443891744,440.9036443891744,440.9036443891744,161.39982803660476,161.39982803660476,161.39982803660476,161.39982803660476,161.39982803660476,161.39982803660476,161.39982803660476,0,0,0,0,0,0,0,0,0,Nine Elms,Wandsworth,"MULTIPOLYGON (((-0.130657115030807 51.4801727635466, -0.133877588240793 51.4756738584431, -0.140529639600206 51.4799309353956, -0.147643918616426 51.4766265205472, -0.147406293946757 51.4831815068632, -0.139801888301078 51.4839317789936, -0.138108765259967 51.4840983082864, -0.136144303705793 51.4842914943563, -0.128430560959041 51.4850497281052, -0.128091958615048 51.4852676612045, -0.126338564335188 51.4844668423445, -0.130657115030807 51.4801727635466)), ((-0.136490890379183 51.4854030742651, -0.138151072157116 51.4848167967882, -0.141875968135479 51.4850274154261, -0.136490890379183 51.4854030742651)))"
E05014016,4888,18.864688518392548,18.864688518392548,18.864688518392548,22.64196858127291,27.432412024512335,27.432412024512335,27.432412024512335,27.432412024512335,20.350011347549184,20.350011347549184,20.350011347549184,20.350011347549184,20.350011347549184,20.350011347549184,20.350011347549184,20.350011347549184,20.350011347549184,20.350011347549184,20.350011347549184,20.350011347549184,0,0,0,0,0,0,0,0,0,Northcote,Wandsworth,"POLYGON ((-0.148134014237431 51.4564051495129, -0.164876400852363 51.4501950468288, -0.164740637529136 51.4470656750888, -0.172548395230854 51.4571661306608, -0.162475141706203 51.4610435565361, -0.149666190968344 51.4612976856336, -0.148134014237431 51.4564051495129))"
E05014017,7124,47.606841485294275,47.606841485294275,47.606841485294275,111.70881652999952,135.34345614966497,135.34345614966497,135.34345614966497,135.34345614966497,63.04025520133208,63.04025520133208,63.04025520133208,63.04025520133208,63.04025520133208,43.80618928918814,43.80618928918814,43.80618928918814,43.80618928918814,43.80618928918814,43.80618928918814,43.80618928918814,0,0,0,0,0,0,0,0,0,Roehampton,Wandsworth,"POLYGON ((-0.239532958192522 51.4648393672552, -0.240543931279271 51.4554681130785, -0.237149786572301 51.4556080312341, -0.234395253638043 51.4443974194394, -0.22281275844005 51.4483106575323, -0.224509604384766 51.4385889243113, -0.251060202228833 51.4325655064198, -0.254066819000282 51.4372901119915, -0.2416054470792 51.4431326263224, -0.259089619978081 51.4549320259913, -0.252892206493031 51.4652165228006, -0.239532958192522 51.4648393672552))"
E05014018,8132,120.64320968183485,120.64320968183485,120.64320968183485,102.69787322488628,124.4260348756226,124.4260348756226,124.4260348756226,124.4260348756226,91.06256911561007,91.06256911561007,91.06256911561007,91.06256911561007,91.06256911561007,54.908780181563905,54.908780181563905,54.908780181563905,54.908780181563905,54.908780181563905,54.908780181563905,54.908780181563905,0,0,0,0,0,0,0,0,0,St Mary's,Wandsworth,"MULTIPOLYGON (((-0.184468950907365 51.4676477779792, -0.185901483695399 51.4673771924397, -0.182357595596313 51.4718128335764, -0.184468950907365 51.4676477779792)), ((-0.169895228644062 51.4782548253953, -0.17321278330196 51.474897607306, -0.166607795643976 51.474809399575, -0.164448651558081 51.4704169345479, -0.166802726203065 51.4707293253938, -0.175991315077515 51.4695819132647, -0.184712903044481 51.4615966411846, -0.19491967231363 51.4606229608846, -0.194915572703195 51.4606616017149, -0.187114608204622 51.4641791529243, -0.177949731420868 51.4706113709546, -0.174155762141814 51.4789091821786, -0.17129010950686 51.4797850913634, -0.169895228644062 51.4782548253953)), ((-0.172383375678463 51.4809843869174, -0.173218830005105 51.4807248611592, -0.172562502054764 51.4811808782926, -0.172383375678463 51.4809843869174)))"
E05014019,7163,15.371142615014644,15.371142615014644,15.371142615014644,43.204014732448385,52.34484488393346,52.34484488393346,52.34484488393346,52.34484488393346,25.823119533931607,25.823119533931607,25.823119533931607,25.823119533931607,25.823119533931607,24.41574885743327,24.41574885743327,24.41574885743327,24.41574885743327,24.41574885743327,24.41574885743327,24.41574885743327,0,0,0,0,0,0,0,0,0,Shaftesbury & Queenstown,Wandsworth,"POLYGON ((-0.133877588240793 51.4756738584431, -0.139716024331777 51.4713680212801, -0.150532424714838 51.46629748362, -0.165902578356904 51.465702005848, -0.166802726203065 51.4707293253938, -0.164448651558081 51.4704169345479, -0.157234192146286 51.4704339383355, -0.147643918616426 51.4766265205472, -0.140529639600206 51.4799309353956, -0.133877588240793 51.4756738584431))"
E05014020,4764,12.535256074072777,12.535256074072777,12.535256074072777,17.755605710240175,21.512223631957244,21.512223631957244,21.512223631957244,21.512223631957244,25.16634655156572,25.16634655156572,25.16634655156572,25.16634655156572,25.16634655156572,23.47750173976771,23.47750173976771,23.47750173976771,23.47750173976771,23.47750173976771,23.47750173976771,23.47750173976771,0,0,0,0,0,0,0,0,0,South Balham,Wandsworth,"POLYGON ((-0.143594128798335 51.4418376095171, -0.135878163725264 51.4420060729284, -0.13746991680484 51.4401540332742, -0.139733177890801 51.4356652865775, -0.135238171436242 51.4303349645787, -0.138363403779828 51.430485935607, -0.14902723278705 51.4316712040317, -0.159581857197941 51.4356738980076, -0.153082757645806 51.4431484769274, -0.143594128798335 51.4418376095171))"
E05014021,5427,18.67386502449425,18.67386502449425,18.67386502449425,22.41293646398131,27.154922751181832,27.154922751181832,27.154922751181832,27.154922751181832,21.225708657370372,21.225708657370372,21.225708657370372,21.225708657370372,21.225708657370372,20.975509425992893,20.975509425992893,20.975509425992893,20.975509425992893,20.975509425992893,20.975509425992893,20.975509425992893,0,0,0,0,0,0,0,0,0,Southfields,Wandsworth,"POLYGON ((-0.191911758920095 51.4501878349677, -0.190020341140797 51.4414735533163, -0.204498219750806 51.438967837622, -0.207634951785698 51.449882737682, -0.195808004484826 51.4501042467082, -0.196510684378865 51.4529053674075, -0.191911758920095 51.4501878349677))"
E05014022,8249,106.51241430456102,106.51241430456102,106.51241430456102,25.747191692999152,31.19461845648168,31.19461845648168,31.19461845648168,31.19461845648168,29.98268175558225,29.98268175558225,29.98268175558225,29.98268175558225,29.98268175558225,23.790250778989563,23.790250778989563,23.790250778989563,23.790250778989563,23.790250778989563,23.790250778989563,23.790250778989563,0,0,0,0,0,0,0,0,0,Thamesfield,Wandsworth,"MULTIPOLYGON (((-0.195098508505635 51.460614034553, -0.194915572703195 51.4606616017149, -0.19491967231363 51.4606229608846, -0.195098508505635 51.460614034553)), ((-0.195098508505635 51.460614034553, -0.200021954483467 51.4603145012727, -0.216988440857092 51.4611525178643, -0.233549098846449 51.4653449480144, -0.232924033408999 51.4716787416289, -0.223642311868644 51.4722316598663, -0.223401522870407 51.4715216738115, -0.215386353473437 51.468431281325, -0.214265733641228 51.4679991340157, -0.211615625773053 51.4664469946666, -0.20931714204621 51.4660909484408, -0.195098508505635 51.460614034553)))"
E05014023,7076,21.11681487400885,21.11681487400885,21.11681487400885,25.345038612628297,30.707380389788803,30.707380389788803,30.707380389788803,30.707380389788803,20.350011347549184,20.350011347549184,20.350011347549184,20.350011347549184,20.350011347549184,20.350011347549184,20.350011347549184,20.350011347549184,20.350011347549184,20.350011347549184,20.350011347549184,20.350011347549184,0,0,0,0,0,0,0,0,0,Tooting Bec,Wandsworth,"POLYGON ((-0.159581857197941 51.4356738980076, -0.14902723278705 51.4316712040317, -0.159580022929266 51.4254899877636, -0.171751680319919 51.4306141742901, -0.170382627912176 51.4345513920911, -0.16752636595722 51.4360206224133, -0.159581857197941 51.4356738980076))"
E05014024,7527,19.29632452773905,19.29632452773905,19.29632452773905,33.82098894643497,40.97661828850228,40.97661828850228,40.97661828850228,40.97661828850228,77.92710946829226,77.92710946829226,77.92710946829226,77.92710946829226,77.92710946829226,84.46356438802898,84.46356438802898,84.46356438802898,84.46356438802898,84.46356438802898,84.46356438802898,84.46356438802898,0,0,0,0,0,0,0,0,0,Tooting Broadway,Wandsworth,"POLYGON ((-0.159580022929266 51.4254899877636, -0.163570405793539 51.4247116654544, -0.159857820713139 51.4226280295963, -0.16157368060006 51.4198639130111, -0.178672821015639 51.4243134205855, -0.184067846895003 51.4263790817244, -0.184229599015785 51.4312752657472, -0.170382627912176 51.4345513920911, -0.171751680319919 51.4306141742901, -0.159580022929266 51.4254899877636))"
E05014025,5308,14.5808214136609,14.5808214136609,14.5808214136609,23.643944774576635,28.64637995644359,28.64637995644359,28.64637995644359,28.64637995644359,29.10698444576106,29.10698444576106,29.10698444576106,29.10698444576106,29.10698444576106,26.60499213198624,26.60499213198624,26.60499213198624,26.60499213198624,26.60499213198624,26.60499213198624,26.60499213198624,0,0,0,0,0,0,0,0,0,Trinity,Wandsworth,"POLYGON ((-0.153082757645806 51.4431484769274, -0.159581857197941 51.4356738980076, -0.16752636595722 51.4360206224133, -0.173601003086521 51.4410967391903, -0.164740637529136 51.4470656750888, -0.153082757645806 51.4431484769274))"
E05014026,4577,55.06727569034345,55.06727569034345,55.06727569034345,41.880383667127575,50.74116839167135,50.74116839167135,50.74116839167135,50.74116839167135,50.12371988146956,50.12371988146956,50.12371988146956,50.12371988146956,50.12371988146956,20.350011347549184,20.350011347549184,20.350011347549184,20.350011347549184,20.350011347549184,20.350011347549184,20.350011347549184,0,0,0,0,0,0,0,0,0,Wandle,Wandsworth,"POLYGON ((-0.177163485652301 51.4532667929086, -0.189847029229653 51.4402784903936, -0.190020341140797 51.4414735533163, -0.191911758920095 51.4501878349677, -0.179003127817546 51.4550477714679, -0.177163485652301 51.4532667929086))"
E05014027,6917,120.35919677936872,120.35919677936872,120.35919677936872,19.599048781922747,23.74569064276987,23.74569064276987,23.74569064276987,23.74569064276987,20.350011347549184,20.350011347549184,20.350011347549184,20.350011347549184,20.350011347549184,20.350011347549184,20.350011347549184,20.350011347549184,20.350011347549184,20.350011347549184,20.350011347549184,20.350011347549184,0,0,0,0,0,0,0,0,0,Wandsworth Common,Wandsworth,"POLYGON ((-0.172548395230854 51.4571661306608, -0.164740637529136 51.4470656750888, -0.173601003086521 51.4410967391903, -0.16752636595722 51.4360206224133, -0.170382627912176 51.4345513920911, -0.184229599015785 51.4312752657472, -0.185736789975447 51.4331638714559, -0.189772073903049 51.4313512240008, -0.189847029229653 51.4402784903936, -0.177163485652301 51.4532667929086, -0.173421624302478 51.4591121287673, -0.172548395230854 51.4571661306608))"
E05014028,9045,135.73628618327905,135.73628618327905,135.73628618327905,117.56054361973736,142.4332543712498,142.4332543712498,142.4332543712498,142.4332543712498,55.59682806785197,55.59682806785197,55.59682806785197,55.59682806785197,55.59682806785197,32.078100318368655,32.078100318368655,32.078100318368655,32.078100318368655,32.078100318368655,32.078100318368655,32.078100318368655,0,0,0,0,0,0,0,0,0,Wandsworth Town,Wandsworth,"POLYGON ((-0.172418294283389 51.4613148141039, -0.173421624302478 51.4591121287673, -0.177163485652301 51.4532667929086, -0.179003127817546 51.4550477714679, -0.191911758920095 51.4501878349677, -0.196510684378865 51.4529053674075, -0.200021954483467 51.4603145012727, -0.195098508505635 51.460614034553, -0.19491967231363 51.4606229608846, -0.184712903044481 51.4615966411846, -0.172418294283389 51.4613148141039))"
E05014029,7081,12.96748018064827,12.96748018064827,12.96748018064827,15.563961129931,18.856884855979192,18.856884855979192,18.856884855979192,18.856884855979192,21.225708657370372,21.225708657370372,21.225708657370372,21.225708657370372,21.225708657370372,20.662760386771037,20.662760386771037,20.662760386771037,20.662760386771037,20.662760386771037,20.662760386771037,20.662760386771037,0,0,0,0,0,0,0,0,0,West Hill,Wandsworth,"POLYGON ((-0.207634951785698 51.449882737682, -0.204498219750806 51.438967837622, -0.209125204284082 51.438302078308, -0.224509604384766 51.4385889243113, -0.22281275844005 51.4483106575323, -0.21095514666457 51.4539729736188, -0.207634951785698 51.449882737682))"
E05014030,7643,11.720100131315244,11.720100131315244,11.720100131315244,14.428206343090956,17.48083430809628,17.48083430809628,17.48083430809628,17.48083430809628,22.977103277012745,22.977103277012745,22.977103277012745,22.977103277012745,22.977103277012745,21.913756543658447,21.913756543658447,21.913756543658447,21.913756543658447,21.913756543658447,21.913756543658447,21.913756543658447,0,0,0,0,0,0,0,0,0,West Putney,Wandsworth,"POLYGON ((-0.216988440857092 51.4611525178643, -0.22281275844005 51.4483106575323, -0.234395253638043 51.4443974194394, -0.237149786572301 51.4556080312341, -0.240543931279271 51.4554681130785, -0.239532958192522 51.4648393672552, -0.233549098846449 51.4653449480144, -0.216988440857092 51.4611525178643))"
E05014053,1515,241.4981276289891,241.4981276289891,241.4981276289891,171.3179471064961,207.56430675847184,207.56430675847184,207.56430675847184,207.56430675847184,195.5109467506041,195.5109467506041,195.5109467506041,195.5109467506041,195.5109467506041,8.361921680247429,8.361921680247429,8.361921680247429,8.361921680247429,8.361921680247429,8.361921680247429,8.361921680247429,0,0,0,0,0,0,0,0,0,Abbey,Barking and Dagenham,"POLYGON ((0.0894165490910369 51.5350902121451, 0.071755706916945 51.5329074163234, 0.0692043369092765 51.5363480056376, 0.0836841632168591 51.537923371507, 0.0894165490910369 51.5350902121451))"
E05014054,3514,14.025022122083382,14.025022122083382,14.025022122083382,53.69487168258811,65.05529050236265,65.05529050236265,65.05529050236265,65.05529050236265,71.59977741090603,71.59977741090603,71.59977741090603,71.59977741090603,71.59977741090603,10.707539474411323,10.707539474411323,10.707539474411323,10.707539474411323,10.707539474411323,10.707539474411323,10.707539474411323,0,0,0,0,0,0,0,0,0,Alibon,Barking and Dagenham,"POLYGON ((0.179216874930637 51.5463653441556, 0.147930129192249 51.5416189763926, 0.147433907337057 51.5511662444262, 0.160842345972456 51.5515426539932, 0.16819210255411 51.5472252277204, 0.179216874930637 51.5463653441556))"
E05014055,3549,479.3737657815889,479.3737657815889,479.3737657815889,595.0545311526549,720.9523773093645,720.9523773093645,720.9523773093645,720.9523773093645,1885.168906050585,1885.168906050585,1885.168906050585,1885.168906050585,1885.168906050585,1610.4188750941876,1610.4188750941876,1610.4188750941876,1610.4188750941876,1610.4188750941876,1610.4188750941876,1610.4188750941876,0,0,0,0,0,0,0,0,0,Barking Riverside,Barking and Dagenham,"POLYGON ((0.141823670011567 51.5156628017307, 0.126345975161068 51.5194462658797, 0.109074895650993 51.5142500213923, 0.100509379900435 51.5145693106894, 0.0977874669614227 51.5159068418711, 0.104667938054651 51.51942661828, 0.109560132037872 51.5301152597158, 0.127451313661159 51.5317277439155, 0.147796432989366 51.5316174509105, 0.141823670011567 51.5156628017307))"
E05014056,2921,190.44667480942545,190.44667480942545,190.44667480942545,336.09289662706806,407.20129019219905,407.20129019219905,407.20129019219905,407.20129019219905,121.73344839816905,121.73344839816905,121.73344839816905,121.73344839816905,121.73344839816905,15.867898621571896,15.867898621571896,15.867898621571896,15.867898621571896,15.867898621571896,15.867898621571896,15.867898621571896,0,0,0,0,0,0,0,0,0,Beam,Barking and Dagenham,"POLYGON ((0.165962964334517 51.5287933748564, 0.162286854013609 51.5213704346659, 0.159048794054703 51.5120717943002, 0.158721674311475 51.5121868028489, 0.143206847940588 51.51532457237, 0.141864531167574 51.5156528103457, 0.141823670011567 51.5156628017307, 0.147796432989366 51.5316174509105, 0.148235977697389 51.5391404584017, 0.165962964334517 51.5287933748564))"
E05014057,3166,9.739530176704363,9.739530176704363,9.739530176704363,11.689678101088,14.162905709894634,14.162905709894634,14.162905709894634,14.162905709894634,5.703554846861682,5.703554846861682,5.703554846861682,5.703554846861682,5.703554846861682,5.703554846861682,5.703554846861682,5.703554846861682,5.703554846861682,5.703554846861682,5.703554846861682,5.703554846861682,0,0,0,0,0,0,0,0,0,Becontree,Barking and Dagenham,"POLYGON ((0.123599662542091 51.5512260229261, 0.108318691080143 51.5521568495689, 0.113272875532401 51.5572667557996, 0.12049159667184 51.5585734675569, 0.119052372388767 51.5630522061295, 0.125029490794605 51.5643413796962, 0.127713225247616 51.5565526125868, 0.123599662542091 51.5512260229261))"
E05014058,5082,26.70895637868672,26.70895637868672,26.70895637868672,41.63368824085068,50.4422787189868,50.4422787189868,50.4422787189868,50.4422787189868,14.460527945073554,14.460527945073554,14.460527945073554,14.460527945073554,14.460527945073554,7.423674562581871,7.423674562581871,7.423674562581871,7.423674562581871,7.423674562581871,7.423674562581871,7.423674562581871,0,0,0,0,0,0,0,0,0,Chadwell Heath,Barking and Dagenham,"POLYGON ((0.149882170153861 51.5970149387024, 0.148564317567698 51.5807742317358, 0.148988110973471 51.5731491306324, 0.130026179761291 51.5707298907394, 0.129194484620115 51.5763125215411, 0.133563787850144 51.5799532389608, 0.12775904041602 51.5816363849018, 0.126386612530658 51.586725221955, 0.141935434696006 51.5965591757346, 0.148206068251708 51.5989684765055, 0.149882170153861 51.5970149387024))"
E05014059,3113,4.643713351381806,4.643713351381806,4.643713351381806,7.5611611322007075,9.160903426648824,9.160903426648824,9.160903426648824,9.160903426648824,8.330646776325244,8.330646776325244,8.330646776325244,8.330646776325244,8.330646776325244,7.267300042970944,7.267300042970944,7.267300042970944,7.267300042970944,7.267300042970944,7.267300042970944,7.267300042970944,0,0,0,0,0,0,0,0,0,Eastbrook & Rush Green,Barking and Dagenham,"POLYGON ((0.185180463309676 51.565513082632, 0.182665429352992 51.5612472537887, 0.190169325302629 51.5527206970396, 0.186012859973718 51.5475347695197, 0.179216874930637 51.5463653441556, 0.16819210255411 51.5472252277204, 0.160842345972456 51.5515426539932, 0.154252851139318 51.5660630855193, 0.154361454105901 51.5661116563254, 0.161896967880093 51.5616078402221, 0.185180463309676 51.565513082632))"
E05014060,5334,18.103457190469356,18.103457190469356,18.103457190469356,26.426364963227627,32.017486879696115,32.017486879696115,32.017486879696115,32.017486879696115,5.703554846861682,5.703554846861682,5.703554846861682,5.703554846861682,5.703554846861682,5.703554846861682,5.703554846861682,5.703554846861682,5.703554846861682,5.703554846861682,5.703554846861682,5.703554846861682,0,0,0,0,0,0,0,0,0,Eastbury,Barking and Dagenham,"POLYGON ((0.127451313661159 51.5317277439155, 0.109560132037872 51.5301152597158, 0.100666829302746 51.5314720382156, 0.0894165490910369 51.5350902121451, 0.0836841632168591 51.537923371507, 0.0935856380883913 51.5376977326625, 0.105672989752187 51.5386567410489, 0.122054624325511 51.5398741772551, 0.127718556569394 51.5388104195042, 0.127451313661159 51.5317277439155))"
E05014061,4027,189.5209509120794,189.5209509120794,189.5209509120794,172.17634069317856,208.6043137907468,208.6043137907468,208.6043137907468,208.6043137907468,11.176663033244102,11.176663033244102,11.176663033244102,11.176663033244102,11.176663033244102,9.14379427830206,9.14379427830206,9.14379427830206,9.14379427830206,9.14379427830206,9.14379427830206,9.14379427830206,0,0,0,0,0,0,0,0,0,Gascoigne,Barking and Dagenham,"POLYGON ((0.100666829302746 51.5314720382156, 0.0804722688736994 51.5276517424409, 0.0725981680026606 51.5307518462806, 0.071755706916945 51.5329074163234, 0.0894165490910369 51.5350902121451, 0.100666829302746 51.5314720382156))"
E05014062,4766,19.949889812436258,19.949889812436258,19.949889812436258,54.66247392495592,66.22761186184152,66.22761186184152,66.22761186184152,66.22761186184152,10.73881437833351,10.73881437833351,10.73881437833351,10.73881437833351,10.73881437833351,8.987419758691134,8.987419758691134,8.987419758691134,8.987419758691134,8.987419758691134,8.987419758691134,8.987419758691134,0,0,0,0,0,0,0,0,0,Goresbrook,Barking and Dagenham,"POLYGON ((0.148235977697389 51.5391404584017, 0.147796432989366 51.5316174509105, 0.127451313661159 51.5317277439155, 0.127718556569394 51.5388104195042, 0.122054624325511 51.5398741772551, 0.127652445355092 51.5403113472158, 0.147930129192249 51.5416189763926, 0.148235977697389 51.5391404584017))"
E05014063,3373,28.40696915229541,28.40696915229541,28.40696915229541,28.13199322831583,34.08398110525799,34.08398110525799,34.08398110525799,34.08398110525799,12.928057652886478,12.928057652886478,12.928057652886478,12.928057652886478,12.928057652886478,10.863913994022251,10.863913994022251,10.863913994022251,10.863913994022251,10.863913994022251,10.863913994022251,10.863913994022251,0,0,0,0,0,0,0,0,0,Heath,Barking and Dagenham,"POLYGON ((0.160842345972456 51.5515426539932, 0.147433907337057 51.5511662444262, 0.146548715395145 51.5567720231445, 0.147950620442736 51.561101040592, 0.154252851139318 51.5660630855193, 0.160842345972456 51.5515426539932))"
E05014064,3918,11.861502342596769,11.861502342596769,11.861502342596769,15.320698345094174,18.562154081138633,18.562154081138633,18.562154081138633,18.562154081138633,7.236025139048759,7.236025139048759,7.236025139048759,7.236025139048759,7.236025139048759,6.798176484138166,6.798176484138166,6.798176484138166,6.798176484138166,6.798176484138166,6.798176484138166,6.798176484138166,0,0,0,0,0,0,0,0,0,Longbridge,Barking and Dagenham,"POLYGON ((0.105672989752187 51.5386567410489, 0.0935856380883913 51.5376977326625, 0.0800670386618112 51.5447735869979, 0.0885001748933943 51.5477416511789, 0.0926023852276276 51.5496485203025, 0.0935230942538902 51.5458592989579, 0.106131021962619 51.5509445459917, 0.109764126474496 51.5454851479221, 0.105672989752187 51.5386567410489))"
E05014065,5545,10.206073625023649,10.206073625023649,10.206073625023649,12.06894343018268,14.622413580731571,14.622413580731571,14.622413580731571,14.622413580731571,5.703554846861682,5.703554846861682,5.703554846861682,5.703554846861682,5.703554846861682,5.703554846861682,5.703554846861682,5.703554846861682,5.703554846861682,5.703554846861682,5.703554846861682,5.703554846861682,0,0,0,0,0,0,0,0,0,Mayesbrook,Barking and Dagenham,"POLYGON ((0.123599662542091 51.5512260229261, 0.121970200897324 51.5473952274099, 0.127652445355092 51.5403113472158, 0.122054624325511 51.5398741772551, 0.105672989752187 51.5386567410489, 0.109764126474496 51.5454851479221, 0.106131021962619 51.5509445459917, 0.107456038951391 51.5520023127734, 0.108318691080143 51.5521568495689, 0.123599662542091 51.5512260229261))"
E05014066,4654,135.18636380937426,135.18636380937426,135.18636380937426,82.38791799384504,99.81902872695493,99.81902872695493,99.81902872695493,99.81902872695493,95.4625291035334,95.4625291035334,95.4625291035334,95.4625291035334,95.4625291035334,50.113918416364754,50.113918416364754,50.113918416364754,50.113918416364754,50.113918416364754,50.113918416364754,50.113918416364754,0,0,0,0,0,0,0,0,0,Northbury,Barking and Dagenham,"POLYGON ((0.0935856380883913 51.5376977326625, 0.0836841632168591 51.537923371507, 0.0692043369092765 51.5363480056376, 0.0682906145065432 51.5442409366187, 0.0683526095040045 51.5443920331686, 0.0800670386618112 51.5447735869979, 0.0935856380883913 51.5376977326625))"
E05014067,5544,16.119335975558,16.119335975558,16.119335975558,31.453424989976085,38.10814023568478,38.10814023568478,38.10814023568478,38.10814023568478,10.519890050878214,10.519890050878214,10.519890050878214,10.519890050878214,10.519890050878214,5.703554846861682,5.703554846861682,5.703554846861682,5.703554846861682,5.703554846861682,5.703554846861682,5.703554846861682,0,0,0,0,0,0,0,0,0,Parsloes,Barking and Dagenham,"POLYGON ((0.147433907337057 51.5511662444262, 0.147930129192249 51.5416189763926, 0.127652445355092 51.5403113472158, 0.121970200897324 51.5473952274099, 0.123599662542091 51.5512260229261, 0.146548715395145 51.5567720231445, 0.147433907337057 51.5511662444262))"
E05014068,2031,14.024885790400043,14.024885790400043,14.024885790400043,20.808363659293732,25.210864656431028,25.210864656431028,25.210864656431028,25.210864656431028,324.2384512943186,324.2384512943186,324.2384512943186,324.2384512943186,324.2384512943186,230.8828630865956,230.8828630865956,230.8828630865956,230.8828630865956,230.8828630865956,230.8828630865956,230.8828630865956,0,0,0,0,0,0,0,0,0,Thames View,Barking and Dagenham,"POLYGON ((0.109560132037872 51.5301152597158, 0.104667938054651 51.51942661828, 0.0977874669614227 51.5159068418711, 0.0975900590798887 51.5160038419298, 0.0969342234120434 51.5163260924743, 0.0926345030692182 51.5256748562494, 0.0805028146733181 51.5276314417187, 0.0804722688736994 51.5276517424409, 0.100666829302746 51.5314720382156, 0.109560132037872 51.5301152597158))"
E05014069,5442,10.209387628894074,10.209387628894074,10.209387628894074,18.035829596552247,21.851735502615917,21.851735502615917,21.851735502615917,21.851735502615917,18.839014494179494,18.839014494179494,18.839014494179494,18.839014494179494,18.839014494179494,9.925666876356692,9.925666876356692,9.925666876356692,9.925666876356692,9.925666876356692,9.925666876356692,9.925666876356692,0,0,0,0,0,0,0,0,0,Valence,Barking and Dagenham,"POLYGON ((0.147950620442736 51.561101040592, 0.146548715395145 51.5567720231445, 0.123599662542091 51.5512260229261, 0.127713225247616 51.5565526125868, 0.125029490794605 51.5643413796962, 0.129324280822724 51.5665254420886, 0.129794598330312 51.561677418857, 0.147950620442736 51.561101040592))"
E05014070,4816,11.535646170109947,11.535646170109947,11.535646170109947,84.49686291814575,102.37417078064856,102.37417078064856,102.37417078064856,102.37417078064856,12.05236034306529,12.05236034306529,12.05236034306529,12.05236034306529,12.05236034306529,10.238415915578544,10.238415915578544,10.238415915578544,10.238415915578544,10.238415915578544,10.238415915578544,10.238415915578544,0,0,0,0,0,0,0,0,0,Village,Barking and Dagenham,"POLYGON ((0.173810423896385 51.5374077943746, 0.16869388588395 51.5311915273274, 0.165962964334517 51.5287933748564, 0.148235977697389 51.5391404584017, 0.147930129192249 51.5416189763926, 0.179216874930637 51.5463653441556, 0.186012859973718 51.5475347695197, 0.173810423896385 51.5374077943746))"
E05014071,4643,11.539692890484348,11.539692890484348,11.539692890484348,59.565920318718035,72.16849820001298,72.16849820001298,72.16849820001298,72.16849820001298,246.52031504768823,246.52031504768823,246.52031504768823,246.52031504768823,246.52031504768823,177.55915189926972,177.55915189926972,177.55915189926972,177.55915189926972,177.55915189926972,177.55915189926972,177.55915189926972,0,0,0,0,0,0,0,0,0,Whalebone,Barking and Dagenham,"POLYGON ((0.154361454105901 51.5661116563254, 0.154252851139318 51.5660630855193, 0.147950620442736 51.561101040592, 0.129794598330312 51.561677418857, 0.129324280822724 51.5665254420886, 0.129659209964429 51.5681112019125, 0.130026179761291 51.5707298907394, 0.148988110973471 51.5731491306324, 0.146703650652822 51.5687966359729, 0.154361454105901 51.5661116563254))"
E05014072,6565,18.64359953002222,18.64359953002222,18.64359953002222,65.20113629601406,78.9959772675424,78.9959772675424,78.9959772675424,78.9959772675424,182.55433375065817,182.55433375065817,182.55433375065817,182.55433375065817,182.55433375065817,10.04196371588427,10.04196371588427,10.04196371588427,10.04196371588427,10.04196371588427,10.04196371588427,10.04196371588427,0,0,0,0,0,0,0,0,0,Abbey Wood,Greenwich,"POLYGON ((0.121298425204924 51.4911056683968, 0.122044684672085 51.4829947438895, 0.124185321945107 51.4768471166998, 0.118471347388007 51.4789031355156, 0.115537534587286 51.4761953890257, 0.10546180200398 51.4809508062282, 0.104380578761512 51.4851190888838, 0.105464926598385 51.4880299671713, 0.101292164755554 51.4876652807075, 0.103581915057689 51.4952978357579, 0.112124077718836 51.4980020224046, 0.120975422868598 51.5008002965361, 0.121298425204924 51.4911056683968))"
E05014073,7328,47.16979409123502,47.16979409123502,47.16979409123502,14.15147367360463,17.145552303674148,17.145552303674148,17.145552303674148,17.145552303674148,10.917661025705458,10.917661025705458,10.917661025705458,10.917661025705458,10.917661025705458,10.511087274717047,10.511087274717047,10.511087274717047,10.511087274717047,10.511087274717047,10.511087274717047,10.511087274717047,0,0,0,0,0,0,0,0,0,Blackheath Westcombe,Greenwich,"POLYGON ((0.0245522088122815 51.474783012632, 0.0293081142690113 51.467239232339, 0.0216476983784873 51.4644678248273, 0.0224358927112675 51.4596258247921, 0.0104476114778738 51.4584831790939, 0.0090947646581884 51.4658730016198, 0.0132655064143929 51.466839070988, 0.0126101832818701 51.469808513071, 0.0165435988886042 51.4691289962971, 0.0179629686411414 51.4738300333226, 0.0121057013588864 51.4731699397913, 0.0014353682573696 51.4821172171635, 0.0201679851384331 51.4843814761716, 0.0245522088122815 51.474783012632))"
E05014074,4713,9.086219651219295,9.086219651219295,9.086219651219295,13.615968088035284,16.49674785842303,16.49674785842303,16.49674785842303,16.49674785842303,13.763677282624318,13.763677282624318,13.763677282624318,13.763677282624318,13.763677282624318,12.70033054927002,12.70033054927002,12.70033054927002,12.70033054927002,12.70033054927002,12.70033054927002,12.70033054927002,0,0,0,0,0,0,0,0,0,Charlton Hornfair,Greenwich,"POLYGON ((0.0488376453338214 51.4795405488378, 0.0482360321445617 51.4724389942229, 0.0245522088122815 51.474783012632, 0.0201679851384331 51.4843814761716, 0.0257663090403909 51.4852656248617, 0.0333684248575768 51.47933700646, 0.0488376453338214 51.4795405488378))"
E05014075,4256,254.36190165536863,254.36190165536863,254.36190165536863,354.9837371485136,430.088934383273,430.088934383273,430.088934383273,430.088934383273,338.8663035537402,338.8663035537402,338.8663035537402,338.8663035537402,338.8663035537402,53.98320372655457,53.98320372655457,53.98320372655457,53.98320372655457,53.98320372655457,53.98320372655457,53.98320372655457,0,0,0,0,0,0,0,0,0,Charlton Village & Riverside,Greenwich,"POLYGON ((0.0497170505069407 51.4848096001529, 0.0520976766888565 51.4801792424425, 0.0488376453338214 51.4795405488378, 0.0333684248575768 51.47933700646, 0.0257663090403909 51.4852656248617, 0.031935408512645 51.4869403521502, 0.0297442950133521 51.4939459388053, 0.0457981285855435 51.4946198892042, 0.0497170505069407 51.4848096001529))"
E05014076,6998,83.43339991108967,83.43339991108967,83.43339991108967,35.99284398202196,43.60798057398005,43.60798057398005,43.60798057398005,43.60798057398005,55.57822382658602,55.57822382658602,55.57822382658602,55.57822382658602,55.57822382658602,10.823836313938902,10.823836313938902,10.823836313938902,10.823836313938902,10.823836313938902,10.823836313938902,10.823836313938902,0,0,0,0,0,0,0,0,0,East Greenwich,Greenwich,"POLYGON ((0.0201679851384331 51.4843814761716, 0.0014353682573696 51.4821172171635, -0.0020423118646536 51.4814052933259, -0.0046185949677715 51.4847311634639, 0.0024734370434119 51.4899452462016, 0.0011858099217924 51.4927305627674, 0.0061595930491175 51.4939492702262, 0.0201679851384331 51.4843814761716))"
E05014077,3515,18.015213681262868,18.015213681262868,18.015213681262868,16.3822714417359,19.848328049478983,19.848328049478983,19.848328049478983,19.848328049478983,10.04196371588427,10.04196371588427,10.04196371588427,10.04196371588427,10.04196371588427,10.04196371588427,10.04196371588427,10.04196371588427,10.04196371588427,10.04196371588427,10.04196371588427,10.04196371588427,0,0,0,0,0,0,0,0,0,Eltham Page,Greenwich,"POLYGON ((0.0455121924375169 51.4640813444021, 0.0511224182707821 51.4554718172023, 0.0478245120454552 51.4514213943033, 0.0321686553740153 51.4528598863938, 0.029960587040036 51.4659048374707, 0.0388143597740181 51.4622897389454, 0.0455121924375169 51.4640813444021))"
E05014078,4385,10.182675487171522,10.182675487171522,10.182675487171522,12.221554478837533,14.807313102659863,14.807313102659863,14.807313102659863,14.807313102659863,10.04196371588427,10.04196371588427,10.04196371588427,10.04196371588427,10.04196371588427,10.04196371588427,10.04196371588427,10.04196371588427,10.04196371588427,10.04196371588427,10.04196371588427,10.04196371588427,0,0,0,0,0,0,0,0,0,Eltham Park & Progress,Greenwich,"POLYGON ((0.0823130742496851 51.4666413163448, 0.0829421247825312 51.4598295046051, 0.0788547966793424 51.4591494486054, 0.0511224182707821 51.4554718172023, 0.0455121924375169 51.4640813444021, 0.054880169541225 51.4706181371379, 0.0601136808925566 51.4703228578618, 0.0610873780553921 51.4653039392779, 0.0702508937195591 51.4666437729369, 0.0735983169736188 51.4637134971149, 0.0823130742496851 51.4666413163448))"
E05014079,6595,59.94499312613324,59.94499312613324,59.94499312613324,142.7799165474539,172.98838153122475,172.98838153122475,172.98838153122475,172.98838153122475,150.59138194218485,150.59138194218485,150.59138194218485,150.59138194218485,150.59138194218485,135.92345200267997,135.92345200267997,135.92345200267997,135.92345200267997,135.92345200267997,135.92345200267997,135.92345200267997,0,0,0,0,0,0,0,0,0,Eltham Town & Avery Hill,Greenwich,"POLYGON ((0.0857406501349546 51.4564482952128, 0.0874267523508626 51.4432843442677, 0.0830184511814382 51.4434199937829, 0.0784620062500198 51.4371180866244, 0.0473220111628598 51.4428305534224, 0.0442885726328351 51.4437488860274, 0.0478245120454552 51.4514213943033, 0.0511224182707821 51.4554718172023, 0.0788547966793424 51.4591494486054, 0.0857406501349546 51.4564482952128))"
E05014080,5089,43.8648409687826,43.8648409687826,43.8648409687826,7.47435617812915,9.055732833495126,9.055732833495126,9.055732833495126,9.055732833495126,13.54475295516902,13.54475295516902,13.54475295516902,13.54475295516902,13.54475295516902,12.387581510048165,12.387581510048165,12.387581510048165,12.387581510048165,12.387581510048165,12.387581510048165,12.387581510048165,0,0,0,0,0,0,0,0,0,Greenwich Creekside,Greenwich,"MULTIPOLYGON (((-0.0093591116245862 51.480110274175, -0.0191561548477685 51.4780970155459, -0.0189825110139239 51.4784668078171, -0.0168340745733652 51.480245580629, -0.0149992974311414 51.481766564696, -0.0178584573832501 51.4832186949746, -0.0109251849859338 51.4839842247306, -0.0093591116245862 51.480110274175)), ((-0.0173252455088245 51.480199654025, -0.0187797879978496 51.4788985179352, -0.0178490863452866 51.480880411133, -0.0263738682450405 51.4815084128844, -0.0243058593901599 51.4852044901356, -0.0170903180449492 51.4804097986413, -0.0173252455088245 51.480199654025)))"
E05014081,4983,21.63435385453768,21.63435385453768,21.63435385453768,20.726072719695903,25.111163124171192,25.111163124171192,25.111163124171192,25.111163124171192,48.57264534801651,48.57264534801651,48.57264534801651,48.57264534801651,48.57264534801651,12.54395602965909,12.54395602965909,12.54395602965909,12.54395602965909,12.54395602965909,12.54395602965909,12.54395602965909,0,0,0,0,0,0,0,0,0,Greenwich Park,Greenwich,"POLYGON ((0.0014353682573696 51.4821172171635, 0.0121057013588864 51.4731699397913, -0.0140435449670907 51.4726756513672, -0.0131062862104897 51.4689401280511, -0.01717853882122 51.4693432634176, -0.0227926007688938 51.4744630495243, -0.0191561548477685 51.4780970155459, -0.0093591116245862 51.480110274175, -0.0109251849859338 51.4839842247306, -0.0047001722932497 51.484671178011, -0.0046185949677715 51.4847311634639, -0.0020423118646536 51.4814052933259, 0.0014353682573696 51.4821172171635))"
E05014082,5738,548.6268273536516,548.6268273536516,548.6268273536516,738.7067030103698,894.9975603715939,894.9975603715939,894.9975603715939,894.9975603715939,1069.6357085995212,1069.6357085995212,1069.6357085995212,1069.6357085995212,1069.6357085995212,864.9414624288186,864.9414624288186,864.9414624288186,864.9414624288186,864.9414624288186,864.9414624288186,864.9414624288186,0,0,0,0,0,0,0,0,0,Greenwich Peninsula,Greenwich,"POLYGON ((0.0297442950133521 51.4939459388053, 0.031935408512645 51.4869403521502, 0.0257663090403909 51.4852656248617, 0.0201679851384331 51.4843814761716, 0.0061595930491175 51.4939492702262, 0.0011858099217924 51.4927305627674, -0.0022401959264253 51.5001398603303, -0.0010054625021441 51.501890474535, 0.0008523840603377 51.5045242753471, 0.0055868739336531 51.5017778650203, 0.0154158417131342 51.4960746978859, 0.0157264207044849 51.4958944519781, 0.0290454308537624 51.4939165468969, 0.0295963849739639 51.4939397187015, 0.0297442950133521 51.4939459388053))"
E05014083,4127,26.39552318672773,26.39552318672773,26.39552318672773,7.467680869307044,9.047645205365905,9.047645205365905,9.047645205365905,9.047645205365905,10.04196371588427,10.04196371588427,10.04196371588427,10.04196371588427,10.04196371588427,10.04196371588427,10.04196371588427,10.04196371588427,10.04196371588427,10.04196371588427,10.04196371588427,10.04196371588427,0,0,0,0,0,0,0,0,0,Kidbrooke Park,Greenwich,"POLYGON ((0.0482360321445617 51.4724389942229, 0.055019278281521 51.4711137771331, 0.054880169541225 51.4706181371379, 0.0455121924375169 51.4640813444021, 0.0388143597740181 51.4622897389454, 0.029960587040036 51.4659048374707, 0.0293081142690113 51.467239232339, 0.0245522088122815 51.474783012632, 0.0482360321445617 51.4724389942229))"
E05014084,2918,220.16381240646737,220.16381240646737,220.16381240646737,195.22206880124563,236.5259102100737,236.5259102100737,236.5259102100737,236.5259102100737,237.28541561448245,237.28541561448245,237.28541561448245,237.28541561448245,237.28541561448245,10.04196371588427,10.04196371588427,10.04196371588427,10.04196371588427,10.04196371588427,10.04196371588427,10.04196371588427,0,0,0,0,0,0,0,0,0,Kidbrooke Village & Sutcliffe,Greenwich,"POLYGON ((0.029960587040036 51.4659048374707, 0.0321686553740153 51.4528598863938, 0.0175448246603692 51.4550327047964, 0.011536448459956 51.4566147913863, 0.0104476114778738 51.4584831790939, 0.0224358927112675 51.4596258247921, 0.0216476983784873 51.4644678248273, 0.0293081142690113 51.467239232339, 0.029960587040036 51.4659048374707))"
E05014085,3592,8.875472943688209,8.875472943688209,8.875472943688209,16.25413072783216,19.693076139809342,19.693076139809342,19.693076139809342,19.693076139809342,10.479812370794864,10.479812370794864,10.479812370794864,10.479812370794864,10.479812370794864,10.198338235495196,10.198338235495196,10.198338235495196,10.198338235495196,10.198338235495196,10.198338235495196,10.198338235495196,0,0,0,0,0,0,0,0,0,Middle Park & Horn Park,Greenwich,"POLYGON ((0.0321686553740153 51.4528598863938, 0.0478245120454552 51.4514213943033, 0.0442885726328351 51.4437488860274, 0.0473220111628598 51.4428305534224, 0.0398075805941603 51.4409921521125, 0.030603467757381 51.4443170256634, 0.0293852906497411 51.4417054776711, 0.0215091392962622 51.4427353133445, 0.0224217069231219 51.4481233118185, 0.0151006526431803 51.4500104436123, 0.01988471490724 51.4507319056202, 0.0175448246603692 51.4550327047964, 0.0321686553740153 51.4528598863938))"
E05014086,5923,29.323507223038625,29.323507223038625,29.323507223038625,38.26675988440241,46.362997114140114,46.362997114140114,46.362997114140114,46.362997114140114,34.78041271833282,34.78041271833282,34.78041271833282,34.78041271833282,34.78041271833282,16.7660680591541,16.7660680591541,16.7660680591541,16.7660680591541,16.7660680591541,16.7660680591541,16.7660680591541,0,0,0,0,0,0,0,0,0,"Mottingham, Coldharbour & New Eltham",Greenwich,"POLYGON ((0.0784620062500198 51.4371180866244, 0.0753673382514103 51.4319850061927, 0.0632282244508723 51.4242033374641, 0.058225702021072 51.4248830083464, 0.0398075805941603 51.4409921521125, 0.0473220111628598 51.4428305534224, 0.0784620062500198 51.4371180866244))"
E05014087,7958,21.543176513448337,21.543176513448337,21.543176513448337,26.39885332170276,31.98415450035499,31.98415450035499,31.98415450035499,31.98415450035499,10.69873669825016,10.69873669825016,10.69873669825016,10.69873669825016,10.69873669825016,10.511087274717047,10.511087274717047,10.511087274717047,10.511087274717047,10.511087274717047,10.511087274717047,10.511087274717047,0,0,0,0,0,0,0,0,0,Plumstead & Glyndon,Greenwich,"POLYGON ((0.104380578761512 51.4851190888838, 0.0905906021305097 51.4808473426507, 0.077874985993578 51.4834067925397, 0.0786676129810434 51.4864887735705, 0.07949718934856 51.4910093376995, 0.0867905461711815 51.489939960713, 0.103581915057689 51.4952978357579, 0.101292164755554 51.4876652807075, 0.105464926598385 51.4880299671713, 0.104380578761512 51.4851190888838))"
E05014088,6091,7.123287558123935,7.123287558123935,7.123287558123935,8.549584740249792,10.358451403691074,10.358451403691074,10.358451403691074,10.358451403691074,10.04196371588427,10.04196371588427,10.04196371588427,10.04196371588427,10.04196371588427,24.11567048086764,24.11567048086764,24.11567048086764,24.11567048086764,24.11567048086764,24.11567048086764,24.11567048086764,0,0,0,0,0,0,0,0,0,Plumstead Common,Greenwich,"POLYGON ((0.115537534587286 51.4761953890257, 0.112484813738233 51.4734178128603, 0.108189973132749 51.47611680777, 0.0982503903001807 51.4754521830986, 0.0870531408704461 51.4699697821688, 0.0722650145859299 51.4788268182719, 0.0730482663716816 51.481863795445, 0.077874985993578 51.4834067925397, 0.0905906021305097 51.4808473426507, 0.104380578761512 51.4851190888838, 0.10546180200398 51.4809508062282, 0.115537534587286 51.4761953890257))"
E05014089,5072,4.906048963083775,4.906048963083775,4.906048963083775,6.249776452140955,7.572064331810279,7.572064331810279,7.572064331810279,7.572064331810279,10.479812370794864,10.479812370794864,10.479812370794864,10.479812370794864,10.479812370794864,10.198338235495196,10.198338235495196,10.198338235495196,10.198338235495196,10.198338235495196,10.198338235495196,10.198338235495196,0,0,0,0,0,0,0,0,0,Shooters Hill,Greenwich,"POLYGON ((0.0730482663716816 51.481863795445, 0.0722650145859299 51.4788268182719, 0.0870531408704461 51.4699697821688, 0.0823130742496851 51.4666413163448, 0.0735983169736188 51.4637134971149, 0.0702508937195591 51.4666437729369, 0.0610873780553921 51.4653039392779, 0.0601136808925566 51.4703228578618, 0.054880169541225 51.4706181371379, 0.055019278281521 51.4711137771331, 0.0570873814545851 51.4763338593958, 0.0623837700339915 51.4760667731493, 0.0669616368929421 51.4822813784587, 0.0730482663716816 51.481863795445))"
E05014090,4744,102.66972665511273,102.66972665511273,102.66972665511273,181.95291995659903,220.4493594007066,220.4493594007066,220.4493594007066,220.4493594007066,149.71568463236366,149.71568463236366,149.71568463236366,149.71568463236366,149.71568463236366,129.82484573785385,129.82484573785385,129.82484573785385,129.82484573785385,129.82484573785385,129.82484573785385,129.82484573785385,0,0,0,0,0,0,0,0,0,Thamesmead Moorings,Greenwich,"POLYGON ((0.120975422868598 51.5008002965361, 0.112124077718836 51.4980020224046, 0.0880276781193185 51.5047645133705, 0.0920521297700356 51.5090081171988, 0.118787744080156 51.5113197929839, 0.120975422868598 51.5008002965361))"
E05014091,4123,152.306965768127,152.306965768127,152.306965768127,189.12771462582316,229.14215140997655,229.14215140997655,229.14215140997655,229.14215140997655,156.0644901285673,156.0644901285673,156.0644901285673,156.0644901285673,156.0644901285673,15.67144642187762,15.67144642187762,15.67144642187762,15.67144642187762,15.67144642187762,15.67144642187762,15.67144642187762,0,0,0,0,0,0,0,0,0,West Thamesmead,Greenwich,"POLYGON ((0.112124077718836 51.4980020224046, 0.103581915057689 51.4952978357579, 0.0867905461711815 51.489939960713, 0.07949718934856 51.4910093376995, 0.0750429611142452 51.4958419664446, 0.0759243680540068 51.4958786849114, 0.0762345446849466 51.4958916044833, 0.0824310970958383 51.4988617114958, 0.0827214381594712 51.499167970453, 0.0839006700998783 51.5004117984515, 0.0880276781193185 51.5047645133705, 0.112124077718836 51.4980020224046))"
E05014092,6336,404.0749276072178,404.0749276072178,404.0749276072178,297.24165115528757,360.1301457543052,360.1301457543052,360.1301457543052,360.1301457543052,98.4873920078242,98.4873920078242,98.4873920078242,98.4873920078242,98.4873920078242,19.26806037292892,19.26806037292892,19.26806037292892,19.26806037292892,19.26806037292892,19.26806037292892,19.26806037292892,0,0,0,0,0,0,0,0,0,Woolwich Arsenal,Greenwich,"POLYGON ((0.07949718934856 51.4910093376995, 0.0786676129810434 51.4864887735705, 0.0628357290991678 51.488455835718, 0.0611039704935613 51.4952603963158, 0.0750429611142452 51.4958419664446, 0.07949718934856 51.4910093376995))"
E05014093,5001,11.172350922778458,11.172350922778458,11.172350922778458,85.50637859613872,103.59727335339984,103.59727335339984,103.59727335339984,103.59727335339984,98.9252406627348,98.9252406627348,98.9252406627348,98.9252406627348,98.9252406627348,17.23519161798688,17.23519161798688,17.23519161798688,17.23519161798688,17.23519161798688,17.23519161798688,17.23519161798688,0,0,0,0,0,0,0,0,0,Woolwich Common,Greenwich,"POLYGON ((0.0786676129810434 51.4864887735705, 0.077874985993578 51.4834067925397, 0.0730482663716816 51.481863795445, 0.0669616368929421 51.4822813784587, 0.0623837700339915 51.4760667731493, 0.0570873814545851 51.4763338593958, 0.055019278281521 51.4711137771331, 0.0482360321445617 51.4724389942229, 0.0488376453338214 51.4795405488378, 0.0520976766888565 51.4801792424425, 0.0497170505069407 51.4848096001529, 0.0628357290991678 51.488455835718, 0.0786676129810434 51.4864887735705))"
E05014094,4965,73.24951857053263,73.24951857053263,73.24951857053263,12.566801803633474,15.22560565660309,15.22560565660309,15.22560565660309,15.22560565660309,12.012282662981942,12.012282662981942,12.012282662981942,12.012282662981942,12.012282662981942,11.29295987277168,11.29295987277168,11.29295987277168,11.29295987277168,11.29295987277168,11.29295987277168,11.29295987277168,0,0,0,0,0,0,0,0,0,Woolwich Dockyard,Greenwich,"POLYGON ((0.0628357290991678 51.488455835718, 0.0497170505069407 51.4848096001529, 0.0457981285855435 51.4946198892042, 0.0611039704935613 51.4952603963158, 0.0628357290991678 51.488455835718))"
E05014095,7081,17.92683673554326,17.92683673554326,17.92683673554326,29.828263761351224,36.13913774944454,36.13913774944454,36.13913774944454,36.13913774944454,117.78128817094972,117.78128817094972,117.78128817094972,117.78128817094972,117.78128817094972,23.92530150047173,23.92530150047173,23.92530150047173,23.92530150047173,23.92530150047173,23.92530150047173,23.92530150047173,0,0,0,0,0,0,0,0,0,Brixton Acre Lane,Lambeth,"POLYGON ((-0.121784354544565 51.4636145433142, -0.114968247256837 51.4629725632468, -0.11567363174803 51.4612350792955, -0.122399972203925 51.4504856397264, -0.13008822929102 51.4526660190475, -0.129278924875413 51.4553959787455, -0.129142580549492 51.4597498478339, -0.129355648486736 51.4640927534971, -0.121784354544565 51.4636145433142))"
E05014096,6997,8.269078370430842,8.269078370430842,8.269078370430842,14.803540857416005,17.935579707420832,17.935579707420832,17.935579707420832,17.935579707420832,60.20419005020664,60.20419005020664,60.20419005020664,60.20419005020664,60.20419005020664,22.830679863195247,22.830679863195247,22.830679863195247,22.830679863195247,22.830679863195247,22.830679863195247,22.830679863195247,0,0,0,0,0,0,0,0,0,Brixton North,Lambeth,"POLYGON ((-0.101507119916213 51.4702816536291, -0.104483277687449 51.4645663882267, -0.114968247256837 51.4629725632468, -0.121784354544565 51.4636145433142, -0.12268822137347 51.466616041799, -0.121062942610765 51.4694588348049, -0.112542709460557 51.4707597564385, -0.101507119916213 51.4702816536291))"
E05014097,6814,11.549242025345528,11.549242025345528,11.549242025345528,74.75569427579579,90.57202774533744,90.57202774533744,90.57202774533744,90.57202774533744,25.833070639725033,25.833070639725033,25.833070639725033,25.833070639725033,25.833070639725033,21.110560147475056,21.110560147475056,21.110560147475056,21.110560147475056,21.110560147475056,21.110560147475056,21.110560147475056,0,0,0,0,0,0,0,0,0,Brixton Rush Common,Lambeth,"POLYGON ((-0.111409267723819 51.4562771776079, -0.110048913544061 51.4457496752338, -0.111078807922243 51.4453592957637, -0.119324730923264 51.4472327595803, -0.121375001594483 51.4442823578564, -0.124429026204309 51.4451632723089, -0.122399972203925 51.4504856397264, -0.11567363174803 51.4612350792955, -0.111409267723819 51.4562771776079))"
E05014098,4344,68.41544813056579,68.41544813056579,68.41544813056579,45.25266914035995,54.826940537937055,54.826940537937055,54.826940537937055,54.826940537937055,22.33028140044028,22.33028140044028,22.33028140044028,22.33028140044028,22.33028140044028,20.954185627864128,20.954185627864128,20.954185627864128,20.954185627864128,20.954185627864128,20.954185627864128,20.954185627864128,0,0,0,0,0,0,0,0,0,Brixton Windrush,Lambeth,"POLYGON ((-0.111409267723819 51.4562771776079, -0.11567363174803 51.4612350792955, -0.114968247256837 51.4629725632468, -0.104483277687449 51.4645663882267, -0.105249458975697 51.4572421910014, -0.111409267723819 51.4562771776079))"
E05014099,4572,55.0596034883132,55.0596034883132,55.0596034883132,15.128433663635349,18.329211263441127,18.329211263441127,18.329211263441127,18.329211263441127,22.54920572789558,22.54920572789558,22.54920572789558,22.54920572789558,22.54920572789558,19.546814951365793,19.546814951365793,19.546814951365793,19.546814951365793,19.546814951365793,19.546814951365793,19.546814951365793,0,0,0,0,0,0,0,0,0,Clapham Common & Abbeville,Lambeth,"POLYGON ((-0.129142580549492 51.4597498478339, -0.129278924875413 51.4553959787455, -0.13696509784768 51.4495792552388, -0.142290783767638 51.4509830376161, -0.147704339813844 51.4523400627371, -0.148134014237431 51.4564051495129, -0.149666190968344 51.4612976856336, -0.143363869043181 51.4612210773374, -0.137268093532534 51.4572012101495, -0.129142580549492 51.4597498478339))"
E05014100,4591,20.803125273204575,20.803125273204575,20.803125273204575,52.61475148004018,63.74664534962616,63.74664534962616,63.74664534962616,63.74664534962616,36.12251403012398,36.12251403012398,36.12251403012398,36.12251403012398,36.12251403012398,43.78486549105937,43.78486549105937,43.78486549105937,43.78486549105937,43.78486549105937,43.78486549105937,43.78486549105937,0,0,0,0,0,0,0,0,0,Clapham East,Lambeth,"POLYGON ((-0.12268822137347 51.466616041799, -0.121784354544565 51.4636145433142, -0.129355648486736 51.4640927534971, -0.129142580549492 51.4597498478339, -0.137268093532534 51.4572012101495, -0.143363869043181 51.4612210773374, -0.131459599842615 51.4642570726188, -0.127028990345536 51.4686224764879, -0.12268822137347 51.466616041799))"
E05014101,5977,89.80051470663528,89.80051470663528,89.80051470663528,107.96198253597048,130.80389089310566,130.80389089310566,130.80389089310566,130.80389089310566,118.8759098082262,118.8759098082262,118.8759098082262,118.8759098082262,118.8759098082262,23.92530150047173,23.92530150047173,23.92530150047173,23.92530150047173,23.92530150047173,23.92530150047173,23.92530150047173,0,0,0,0,0,0,0,0,0,Clapham Park,Lambeth,"POLYGON ((-0.122399972203925 51.4504856397264, -0.124429026204309 51.4451632723089, -0.128476257112166 51.4462100079703, -0.129976951175231 51.4439268631167, -0.135132732163486 51.4479784851321, -0.145569303178896 51.4460174886133, -0.142290783767638 51.4509830376161, -0.13696509784768 51.4495792552388, -0.129278924875413 51.4553959787455, -0.13008822929102 51.4526660190475, -0.122399972203925 51.4504856397264))"
E05014102,7662,9.458734771325306,9.458734771325306,9.458734771325306,54.53857277185884,66.07749649224056,66.07749649224056,66.07749649224056,66.07749649224056,19.265340816066125,19.265340816066125,19.265340816066125,19.265340816066125,19.265340816066125,21.26693466708598,21.26693466708598,21.26693466708598,21.26693466708598,21.26693466708598,21.26693466708598,21.26693466708598,0,0,0,0,0,0,0,0,0,Clapham Town,Lambeth,"POLYGON ((-0.126801554799303 51.4687902816088, -0.127028990345536 51.4686224764879, -0.131459599842615 51.4642570726188, -0.143363869043181 51.4612210773374, -0.149666190968344 51.4612976856336, -0.150532424714838 51.46629748362, -0.139716024331777 51.4713680212801, -0.136665187768218 51.4683724750523, -0.126801554799303 51.4687902816088))"
E05014103,4800,12.296129175675896,12.296129175675896,12.296129175675896,60.47381798086831,73.26848306461514,73.26848306461514,73.26848306461514,73.26848306461514,73.77749835243505,73.77749835243505,73.77749835243505,73.77749835243505,73.77749835243505,17.51394619642375,17.51394619642375,17.51394619642375,17.51394619642375,17.51394619642375,17.51394619642375,17.51394619642375,0,0,0,0,0,0,0,0,0,Gipsy Hill,Lambeth,"POLYGON ((-0.0782944939183187 51.420604880078, -0.0785621211899689 51.4198751949025, -0.0968467856220422 51.4226759472542, -0.0983042430066507 51.4247451776648, -0.0933236646589204 51.4266106497886, -0.09998236731358 51.4313448833956, -0.0893452361180952 51.4320171662847, -0.0782944939183187 51.420604880078))"
E05014104,7012,32.25367653745559,32.25367653745559,32.25367653745559,18.47408574563774,22.382715095261982,22.382715095261982,22.382715095261982,22.382715095261982,24.081676020082657,24.081676020082657,24.081676020082657,24.081676020082657,24.081676020082657,31.900402000628972,31.900402000628972,31.900402000628972,31.900402000628972,31.900402000628972,31.900402000628972,31.900402000628972,0,0,0,0,0,0,0,0,0,Herne Hill & Loughborough Junction,Lambeth,"POLYGON ((-0.09301267911526 51.4720296176339, -0.0911530591297071 51.4675989911969, -0.092246296537589 51.4610557144071, -0.100762534534072 51.4503361147443, -0.110048913544061 51.4457496752338, -0.111409267723819 51.4562771776079, -0.105249458975697 51.4572421910014, -0.104483277687449 51.4645663882267, -0.101507119916213 51.4702816536291, -0.0993646867822417 51.4726430175911, -0.0959751445334567 51.469867430987, -0.09301267911526 51.4720296176339))"
E05014105,7109,7.431671129783993,7.431671129783993,7.431671129783993,37.108011206130506,44.95908777378774,44.95908777378774,44.95908777378774,44.95908777378774,51.00936829708417,51.00936829708417,51.00936829708417,51.00936829708417,51.00936829708417,22.830679863195247,22.830679863195247,22.830679863195247,22.830679863195247,22.830679863195247,22.830679863195247,22.830679863195247,0,0,0,0,0,0,0,0,0,Kennington,Lambeth,"POLYGON ((-0.103270072235539 51.4912554950667, -0.108460594138318 51.4858488370339, -0.104036137322092 51.480903935414, -0.108214348827061 51.4802903184263, -0.110745856637937 51.4813227218587, -0.114618001328784 51.4869366343845, -0.118191666737099 51.4924032727678, -0.111466566638069 51.4964588687304, -0.103270072235539 51.4912554950667))"
E05014106,7382,18.91325615442123,18.91325615442123,18.91325615442123,29.205252122817143,35.38431327810996,35.38431327810996,35.38431327810996,35.38431327810996,40.71992490668522,40.71992490668522,40.71992490668522,40.71992490668522,40.71992490668522,33.15139815751638,33.15139815751638,33.15139815751638,33.15139815751638,33.15139815751638,33.15139815751638,33.15139815751638,0,0,0,0,0,0,0,0,0,Knight's Hill,Lambeth,"POLYGON ((-0.104697424972092 51.4364743378928, -0.09998236731358 51.4313448833956, -0.0933236646589204 51.4266106497886, -0.0983042430066507 51.4247451776648, -0.0968467856220422 51.4226759472542, -0.10596223213748 51.4225943322665, -0.112624082113261 51.4232432373017, -0.114263007780067 51.424261552474, -0.117807197987854 51.43305529161, -0.111205944509231 51.4370778306732, -0.106426720760241 51.4386940389451, -0.107216619087104 51.4353774688826, -0.104697424972092 51.4364743378928))"
E05014107,4853,13.801896802308852,13.801896802308852,13.801896802308852,9.518379347018811,11.532217400433709,11.532217400433709,11.532217400433709,11.532217400433709,17.95179485133434,17.95179485133434,17.95179485133434,17.95179485133434,17.95179485133434,17.670320716034674,17.670320716034674,17.670320716034674,17.670320716034674,17.670320716034674,17.670320716034674,17.670320716034674,0,0,0,0,0,0,0,0,0,Myatt's Fields,Lambeth,"POLYGON ((-0.108214348827061 51.4802903184263, -0.103573328409023 51.478357766964, -0.0993646867822417 51.4726430175911, -0.101507119916213 51.4702816536291, -0.112542709460557 51.4707597564385, -0.112058555092053 51.4784599753408, -0.110745856637937 51.4813227218587, -0.108214348827061 51.4802903184263))"
E05014108,5875,7.6869048491348515,7.6869048491348515,7.6869048491348515,188.65539579211597,228.56990236693576,228.56990236693576,228.56990236693576,228.56990236693576,104.64582852363188,104.64582852363188,104.64582852363188,104.64582852363188,104.64582852363188,29.242035167243227,29.242035167243227,29.242035167243227,29.242035167243227,29.242035167243227,29.242035167243227,29.242035167243227,0,0,0,0,0,0,0,0,0,Oval,Lambeth,"POLYGON ((-0.110745856637937 51.4813227218587, -0.112058555092053 51.4784599753408, -0.118040266923435 51.4765042667131, -0.128442233875154 51.4796255556021, -0.114618001328784 51.4869366343845, -0.110745856637937 51.4813227218587))"
E05014109,4852,9.28568853319947,9.28568853319947,9.28568853319947,12.409823061328051,15.035414352231532,15.035414352231532,15.035414352231532,15.035414352231532,43.12809250869349,43.12809250869349,43.12809250869349,43.12809250869349,43.12809250869349,22.98705438280617,22.98705438280617,22.98705438280617,22.98705438280617,22.98705438280617,22.98705438280617,22.98705438280617,0,0,0,0,0,0,0,0,0,St Martin's,Lambeth,"POLYGON ((-0.111078807922243 51.4453592957637, -0.105131858377571 51.44562488329, -0.104031297232786 51.4406734349916, -0.0980875300847981 51.4394610593063, -0.104697424972092 51.4364743378928, -0.107216619087104 51.4353774688826, -0.106426720760241 51.4386940389451, -0.111205944509231 51.4370778306732, -0.114933129900255 51.437414658191, -0.112907446377258 51.4411306628723, -0.121375001594483 51.4442823578564, -0.119324730923264 51.4472327595803, -0.111078807922243 51.4453592957637))"
E05014110,5042,6.955474184068246,6.955474184068246,6.955474184068246,9.25164106317485,11.209044330086329,11.209044330086329,11.209044330086329,11.209044330086329,18.608567833700235,18.608567833700235,18.608567833700235,18.608567833700235,18.608567833700235,18.295818794478382,18.295818794478382,18.295818794478382,18.295818794478382,18.295818794478382,18.295818794478382,18.295818794478382,0,0,0,0,0,0,0,0,0,Stockwell East,Lambeth,"POLYGON ((-0.112542709460557 51.4707597564385, -0.121062942610765 51.4694588348049, -0.12268822137347 51.466616041799, -0.127028990345536 51.4686224764879, -0.126801554799303 51.4687902816088, -0.118040266923435 51.4765042667131, -0.112058555092053 51.4784599753408, -0.112542709460557 51.4707597564385))"
E05014111,7316,10.423952843349108,10.423952843349108,10.423952843349108,10.88489504486416,13.18785178251932,13.18785178251932,13.18785178251932,13.18785178251932,33.49542210066042,33.49542210066042,33.49542210066042,33.49542210066042,33.49542210066042,22.98705438280617,22.98705438280617,22.98705438280617,22.98705438280617,22.98705438280617,22.98705438280617,22.98705438280617,0,0,0,0,0,0,0,0,0,Stockwell West & Larkhall,Lambeth,"POLYGON ((-0.128442233875154 51.4796255556021, -0.118040266923435 51.4765042667131, -0.126801554799303 51.4687902816088, -0.136665187768218 51.4683724750523, -0.139716024331777 51.4713680212801, -0.133877588240793 51.4756738584431, -0.130657115030807 51.4801727635466, -0.128442233875154 51.4796255556021))"
E05014112,7016,28.418704254142177,28.418704254142177,28.418704254142177,24.89358245237469,30.160408011718975,30.160408011718975,30.160408011718975,30.160408011718975,29.33585987900978,29.33585987900978,29.33585987900978,29.33585987900978,29.33585987900978,18.921316872922084,18.921316872922084,18.921316872922084,18.921316872922084,18.921316872922084,18.921316872922084,18.921316872922084,0,0,0,0,0,0,0,0,0,Streatham Common & Vale,Lambeth,"POLYGON ((-0.114263007780067 51.424261552474, -0.112624082113261 51.4232432373017, -0.126832477078489 51.4126989254858, -0.127722267477981 51.4123206689225, -0.148059824268802 51.412870194636, -0.143228674206665 51.4172592994488, -0.140379469201757 51.4192492641484, -0.137825920461977 51.4211062533284, -0.135574429265887 51.4180961502324, -0.131315231565913 51.4197175439034, -0.129423050513565 51.4266812400818, -0.114263007780067 51.424261552474))"
E05014113,4266,9.94418502479554,9.94418502479554,9.94418502479554,13.92294722680552,16.86867568737692,16.86867568737692,16.86867568737692,16.86867568737692,25.17629765735914,25.17629765735914,25.17629765735914,25.17629765735914,25.17629765735914,19.390440431754868,19.390440431754868,19.390440431754868,19.390440431754868,19.390440431754868,19.390440431754868,19.390440431754868,0,0,0,0,0,0,0,0,0,Streatham Hill East,Lambeth,"POLYGON ((-0.121375001594483 51.4442823578564, -0.112907446377258 51.4411306628723, -0.114933129900255 51.437414658191, -0.111205944509231 51.4370778306732, -0.117807197987854 51.43305529161, -0.126942540416521 51.4381045501755, -0.126905025024339 51.4381660204633, -0.124429026204309 51.4451632723089, -0.121375001594483 51.4442823578564))"
E05014114,4921,9.762130501540298,9.762130501540298,9.762130501540298,11.716803693135962,14.195770361870345,14.195770361870345,14.195770361870345,14.195770361870345,17.51394619642375,17.51394619642375,17.51394619642375,17.51394619642375,17.51394619642375,17.51394619642375,17.51394619642375,17.51394619642375,17.51394619642375,17.51394619642375,17.51394619642375,17.51394619642375,0,0,0,0,0,0,0,0,0,Streatham Hill West & Thornton,Lambeth,"POLYGON ((-0.124429026204309 51.4451632723089, -0.126905025024339 51.4381660204633, -0.13746991680484 51.4401540332742, -0.135878163725264 51.4420060729284, -0.143594128798335 51.4418376095171, -0.145569303178896 51.4460174886133, -0.135132732163486 51.4479784851321, -0.129976951175231 51.4439268631167, -0.128476257112166 51.4462100079703, -0.124429026204309 51.4451632723089))"
E05014115,6879,20.943031805486427,20.943031805486427,20.943031805486427,16.463137329840475,19.946303026930707,19.946303026930707,19.946303026930707,19.946303026930707,49.2579736774418,49.2579736774418,49.2579736774418,49.2579736774418,49.2579736774418,31.900402000628972,31.900402000628972,31.900402000628972,31.900402000628972,31.900402000628972,31.900402000628972,31.900402000628972,0,0,0,0,0,0,0,0,0,Streatham St Leonard's,Lambeth,"POLYGON ((-0.126905025024339 51.4381660204633, -0.126942540416521 51.4381045501755, -0.129541370219416 51.4306417018651, -0.124079284073065 51.4286635523667, -0.129423050513565 51.4266812400818, -0.131315231565913 51.4197175439034, -0.135574429265887 51.4180961502324, -0.137825920461977 51.4211062533284, -0.138363403779828 51.430485935607, -0.135238171436242 51.4303349645787, -0.139733177890801 51.4356652865775, -0.13746991680484 51.4401540332742, -0.126905025024339 51.4381660204633))"
E05014116,4379,10.523188500922984,10.523188500922984,10.523188500922984,12.630248476162652,15.302475971839032,15.302475971839032,15.302475971839032,15.302475971839032,29.33585987900978,29.33585987900978,29.33585987900978,29.33585987900978,29.33585987900978,53.94920926576958,53.94920926576958,53.94920926576958,53.94920926576958,53.94920926576958,53.94920926576958,53.94920926576958,0,0,0,0,0,0,0,0,0,Streatham Wells,Lambeth,"POLYGON ((-0.117807197987854 51.43305529161, -0.114263007780067 51.424261552474, -0.129423050513565 51.4266812400818, -0.124079284073065 51.4286635523667, -0.129541370219416 51.4306417018651, -0.126942540416521 51.4381045501755, -0.117807197987854 51.43305529161))"
E05014117,6367,360.3443160312379,360.3443160312379,360.3443160312379,131.82097617541058,159.71081838300077,159.71081838300077,159.71081838300077,159.71081838300077,35.90358970266868,35.90358970266868,35.90358970266868,35.90358970266868,35.90358970266868,19.703189470976717,19.703189470976717,19.703189470976717,19.703189470976717,19.703189470976717,19.703189470976717,19.703189470976717,0,0,0,0,0,0,0,0,0,Vauxhall,Lambeth,"POLYGON ((-0.118191666737099 51.4924032727678, -0.114618001328784 51.4869366343845, -0.128442233875154 51.4796255556021, -0.130657115030807 51.4801727635466, -0.126338564335188 51.4844668423445, -0.128091958615048 51.4852676612045, -0.125525092498704 51.4869196597682, -0.125070608172031 51.4877256272729, -0.121983303893627 51.4931996945404, -0.118191666737099 51.4924032727678))"
E05014118,5332,181.6393771486698,181.6393771486698,181.6393771486698,36.95347478419713,44.77185552037067,44.77185552037067,44.77185552037067,44.77185552037067,69.6179361307844,69.6179361307844,69.6179361307844,69.6179361307844,69.6179361307844,56.60757609915534,56.60757609915534,56.60757609915534,56.60757609915534,56.60757609915534,56.60757609915534,56.60757609915534,0,0,0,0,0,0,0,0,0,Waterloo & South Bank,Lambeth,"POLYGON ((-0.106474237492275 51.5015707886063, -0.111466566638069 51.4964588687304, -0.118191666737099 51.4924032727678, -0.121983303893627 51.4931996945404, -0.121352821058677 51.4943173909919, -0.118823061311694 51.5038400648419, -0.118324868424955 51.5057269329775, -0.108805057906591 51.5084463004895, -0.108707331712305 51.5084505305689, -0.106474237492275 51.5015707886063))"
E05014119,4975,13.325559537117009,13.325559537117009,13.325559537117009,15.993738782016957,19.377592125253507,19.377592125253507,19.377592125253507,19.377592125253507,22.54920572789558,22.54920572789558,22.54920572789558,22.54920572789558,22.54920572789558,18.452193314089307,18.452193314089307,18.452193314089307,18.452193314089307,18.452193314089307,18.452193314089307,18.452193314089307,0,0,0,0,0,0,0,0,0,West Dulwich,Lambeth,"POLYGON ((-0.0928955380286984 51.4410815836354, -0.0893452361180952 51.4320171662847, -0.09998236731358 51.4313448833956, -0.104697424972092 51.4364743378928, -0.0980875300847981 51.4394610593063, -0.104031297232786 51.4406734349916, -0.105131858377571 51.44562488329, -0.111078807922243 51.4453592957637, -0.110048913544061 51.4457496752338, -0.100762534534072 51.4503361147443, -0.0928955380286984 51.4410815836354))"
E09000001,7323,88.80372664920175,88.80372664920175,88.80372664920175,122.66669701892052,148.61973517144895,148.61973517144895,148.61973517144895,148.61973517144895,125.6625639593404,125.6625639593404,125.6625639593404,125.6625639593404,125.6625639593404,86.47510934484227,86.47510934484227,86.47510934484227,86.47510934484227,86.47510934484227,86.47510934484227,86.47510934484227,0,0,0,0,0,0,0,0,0,,,
